[2026-08-30T12:35:07.714201] [SUCCESS] Query #1: "What does VUT stand for in the Assisted Driving protocol?"
  ├─ Rephrased: "Vehicle Under Test"
  ├─ Retrieved Chunks (10): ['c000001', 'c000163', 'c000458', 'c000251', 'c000245', 'c000175']
  ├─ ReAct Steps: 2 | Latency: 4.75s (Retrieval: 1.69s | Gen: 3.06s)
  └─ Answer Preview: VUT stands for "Vehicle under test" in the Assisted Driving protocol....

[2026-08-30T12:35:11.066797] [SUCCESS] Query #2: "What does GVT stand for in the Assisted Driving protocol?"
  ├─ Rephrased: "Global Vehicle Target"
  ├─ Retrieved Chunks (10): ['c000394', 'c000107', 'c000251', 'c000066', 'c000006', 'c000138']
  ├─ ReAct Steps: 1 | Latency: 3.35s (Retrieval: 0.30s | Gen: 3.05s)
  └─ Answer Preview: GVT stands for Global Vehicle Target in the Assisted Driving protocol, as defined in ISO 19206-3:2021....

[2026-08-30T12:35:23.387102] [SUCCESS] Query #7: "What is the grading requirement to achieve a "VERY GOOD" score in the Highway an"
  ├─ Rephrased: "Highway and Interurban Assist Systems grading requirements VERY GOOD score"
  ├─ Retrieved Chunks (11): ['c000401', 'c000441', 'c000392', 'c000349', 'c000263', 'c000262']
  ├─ ReAct Steps: 2 | Latency: 12.32s (Retrieval: 0.45s | Gen: 11.87s)
  └─ Answer Preview: To achieve a "VERY GOOD" score in the Highway and Interurban Assist Systems grading, the vehicle must excel in multiple aspects of the syste...

[2026-08-30T12:35:27.842779] [SUCCESS] Query #3: "In the Assisted Driving Cut-out test, what does SOV stand for?"
  ├─ Rephrased: "Assisted Driving Cut-out test SOV definition"
  ├─ Retrieved Chunks (13): ['c000438', 'c000201', 'c000464', 'c000209', 'c000463', 'c000276']
  ├─ ReAct Steps: 2 | Latency: 4.46s (Retrieval: 0.41s | Gen: 4.05s)
  └─ Answer Preview: SOV stands for "Speed of Vehicle."...

[2026-08-30T12:35:33.843877] [SUCCESS] Query #8: "How many points are awarded if a system name contains the word "assistant", "ass"
  ├─ Rephrased: "Euro NCAP assistant system points criteria"
  ├─ Retrieved Chunks (11): ['c000458', 'c000001', 'c000036', 'c000038', 'c000246', 'c000212']
  ├─ ReAct Steps: 2 | Latency: 6.00s (Retrieval: 0.37s | Gen: 5.63s)
  └─ Answer Preview: The points for systems named "assistant," "assistance," or "assist" are not specified in the given protocol....

[2026-08-30T12:35:40.519364] [SUCCESS] Query #4: "What is the definition of the Speed Limit Information Function (SLIF)?"
  ├─ Rephrased: "speed limit information function definition"
  ├─ Retrieved Chunks (13): ['c000066', 'c000107', 'c000101', 'c000077', 'c000070', 'c000209']
  ├─ ReAct Steps: 2 | Latency: 6.67s (Retrieval: 0.33s | Gen: 6.34s)
  └─ Answer Preview: The Speed Limit Information Function (SLIF) is a hypothetical function in crash avoidance systems that provides information about speed limi...

[2026-08-30T12:35:46.022187] [SUCCESS] Query #9: "What words are strictly forbidden from being used in a system name under the Ass"
  ├─ Rephrased: "Assisted Driving protocol system name forbidden words"
  ├─ Retrieved Chunks (10): ['c000406', 'c000420', 'c000408', 'c000401', 'c000418', 'c000252']
  ├─ ReAct Steps: 2 | Latency: 5.50s (Retrieval: 0.36s | Gen: 5.14s)
  └─ Answer Preview: The words strictly forbidden from being used in a system name under the Assisted Driving protocol are "auto," "automatic," and "automated," ...

[2026-08-30T12:35:51.819520] [SUCCESS] Query #10: "How many points are awarded if the marketing material correctly describes the sy"
  ├─ Rephrased: "Euro NCAP marketing material system functionality points award criteria"
  ├─ Retrieved Chunks (12): ['c000001', 'c000246', 'c000245', 'c000442', 'c000473', 'c000402']
  ├─ ReAct Steps: 2 | Latency: 5.80s (Retrieval: 0.42s | Gen: 5.38s)
  └─ Answer Preview: No points are awarded for marketing material descriptions as the exact point allocation is not specified in the given context....

[2026-08-30T12:35:58.924736] [SUCCESS] Query #5: "How is Intelligent Adaptive Cruise Control (iACC) defined?"
  ├─ Rephrased: "iACC definition Euro NCAP"
  ├─ Retrieved Chunks (11): ['c000251', 'c000470', 'c000285', 'c000131', 'c000281', 'c000339']
  ├─ ReAct Steps: 2 | Latency: 7.10s (Retrieval: 0.35s | Gen: 6.76s)
  └─ Answer Preview: iACC is a form of adaptive cruise control that adjusts the vehicle's speed according to the manufacturer's indicated speed limits, maintaini...

[2026-08-30T12:36:05.558876] [SUCCESS] Query #11: "What is the total point value available for the Continuous System Status Indicat"
  ├─ Rephrased: "CSSI total point value Euro NCAP"
  ├─ Retrieved Chunks (12): ['c000246', 'c000458', 'c000245', 'c000001', 'c000251', 'c000279']
  ├─ ReAct Steps: 2 | Latency: 6.63s (Retrieval: 0.39s | Gen: 6.25s)
  └─ Answer Preview: The total point value available for the Continuous System Status Indicator (CSSI) is not explicitly stated but is likely included in the bro...

[2026-08-30T12:36:11.221412] [SUCCESS] Query #6: "What is the minimum design maximum speed for a Real Motorcycle target used in Bl"
  ├─ Rephrased: "Real Motorcycle target speed for Blind-Spot Monitoring Tests"
  ├─ Retrieved Chunks (11): ['c000004', 'c000209', 'c000083', 'c000099', 'c000201', 'c000180']
  ├─ ReAct Steps: 2 | Latency: 5.66s (Retrieval: 0.43s | Gen: 5.23s)
  └─ Answer Preview: There is no explicit mention of the minimum design maximum speed for a Real Motorcycle target in Blind-Spot Monitoring Tests within the prov...

[2026-08-30T12:36:13.662070] [SUCCESS] Query #14: "How many points are awarded for a system that robustly detects if the driver's h"
  ├─ Rephrased: "Euro NCAP Assisted Mode Hand Detection Points"
  ├─ Retrieved Chunks (10): ['c000036', 'c000262', 'c000038', 'c000349', 'c000251', 'c000416']
  ├─ ReAct Steps: 1 | Latency: 2.44s (Retrieval: 0.40s | Gen: 2.04s)
  └─ Answer Preview: 5 points are awarded for a system that robustly detects if the driver's hands are on the steering wheel during Assisted Mode....

[2026-08-30T12:36:17.941689] [SUCCESS] Query #20: "What is the target Distance To Lane Edge (DTLE) for the steering amplitude in th"
  ├─ Rephrased: "Partial Lane Change Test DTLE target steering amplitude"
  ├─ Retrieved Chunks (10): ['c000428', 'c000066', 'c000426', 'c000125', 'c000449', 'c000158']
  ├─ ReAct Steps: 2 | Latency: 4.28s (Retrieval: 0.40s | Gen: 3.88s)
  └─ Answer Preview: The target Distance To Lane Edge (DTLE) for the steering amplitude in the Partial Lane Change Test is -50±5 cm....

[2026-08-30T12:36:21.521219] [SUCCESS] Query #13: "What is the recommended decibel range for an additional acoustic indication duri"
  ├─ Rephrased: "recommended decibel range additional acoustic indication system status change"
  ├─ Retrieved Chunks (10): ['c000413', 'c000410', 'c000246', 'c000444', 'c000411', 'c000415']
  ├─ ReAct Steps: 1 | Latency: 3.58s (Retrieval: 0.42s | Gen: 3.16s)
  └─ Answer Preview: The recommended decibel range for an additional acoustic indication during a system status change is 50~90 dB....

[2026-08-30T12:36:24.954446] [SUCCESS] Query #17: "What is the maximum time window within which repetitive distractions will trigge"
  ├─ Rephrased: "Assisted Mode lock-out repetitive distractions maximum time window"
  ├─ Retrieved Chunks (10): ['c000423', 'c000330', 'c000417', 'c000252', 'c000349', 'c000416']
  ├─ ReAct Steps: 1 | Latency: 2.99s (Retrieval: 0.42s | Gen: 2.57s)
  └─ Answer Preview: The maximum time window within which repetitive distractions will trigger an Assisted Mode lock-out is 30 minutes....

[2026-08-30T12:36:28.202076] [SUCCESS] Query #12: "What specific color must be used on the Continuous System Status Indicator to de"
  ├─ Rephrased: "Continuous System Status Indicator color Assisted Mode Euro NCAP"
  ├─ Retrieved Chunks (10): ['c000412', 'c000200', 'c000245', 'c000404', 'c000216', 'c000410']
  ├─ ReAct Steps: 2 | Latency: 3.25s (Retrieval: 0.44s | Gen: 2.81s)
  └─ Answer Preview: The specific color used on the Continuous System Status Indicator to denote Assisted Mode is Green....

[2026-08-30T12:36:31.100694] [SUCCESS] Query #23: "What Time To Collision (TTC) is used for the Cut-out tests to verify Safety Back"
  ├─ Rephrased: "TTC used for Cut-out tests Safety Backup verification"
  ├─ Retrieved Chunks (10): ['c000330', 'c000179', 'c000099', 'c000278', 'c000276', 'c000178']
  ├─ ReAct Steps: 1 | Latency: 2.90s (Retrieval: 0.44s | Gen: 2.46s)
  └─ Answer Preview: The Time To Collision (TTC) used for the Cut-out tests to verify Safety Backup is 2 seconds....

[2026-08-30T12:36:36.273168] [SUCCESS] Query #18: "What frequency is applied when steering the full sine wave during the Pothole Te"
  ├─ Rephrased: "Pothole Test steering frequency full sine wave"
  ├─ Retrieved Chunks (10): ['c000426', 'c000427', 'c000253', 'c000470', 'c000255', 'c000038']
  ├─ ReAct Steps: 2 | Latency: 5.17s (Retrieval: 0.41s | Gen: 4.76s)
  └─ Answer Preview: The frequency applied when steering the full sine wave during the Pothole Test is 0.25Hz....

[2026-08-30T12:36:39.059517] [SUCCESS] Query #25: "How long must a vehicle be driven with a blocked sensor before attempting an ass"
  ├─ Rephrased: "blocked sensor duration before assistance system activation at start-up"
  ├─ Retrieved Chunks (10): ['c000447', 'c000448', 'c000441', 'c000449', 'c000269', 'c000450']
  ├─ ReAct Steps: 1 | Latency: 2.79s (Retrieval: 0.42s | Gen: 2.36s)
  └─ Answer Preview: The vehicle must be driven for 2 minutes at the minimum speed to attempt an assistance system activation at start-up after a sensor is block...

[2026-08-30T12:36:43.395846] [SUCCESS] Query #24: "What is the total maximum sub-points available for the Car-to-Car Rear Stationar"
  ├─ Rephrased: "CCRS test sub-points ACC/AEB evaluation"
  ├─ Retrieved Chunks (10): ['c000201', 'c000276', 'c000460', 'c000179', 'c000279', 'c000468']
  ├─ ReAct Steps: 1 | Latency: 3.34s (Retrieval: 0.41s | Gen: 2.93s)
  └─ Answer Preview: The total maximum sub-points available for the Car-to-Car Rear Stationary (CCRs) test in the ACC/AEB evaluation is 8....

[2026-08-30T12:36:47.268033] [SUCCESS] Query #29: "How many bonus points are awarded for an advanced response that changes lanes to"
  ├─ Rephrased: "Euro NCAP bonus points lane change emergency lane unresponsive driver"
  ├─ Retrieved Chunks (10): ['c000454', 'c000330', 'c000277', 'c000387', 'c000270', 'c000209']
  ├─ ReAct Steps: 1 | Latency: 3.87s (Retrieval: 0.46s | Gen: 3.41s)
  └─ Answer Preview: 5 points...

[2026-08-30T12:36:50.153355] [SUCCESS] Query #27: "How many points are awarded to systems able to successfully provide a warning an"
  ├─ Rephrased: "Euro NCAP sleep detection warning and intervention points GVT"
  ├─ Retrieved Chunks (10): ['c000453', 'c000284', 'c000315', 'c000330', 'c000183', 'c000202']
  ├─ ReAct Steps: 1 | Latency: 2.41s (Retrieval: 0.43s | Gen: 1.99s)
  └─ Answer Preview: 5 points are awarded to systems able to successfully provide a warning and intervention immediately after detecting sleep....

[2026-08-30T12:37:00.322650] [SUCCESS] Query #19: "What is the target Distance To Lane Edge (DTLE) for the steering amplitude in th"
  ├─ Rephrased: "target DTLE for steering amplitude in Pothole Test GVT"
  ├─ Retrieved Chunks (11): ['c000427', 'c000426', 'c000253', 'c000470', 'c000271', 'c000016']
  ├─ ReAct Steps: 2 | Latency: 9.65s (Retrieval: 0.44s | Gen: 9.21s)
  └─ Answer Preview: The target Distance To Lane Edge (DTLE) for the steering amplitude in the Pothole Test is +15 ±5cm....

[2026-08-30T12:37:07.704498] [SUCCESS] Query #34: "What does PBC stand for in the Frontal Collisions protocol?"
  ├─ Rephrased: "PBC meaning in Frontal Collisions protocol"
  ├─ Retrieved Chunks (10): ['c000148', 'c000144', 'c000019', 'c000152', 'c000251', 'c000138']
  ├─ ReAct Steps: 2 | Latency: 7.38s (Retrieval: 0.41s | Gen: 6.97s)
  └─ Answer Preview: PBC stands for Pedestrian-Bicycle Collision in the context of Euro NCAP Frontal Collisions protocol, referring specifically to car-to-pedest...

[2026-08-30T12:37:11.529947] [SUCCESS] Query #28: "How many points are awarded if an unresponsive driver is detected by indirect se"
  ├─ Rephrased: "Euro NCAP indirect sensing unresponsive driver prolonged steering inactivity points"
  ├─ Retrieved Chunks (10): ['c000454', 'c000269', 'c000101', 'c000330', 'c000124', 'c000451']
  ├─ ReAct Steps: 1 | Latency: 3.82s (Retrieval: 0.46s | Gen: 3.36s)
  └─ Answer Preview: 10 points are awarded if an unresponsive driver is detected by indirect sensing such as prolonged steering inactivity....

[2026-08-30T12:37:16.413964] [SUCCESS] Query #30: "To score 5 points in the S-Bend test, an LKA intervention must prevent the vehic"
  ├─ Rephrased: "S-Bend test LKA intervention maximum lane crossing distance 5 points"
  ├─ Retrieved Chunks (10): ['c000470', 'c000305', 'c000327', 'c000191', 'c000201', 'c000383']
  ├─ ReAct Steps: 1 | Latency: 4.37s (Retrieval: 0.49s | Gen: 3.88s)
  └─ Answer Preview: To score 5 points in the S-Bend test, an LKA intervention must prevent the vehicle from crossing the lane marking by more than 0.4 meters....

[2026-08-30T12:37:21.036845] [SUCCESS] Query #26: "How many points are awarded to systems able to successfully provide a warning an"
  ├─ Rephrased: "Euro NCAP microsleep detection warning intervention points"
  ├─ Retrieved Chunks (10): ['c000452', 'c000330', 'c000269', 'c000236', 'c000007', 'c000178']
  ├─ ReAct Steps: 1 | Latency: 4.62s (Retrieval: 0.40s | Gen: 4.23s)
  └─ Answer Preview: 5 points are awarded to systems able to successfully provide a visual + acoustic/haptic warning and increase the ACC time headway (and/or ot...

[2026-08-30T12:37:23.745836] [SUCCESS] Query #36: "Which ISO standard specifies the Euro NCAP Pedestrian Target (EPTa)?"
  ├─ Rephrased: "ISO standard for Euro NCAP Pedestrian Target (EPTa) specifications"
  ├─ Retrieved Chunks (10): ['c000394', 'c000251', 'c000232', 'c000006', 'c000030', 'c000028']
  ├─ ReAct Steps: 1 | Latency: 2.71s (Retrieval: 0.53s | Gen: 2.18s)
  └─ Answer Preview: ISO 19206-2:2018...

[2026-08-30T12:37:29.703117] [SUCCESS] Query #33: "What defines a Transient driver state?"
  ├─ Rephrased: "Transient driver state definition Euro NCAP"
  ├─ Retrieved Chunks (10): ['c000398', 'c000279', 'c000341', 'c000349', 'c000443', 'c000101']
  ├─ ReAct Steps: 2 | Latency: 5.96s (Retrieval: 0.37s | Gen: 5.59s)
  └─ Answer Preview: A Transient driver state refers to a temporary condition where the driver's focus is reduced but not to the extent that it fully impairs the...

[2026-08-30T12:37:36.163250] [SUCCESS] Query #38: "What does CPFA stand for?"
  ├─ Rephrased: "Child Pedestrian Frontal Area"
  ├─ Retrieved Chunks (13): ['c000022', 'c000019', 'c000100', 'c000211', 'c000085', 'c000088']
  ├─ ReAct Steps: 2 | Latency: 6.46s (Retrieval: 0.38s | Gen: 6.08s)
  └─ Answer Preview: CPFA is not defined in the current context provided by Euro NCAP protocols....

[2026-08-30T12:37:41.861715] [SUCCESS] Query #16: "How many repetitive visual distraction instances lead to a controllable Assisted"
  ├─ Rephrased: "repetitive visual distraction instances controllable Assisted Mode lock-out Euro NCAP"
  ├─ Retrieved Chunks (10): ['c000423', 'c000417', 'c000252', 'c000163', 'c000349', 'c000330']
  ├─ ReAct Steps: 2 | Latency: 5.70s (Retrieval: 0.53s | Gen: 5.17s)
  └─ Answer Preview: 3 repetitive visual distraction instances lead to a controllable Assisted Mode lock-out....

[2026-08-30T12:37:48.314698] [SUCCESS] Query #40: "What is the required measurement accuracy for VUT and target speed?"
  ├─ Rephrased: "VUT measurement accuracy target speed Euro NCAP"
  ├─ Retrieved Chunks (12): ['c000305', 'c000310', 'c000285', 'c000201', 'c000202', 'c000191']
  ├─ ReAct Steps: 2 | Latency: 6.45s (Retrieval: 0.42s | Gen: 6.03s)
  └─ Answer Preview: Required measurement accuracy for VUT and target speed is ±1mm for distances and ±1ms for time intervals....

[2026-08-30T12:37:55.093793] [SUCCESS] Query #37: "How is Vehicle width defined in the Frontal Collisions protocol?"
  ├─ Rephrased: "Vehicle width definition Frontal Collisions protocol"
  ├─ Retrieved Chunks (10): ['c000101', 'c000070', 'c000019', 'c000118', 'c000106', 'c000107']
  ├─ ReAct Steps: 2 | Latency: 6.78s (Retrieval: 0.39s | Gen: 6.39s)
  └─ Answer Preview: Vehicle width in the Euro NCAP Frontal Collisions protocol is defined as the distance between the outermost edges of the left and right side...

[2026-08-30T12:38:00.779381] [SUCCESS] Query #45: "Within what ambient temperature range must Frontal Collision tests be conducted?"
  ├─ Rephrased: "Frontal Collision test ambient temperature range"
  ├─ Retrieved Chunks (10): ['c000209', 'c000251', 'c000114', 'c000026', 'c000028', 'c000216']
  ├─ ReAct Steps: 2 | Latency: 5.68s (Retrieval: 0.37s | Gen: 5.31s)
  └─ Answer Preview: The ambient temperature range for conducting Frontal Collision tests is between 15°C to 35°C....

[2026-08-30T12:38:06.832473] [SUCCESS] Query #48: "What is the minimum ambient illumination required for daylight testing?"
  ├─ Rephrased: "minimum ambient illumination daylight testing Euro NCAP"
  ├─ Retrieved Chunks (12): ['c000114', 'c000209', 'c000163', 'c000115', 'c000191', 'c000216']
  ├─ ReAct Steps: 2 | Latency: 6.05s (Retrieval: 0.39s | Gen: 5.66s)
  └─ Answer Preview: The minimum ambient illumination required for daylight testing is sufficient natural light to clearly illuminate the test area and ensure vi...

[2026-08-30T12:38:10.443876] [SUCCESS] Query #42: "What is the maximum permitted longitudinal slope for the test track surface?"
  ├─ Rephrased: "maximum permitted longitudinal slope test track surface Euro NCAP"
  ├─ Retrieved Chunks (12): ['c000178', 'c000158', 'c000276', 'c000179', 'c000101', 'c000209']
  ├─ ReAct Steps: 2 | Latency: 3.61s (Retrieval: 0.43s | Gen: 3.18s)
  └─ Answer Preview: maximum longitudinal slope of ±1%...

[2026-08-30T12:38:15.598147] [SUCCESS] Query #50: "What is the required interior load mass that is added to the unladen kerb mass f"
  ├─ Rephrased: "interior_load_mass_test_kerb_mass"
  ├─ Retrieved Chunks (13): ['c000022', 'c000107', 'c000019', 'c000202', 'c000158', 'c000115']
  ├─ ReAct Steps: 2 | Latency: 5.15s (Retrieval: 0.42s | Gen: 4.73s)
  └─ Answer Preview: The required interior load mass added to the unladen kerb mass for testing is typically around 100 kg....

[2026-08-30T12:38:20.424018] [SUCCESS] Query #43: "What is the maximum permitted lateral slope for the test track surface?"
  ├─ Rephrased: "maximum permitted lateral slope test track surface Euro NCAP"
  ├─ Retrieved Chunks (12): ['c000178', 'c000276', 'c000179', 'c000279', 'c000183', 'c000049']
  ├─ ReAct Steps: 2 | Latency: 4.83s (Retrieval: 0.44s | Gen: 4.39s)
  └─ Answer Preview: maximum lateral slope of ±3%...

[2026-08-30T12:38:24.013608] [SUCCESS] Query #51: "What is the Time Headway used for Car-to-Car Rear Braking (CCRb) scenarios?"
  ├─ Rephrased: "Time Headway CCRb scenarios Euro NCAP"
  ├─ Retrieved Chunks (10): ['c000107', 'c000201', 'c000038', 'c000101', 'c000200', 'c000144']
  ├─ ReAct Steps: 2 | Latency: 3.59s (Retrieval: 0.42s | Gen: 3.17s)
  └─ Answer Preview: The Time Headway used for Car-to-Car Rear Braking (CCRb) scenarios is ±0.5 seconds....

[2026-08-30T12:38:28.636201] [SUCCESS] Query #39: "At what frequency must all dynamic data be sampled and recorded?"
  ├─ Rephrased: "Euro NCAP dynamic data sampling frequency"
  ├─ Retrieved Chunks (10): ['c000202', 'c000175', 'c000194', 'c000022', 'c000191', 'c000310']
  ├─ ReAct Steps: 2 | Latency: 4.62s (Retrieval: 0.37s | Gen: 4.25s)
  └─ Answer Preview: The exact sampling frequency for dynamic data is not specified; refer to the full Euro NCAP protocol document or relevant industry standards...

[2026-08-30T12:38:34.715619] [SUCCESS] Query #47: "What is the maximum allowable wind speed during Frontal Collision testing?"
  ├─ Rephrased: "Frontal Collision testing wind speed limit"
  ├─ Retrieved Chunks (12): ['c000178', 'c000183', 'c000114', 'c000209', 'c000066', 'c000088']
  ├─ ReAct Steps: 2 | Latency: 6.08s (Retrieval: 0.38s | Gen: 5.70s)
  └─ Answer Preview: The maximum allowable wind speed during Frontal Collision testing is generally 5 m/s....

[2026-08-30T12:38:41.681393] [SUCCESS] Query #41: "What type of filter must be applied to acceleration, yaw rate, and steering whee"
  ├─ Rephrased: "acceleration yaw_rate steering_wheel_velocity data_filter"
  ├─ Retrieved Chunks (13): ['c000036', 'c000191', 'c000201', 'c000196', 'c000251', 'c000039']
  ├─ ReAct Steps: 2 | Latency: 6.97s (Retrieval: 0.43s | Gen: 6.54s)
  └─ Answer Preview: Digital filters, specifically low-pass and high-pass filters, must be applied to acceleration, yaw rate, and steering wheel velocity data....

[2026-08-30T12:38:50.213548] [SUCCESS] Query #52: "What is the target deceleration used for Car-to-Car Rear Braking (CCRb) scenario"
  ├─ Rephrased: "CCRb target deceleration GVT"
  ├─ Retrieved Chunks (12): ['c000200', 'c000088', 'c000019', 'c000251', 'c000201', 'c000036']
  ├─ ReAct Steps: 2 | Latency: 8.53s (Retrieval: 0.40s | Gen: 8.13s)
  └─ Answer Preview: The target deceleration for Car-to-Car Rear Braking (CCRb) scenarios is likely within the range of ±2 m/s², based on the specified accelerat...

[2026-08-30T12:38:55.241903] [SUCCESS] Query #49: "To what capacity must the fuel tank be filled before measuring the unladen kerb "
  ├─ Rephrased: "fuel tank capacity before unladen kerb mass measurement"
  ├─ Retrieved Chunks (11): ['c000178', 'c000070', 'c000183', 'c000209', 'c000200', 'c000201']
  ├─ ReAct Steps: 2 | Latency: 5.03s (Retrieval: 0.42s | Gen: 4.60s)
  └─ Answer Preview: The fuel tank must be nearly empty before measuring the unladen kerb mass....

[2026-08-30T12:39:06.853407] [SUCCESS] Query #53: "What is the minimum speed from which an AEB Pedestrian system must operate in th"
  ├─ Rephrased: "AEB Pedestrian CPNA-75 minimum operating speed"
  ├─ Retrieved Chunks (11): ['c000182', 'c000183', 'c000064', 'c000107', 'c000066', 'c000109']
  ├─ ReAct Steps: 2 | Latency: 11.61s (Retrieval: 0.47s | Gen: 11.14s)
  └─ Answer Preview: The minimum speed from which an AEB Pedestrian system must operate in the CPNA-75 scenario is 60 km/h....

[2026-08-30T12:39:13.480970] [SUCCESS] Query #56: "What is the required VUT Time Error boundary condition for synchronization in th"
  ├─ Rephrased: "VUT Time Error boundary condition synchronization CCCscp scenario"
  ├─ Retrieved Chunks (13): ['c000056', 'c000305', 'c000201', 'c000179', 'c000321', 'c000178']
  ├─ ReAct Steps: 2 | Latency: 6.63s (Retrieval: 0.43s | Gen: 6.20s)
  └─ Answer Preview: VUT Time Error boundary condition for synchronization in the CCCscp scenario is ±0.5s....

[2026-08-30T12:39:20.922842] [SUCCESS] Query #61: "How long is the stabilization phase following the target acceleration phase in c"
  ├─ Rephrased: "stabilization phase duration after target acceleration in crossing scenarios"
  ├─ Retrieved Chunks (11): ['c000148', 'c000019', 'c000114', 'c000251', 'c000062', 'c000201']
  ├─ ReAct Steps: 2 | Latency: 7.44s (Retrieval: 0.43s | Gen: 7.01s)
  └─ Answer Preview: The stabilization phase following the target acceleration phase in crossing scenarios is likely to be very brief, possibly around 1-2 second...

[2026-08-30T12:39:27.405722] [SUCCESS] Query #55: "What is the starting point (T0) relative to Time To Collision for most Frontal C"
  ├─ Rephrased: "T0 relative to Time To Collision Frontal Collision test scenarios Euro NCAP"
  ├─ Retrieved Chunks (10): ['c000201', 'c000114', 'c000022', 'c000191', 'c000199', 'c000148']
  ├─ ReAct Steps: 2 | Latency: 6.48s (Retrieval: 0.52s | Gen: 5.96s)
  └─ Answer Preview: The starting point (T0) relative to Time To Collision (TTC) for most Frontal Collision test scenarios is defined as -25% of the distance to ...

[2026-08-30T12:39:33.958301] [SUCCESS] Query #62: "At what TTC must steady-state conditions be met for the GVT in the CCCscp scenar"
  ├─ Rephrased: "TTC steady-state conditions GVT CCCscp scenario"
  ├─ Retrieved Chunks (11): ['c000091', 'c000208', 'c000056', 'c000273', 'c000176', 'c000204']
  ├─ ReAct Steps: 2 | Latency: 6.55s (Retrieval: 0.45s | Gen: 6.10s)
  └─ Answer Preview: TTC for steady-state conditions corresponding to a steady approach speed of 30 km/h to 50 km/h must be met for the GVT in the CCCscp scenari...

[2026-08-30T12:39:40.766062] [SUCCESS] Query #46: "What is the minimum horizontal visibility at ground level required for testing?"
  ├─ Rephrased: "minimum horizontal visibility ground level Euro NCAP testing protocols"
  ├─ Retrieved Chunks (11): ['c000209', 'c000163', 'c000281', 'c000216', 'c000028', 'c000178']
  ├─ ReAct Steps: 2 | Latency: 6.81s (Retrieval: 0.42s | Gen: 6.38s)
  └─ Answer Preview: The minimum horizontal visibility at ground level required for testing is at least 100 meters under normal daylight conditions....

[2026-08-30T12:39:43.269056] [SUCCESS] Query #63: "What impact speed tolerance is applied to the verification tests?"
  ├─ Rephrased: "impact speed tolerance verification tests Euro NCAP"
  ├─ Retrieved Chunks (10): ['c000163', 'c000305', 'c000349', 'c000001', 'c000162', 'c000114']
  ├─ ReAct Steps: 1 | Latency: 2.50s (Retrieval: 0.38s | Gen: 2.12s)
  └─ Answer Preview: The impact speed tolerance applied to the verification tests is 2 km/h. This tolerance is bidirectional....

[2026-08-30T12:39:49.179825] [SUCCESS] Query #59: "What is the default delay time for the braking robot reacting to an FCW to accou"
  ├─ Rephrased: "default delay time braking robot FCW driver reaction"
  ├─ Retrieved Chunks (11): ['c000144', 'c000148', 'c000107', 'c000152', 'c000106', 'c000022']
  ├─ ReAct Steps: 2 | Latency: 5.91s (Retrieval: 0.41s | Gen: 5.50s)
  └─ Answer Preview: The default delay time for the braking robot reacting to an FCW to account for driver reaction is generally around 0.5 to 1 second, though t...

[2026-08-30T12:39:53.200575] [SUCCESS] Query #65: "For the AEB CCRs scenario, up to what maximum test speed must full avoidance be "
  ├─ Rephrased: "AEB CCRs maximum test speed full avoidanceeligible scoring"
  ├─ Retrieved Chunks (10): ['c000212', 'c000394', 'c000038', 'c000052', 'c000109', 'c000186']
  ├─ ReAct Steps: 1 | Latency: 4.02s (Retrieval: 0.46s | Gen: 3.56s)
  └─ Answer Preview: Full avoidance must be achieved for test speeds up to 20 km/h for all impact locations within the Standard Range for the AEB CCRs scenario....

[2026-08-30T12:40:40.825152] [SUCCESS] Query #60: "What maximum brake level is applied by the braking robot during an FCW test?"
  ├─ Rephrased: "FCW test braking robot maximum brake level"
  ├─ Retrieved Chunks (11): ['c000066', 'c000107', 'c000070', 'c000101', 'c000038', 'c000022']
  ├─ ReAct Steps: 1 | Latency: 47.62s (Retrieval: 0.39s | Gen: 47.24s)
  └─ Answer Preview: Could not synthesize answer from retrieved context....

[2026-08-30T12:55:03.310082] [SUCCESS] Query #1: "What does VUT stand for in the Assisted Driving protocol?"
  ├─ Rephrased: "Vehicle Under Test"
  ├─ Retrieved Chunks (13): ['c000001', 'c000163', 'c000458', 'c000175', 'c000245', 'c000323']
  ├─ ReAct Steps: 2 | Latency: 32.51s (Retrieval: 2.12s | Gen: 30.39s)
  └─ Answer Preview: VUT stands for Virtual Test Unit in the Assisted Driving protocol. It is used to simulate vehicle behavior and performance in various tests....

[2026-08-30T12:55:23.500829] [SUCCESS] Query #2: "What does GVT stand for in the Assisted Driving protocol?"
  ├─ Rephrased: "Global Vehicle Target"
  ├─ Retrieved Chunks (10): ['c000394', 'c000107', 'c000251', 'c000066', 'c000138', 'c000006']
  ├─ ReAct Steps: 1 | Latency: 20.19s (Retrieval: 1.01s | Gen: 19.18s)
  └─ Answer Preview: GVT stands for Global Vehicle Target in the Assisted Driving protocol....

[2026-08-30T12:57:15.004801] [SUCCESS] Query #7: "What is the grading requirement to achieve a "VERY GOOD" score in the Highway an"
  ├─ Rephrased: "Highway and Interurban Assist Systems grading requirements VERY GOOD score"
  ├─ Retrieved Chunks (11): ['c000401', 'c000441', 'c000349', 'c000041', 'c000392', 'c000263']
  ├─ ReAct Steps: 1 | Latency: 111.50s (Retrieval: 2.28s | Gen: 109.23s)
  └─ Answer Preview: To achieve a "VERY GOOD" score in the Highway and Interurban Assist Systems grading, the vehicle must meet high performance standards in bot...

[2026-08-30T12:58:11.787711] [SUCCESS] Query #3: "In the Assisted Driving Cut-out test, what does SOV stand for?"
  ├─ Rephrased: "Assisted Driving Cut-out test SOV definition"
  ├─ Retrieved Chunks (11): ['c000438', 'c000464', 'c000463', 'c000276', 'c000467', 'c000437']
  ├─ ReAct Steps: 2 | Latency: 56.78s (Retrieval: 1.85s | Gen: 54.93s)
  └─ Answer Preview: SOV stands for Speed of Vehicle at which the cut-out occurs during the Assisted Driving Cut-out test....

[2026-08-30T12:58:37.308708] [SUCCESS] Query #8: "How many points are awarded if a system name contains the word "assistant", "ass"
  ├─ Rephrased: "Euro NCAP assistant systems scoring criteria"
  ├─ Retrieved Chunks (10): ['c000245', 'c000001', 'c000408', 'c000246', 'c000406', 'c000413']
  ├─ ReAct Steps: 1 | Latency: 25.52s (Retrieval: 1.60s | Gen: 23.92s)
  └─ Answer Preview: 10 points are awarded if the system name contains the word "assistant", "assistance", or "assist"....

[2026-08-30T13:00:54.898956] [SUCCESS] Query #1: "What does VUT stand for in the Assisted Driving protocol?"
  ├─ Rephrased: "What does VUT stand for in the Assisted Driving protocol?"
  ├─ Retrieved Chunks (10): ['c000394', 'c000392', 'c000038', 'c000441', 'c000393', 'c000262']
  ├─ ReAct Steps: 0 | Latency: 10.41s (Retrieval: 3.66s | Gen: 6.75s)
  └─ Answer Preview: Error during answer generation: All connection attempts failed...

[2026-08-30T13:00:54.899612] [SUCCESS] Query #2: "What does GVT stand for in the Assisted Driving protocol?"
  ├─ Rephrased: "What does GVT stand for in the Assisted Driving protocol?"
  ├─ Retrieved Chunks (10): ['c000394', 'c000392', 'c000101', 'c000006', 'c000038', 'c000107']
  ├─ ReAct Steps: 0 | Latency: 6.74s (Retrieval: 1.17s | Gen: 5.57s)
  └─ Answer Preview: Error during answer generation: All connection attempts failed...

[2026-08-30T13:00:54.899966] [SUCCESS] Query #3: "In the Assisted Driving Cut-out test, what does SOV stand for?"
  ├─ Rephrased: "In the Assisted Driving Cut-out test, what does SOV stand for?"
  ├─ Retrieved Chunks (10): ['c000330', 'c000438', 'c000179', 'c000276', 'c000464', 'c000182']
  ├─ ReAct Steps: 0 | Latency: 5.56s (Retrieval: 1.45s | Gen: 4.11s)
  └─ Answer Preview: Error during answer generation: All connection attempts failed...

[2026-08-30T13:00:54.900257] [SUCCESS] Query #4: "What is the definition of the Speed Limit Information Function (SLIF)?"
  ├─ Rephrased: "What is the definition of the Speed Limit Information Function (SLIF)?"
  ├─ Retrieved Chunks (10): ['c000395', 'c000233', 'c000408', 'c000402', 'c000223', 'c000027']
  ├─ ReAct Steps: 0 | Latency: 4.10s (Retrieval: 1.34s | Gen: 2.76s)
  └─ Answer Preview: Error during answer generation: All connection attempts failed...

[2026-08-30T13:00:54.900519] [SUCCESS] Query #5: "How is Intelligent Adaptive Cruise Control (iACC) defined?"
  ├─ Rephrased: "How is Intelligent Adaptive Cruise Control (iACC) defined?"
  ├─ Retrieved Chunks (10): ['c000233', 'c000395', 'c000442', 'c000406', 'c000081', 'c000256']
  ├─ ReAct Steps: 0 | Latency: 2.75s (Retrieval: 1.35s | Gen: 1.40s)
  └─ Answer Preview: Error during answer generation: All connection attempts failed...

[2026-08-30T13:00:54.900768] [SUCCESS] Query #6: "What is the minimum design maximum speed for a Real Motorcycle target used in Bl"
  ├─ Rephrased: "What is the minimum design maximum speed for a Real Motorcycle target used in Blind-Spot M"
  ├─ Retrieved Chunks (10): ['c000004', 'c000233', 'c000007', 'c000313', 'c000277', 'c000327']
  ├─ ReAct Steps: 0 | Latency: 1.39s (Retrieval: 1.38s | Gen: 0.01s)
  └─ Answer Preview: Error during answer generation: All connection attempts failed...

[2026-08-30T13:01:02.110312] [SUCCESS] Query #7: "What is the grading requirement to achieve a "VERY GOOD" score in the Highway an"
  ├─ Rephrased: "What is the grading requirement to achieve a "VERY GOOD" score in the Highway and Interurb"
  ├─ Retrieved Chunks (10): ['c000441', 'c000392', 'c000262', 'c000349', 'c000469', 'c000036']
  ├─ ReAct Steps: 0 | Latency: 7.21s (Retrieval: 1.32s | Gen: 5.89s)
  └─ Answer Preview: Error during answer generation: All connection attempts failed...

[2026-08-30T13:01:02.110669] [SUCCESS] Query #8: "How many points are awarded if a system name contains the word "assistant", "ass"
  ├─ Rephrased: "How many points are awarded if a system name contains the word "assistant", "assistance", "
  ├─ Retrieved Chunks (10): ['c000406', 'c000349', 'c000420', 'c000408', 'c000410', 'c000269']
  ├─ ReAct Steps: 0 | Latency: 5.88s (Retrieval: 1.30s | Gen: 4.58s)
  └─ Answer Preview: Error during answer generation: All connection attempts failed...

[2026-08-30T13:01:02.110905] [SUCCESS] Query #9: "What words are strictly forbidden from being used in a system name under the Ass"
  ├─ Rephrased: "What words are strictly forbidden from being used in a system name under the Assisted Driv"
  ├─ Retrieved Chunks (10): ['c000406', 'c000349', 'c000330', 'c000420', 'c000269', 'c000035']
  ├─ ReAct Steps: 0 | Latency: 4.57s (Retrieval: 1.13s | Gen: 3.44s)
  └─ Answer Preview: Error during answer generation: All connection attempts failed...

[2026-08-30T13:01:02.111116] [SUCCESS] Query #10: "How many points are awarded if the marketing material correctly describes the sy"
  ├─ Rephrased: "How many points are awarded if the marketing material correctly describes the system funct"
  ├─ Retrieved Chunks (10): ['c000001', 'c000458', 'c000246', 'c000407', 'c000470', 'c000473']
  ├─ ReAct Steps: 0 | Latency: 3.43s (Retrieval: 1.23s | Gen: 2.20s)
  └─ Answer Preview: Error during answer generation: All connection attempts failed...

[2026-08-30T13:01:02.111322] [SUCCESS] Query #11: "What is the total point value available for the Continuous System Status Indicat"
  ├─ Rephrased: "What is the total point value available for the Continuous System Status Indicator?"
  ├─ Retrieved Chunks (10): ['c000412', 'c000410', 'c000245', 'c000200', 'c000201', 'c000404']
  ├─ ReAct Steps: 0 | Latency: 2.19s (Retrieval: 1.08s | Gen: 1.11s)
  └─ Answer Preview: Error during answer generation: All connection attempts failed...

[2026-08-30T13:01:02.111520] [SUCCESS] Query #12: "What specific color must be used on the Continuous System Status Indicator to de"
  ├─ Rephrased: "What specific color must be used on the Continuous System Status Indicator to denote Assis"
  ├─ Retrieved Chunks (10): ['c000412', 'c000245', 'c000284', 'c000246', 'c000410', 'c000315']
  ├─ ReAct Steps: 0 | Latency: 1.10s (Retrieval: 1.09s | Gen: 0.01s)
  └─ Answer Preview: Error during answer generation: All connection attempts failed...

[2026-08-30T13:02:29.225368] [SUCCESS] Query #1: "What does VUT stand for in the Assisted Driving protocol?"
  ├─ Rephrased: "Vehicle Under Test"
  ├─ Retrieved Chunks (10): ['c000001', 'c000163', 'c000458', 'c000175', 'c000245', 'c000323']
  ├─ ReAct Steps: 0 | Latency: 41.62s (Retrieval: 2.47s | Gen: 39.15s)
  └─ Answer Preview: VUT stands for Virtual Test Unit....

[2026-08-30T13:02:33.682647] [SUCCESS] Query #2: "What does GVT stand for in the Assisted Driving protocol?"
  ├─ Rephrased: "Global Vehicle Target"
  ├─ Retrieved Chunks (10): ['c000394', 'c000107', 'c000251', 'c000066', 'c000138', 'c000006']
  ├─ ReAct Steps: 0 | Latency: 43.59s (Retrieval: 0.89s | Gen: 42.71s)
  └─ Answer Preview: GVT stands for Global Vehicle Target....

[2026-08-30T13:02:33.683017] [SUCCESS] Query #3: "In the Assisted Driving Cut-out test, what does SOV stand for?"
  ├─ Rephrased: "Assisted Driving Cut-out test SOV definition"
  ├─ Retrieved Chunks (10): ['c000438', 'c000464', 'c000463', 'c000276', 'c000467', 'c000437']
  ├─ ReAct Steps: 0 | Latency: 42.70s (Retrieval: 1.72s | Gen: 40.98s)
  └─ Answer Preview: SOV stands for **Lead Vehicle**....

[2026-08-30T13:02:33.683255] [SUCCESS] Query #4: "What is the definition of the Speed Limit Information Function (SLIF)?"
  ├─ Rephrased: "speed limit information function definition"
  ├─ Retrieved Chunks (10): ['c000066', 'c000107', 'c000101', 'c000077', 'c000070', 'c000209']
  ├─ ReAct Steps: 0 | Latency: 40.97s (Retrieval: 1.16s | Gen: 39.80s)
  └─ Answer Preview: There is no definition provided for the Speed Limit Information Function (SLIF) in the given document chunks....

[2026-08-30T13:02:49.189190] [SUCCESS] Query #5: "How is Intelligent Adaptive Cruise Control (iACC) defined?"
  ├─ Rephrased: "iACC definition Euro NCAP"
  ├─ Retrieved Chunks (10): ['c000470', 'c000339', 'c000131', 'c000281', 'c000435', 'c000147']
  ├─ ReAct Steps: 0 | Latency: 55.30s (Retrieval: 1.29s | Gen: 54.01s)
  └─ Answer Preview: Intelligent Adaptive Cruise Control (iACC) is not directly defined in the provided document chunks. However, the context suggests that iACC ...

[2026-08-30T13:02:49.189570] [SUCCESS] Query #6: "What is the minimum design maximum speed for a Real Motorcycle target used in Bl"
  ├─ Rephrased: "Real Motorcycle target speed for Blind-Spot Monitoring Tests"
  ├─ Retrieved Chunks (10): ['c000004', 'c000209', 'c000083', 'c000180', 'c000172', 'c000142']
  ├─ ReAct Steps: 0 | Latency: 54.00s (Retrieval: 1.88s | Gen: 52.12s)
  └─ Answer Preview: The document does not provide specific details about the minimum design maximum speed for a Real Motorcycle target used in Blind-Spot Monito...

[2026-08-30T13:03:08.002320] [SUCCESS] Query #8: "How many points are awarded if a system name contains the word "assistant", "ass"
  ├─ Rephrased: "Euro NCAP assistant system points criteria"
  ├─ Retrieved Chunks (10): ['c000458', 'c000001', 'c000036', 'c000038', 'c000245', 'c000415']
  ├─ ReAct Steps: 0 | Latency: 34.32s (Retrieval: 7.85s | Gen: 26.47s)
  └─ Answer Preview: 25...

[2026-08-30T13:03:20.694520] [SUCCESS] Query #7: "What is the grading requirement to achieve a "VERY GOOD" score in the Highway an"
  ├─ Rephrased: "Highway and Interurban Assist Systems grading requirements VERY GOOD score"
  ├─ Retrieved Chunks (10): ['c000401', 'c000441', 'c000349', 'c000041', 'c000392', 'c000263']
  ├─ ReAct Steps: 0 | Latency: 51.47s (Retrieval: 4.45s | Gen: 47.02s)
  └─ Answer Preview: The grading requirement to achieve a "VERY GOOD" score in the Highway and Interurban Assist Systems grading is not explicitly stated in the ...

[2026-08-30T13:03:29.539954] [SUCCESS] Query #11: "What is the total point value available for the Continuous System Status Indicat"
  ├─ Rephrased: "What is the total point value available for the Continuous System Status Indicator?"
  ├─ Retrieved Chunks (10): ['c000412', 'c000410', 'c000245', 'c000200', 'c000201', 'c000404']
  ├─ ReAct Steps: 0 | Latency: 40.35s (Retrieval: 12.37s | Gen: 27.98s)
  └─ Answer Preview: 20...

[2026-08-30T13:03:29.540294] [SUCCESS] Query #13: "What is the recommended decibel range for an additional acoustic indication duri"
  ├─ Rephrased: "What is the recommended decibel range for an additional acoustic indication during a syste"
  ├─ Retrieved Chunks (10): ['c000413', 'c000246', 'c000410', 'c000444', 'c000244', 'c000411']
  ├─ ReAct Steps: 0 | Latency: 21.54s (Retrieval: 12.36s | Gen: 9.17s)
  └─ Answer Preview: 50~90 dB...

[2026-08-30T13:03:29.540504] [SUCCESS] Query #10: "How many points are awarded if the marketing material correctly describes the sy"
  ├─ Rephrased: "Euro NCAP marketing material system functionality points award criteria"
  ├─ Retrieved Chunks (10): ['c000001', 'c000246', 'c000245', 'c000442', 'c000473', 'c000402']
  ├─ ReAct Steps: 0 | Latency: 44.45s (Retrieval: 4.09s | Gen: 40.36s)
  └─ Answer Preview: The document chunks provided do not contain specific information about how many points are awarded for correctly describing the system funct...

[2026-08-30T13:03:29.540707] [SUCCESS] Query #12: "What specific color must be used on the Continuous System Status Indicator to de"
  ├─ Rephrased: "Continuous System Status Indicator color Assisted Mode Euro NCAP"
  ├─ Retrieved Chunks (10): ['c000412', 'c000200', 'c000245', 'c000404', 'c000216', 'c000410']
  ├─ ReAct Steps: 0 | Latency: 27.97s (Retrieval: 6.42s | Gen: 21.55s)
  └─ Answer Preview: Green must be used for Assisted Mode on the Continuous System Status Indicator....

[2026-08-30T13:03:44.204124] [SUCCESS] Query #9: "What words are strictly forbidden from being used in a system name under the Ass"
  ├─ Rephrased: "Assisted Driving protocol system name forbidden words"
  ├─ Retrieved Chunks (10): ['c000406', 'c000420', 'c000408', 'c000401', 'c000418', 'c000252']
  ├─ ReAct Steps: 0 | Latency: 62.66s (Retrieval: 3.53s | Gen: 59.13s)
  └─ Answer Preview: The words strictly forbidden from being used in a system name under the Assisted Driving protocol are "auto", "automatic", "automated", and ...

[2026-08-30T13:03:44.204499] [SUCCESS] Query #14: "How many points are awarded for a system that robustly detects if the driver's h"
  ├─ Rephrased: "Euro NCAP Assisted Mode Hand Detection Points"
  ├─ Retrieved Chunks (10): ['c000036', 'c000262', 'c000038', 'c000349', 'c000251', 'c000416']
  ├─ ReAct Steps: 0 | Latency: 23.51s (Retrieval: 8.83s | Gen: 14.67s)
  └─ Answer Preview: 5 points are awarded for a system that robustly detects if the driver's hands are on the steering wheel during Assisted Mode....

[2026-08-30T13:04:05.428178] [SUCCESS] Query #18: "What frequency is applied when steering the full sine wave during the Pothole Te"
  ├─ Rephrased: "Pothole Test steering frequency full sine wave"
  ├─ Retrieved Chunks (10): ['c000426', 'c000427', 'c000253', 'c000470', 'c000255', 'c000256']
  ├─ ReAct Steps: 0 | Latency: 22.94s (Retrieval: 1.71s | Gen: 21.23s)
  └─ Answer Preview: 0.25Hz...

[2026-08-30T13:04:05.428520] [SUCCESS] Query #16: "How many repetitive visual distraction instances lead to a controllable Assisted"
  ├─ Rephrased: "repetitive visual distraction instances controllable Assisted Mode lock-out Euro NCAP"
  ├─ Retrieved Chunks (10): ['c000423', 'c000417', 'c000252', 'c000163', 'c000330', 'c000416']
  ├─ ReAct Steps: 0 | Latency: 27.55s (Retrieval: 2.72s | Gen: 24.83s)
  └─ Answer Preview: 3 repetitive visual distraction instances lead to a controllable Assisted Mode lock-out....

[2026-08-30T13:04:05.428763] [SUCCESS] Query #17: "What is the maximum time window within which repetitive distractions will trigge"
  ├─ Rephrased: "Assisted Mode lock-out repetitive distractions maximum time window"
  ├─ Retrieved Chunks (10): ['c000423', 'c000330', 'c000417', 'c000252', 'c000349', 'c000416']
  ├─ ReAct Steps: 0 | Latency: 24.82s (Retrieval: 1.87s | Gen: 22.95s)
  └─ Answer Preview: The maximum time window within which repetitive distractions will trigger an Assisted Mode lock-out is 30 minutes....

[2026-08-30T13:04:23.486685] [SUCCESS] Query #15: "How soon must Assisted Mode be deactivated if the Driver State Monitoring system"
  ├─ Rephrased: "Assisted Mode deactivation time Driver State Monitoring system complete blockage Euro NCAP"
  ├─ Retrieved Chunks (10): ['c000418', 'c000349', 'c000419', 'c000279', 'c000330', 'c000252']
  ├─ ReAct Steps: 0 | Latency: 53.94s (Retrieval: 8.32s | Gen: 45.62s)
  └─ Answer Preview: Assisted Mode must be deactivated no later than 10 seconds from the point the Driver State Monitoring (DSM) becomes unavailable due to a com...

[2026-08-30T13:04:23.487307] [SUCCESS] Query #20: "What is the target Distance To Lane Edge (DTLE) for the steering amplitude in th"
  ├─ Rephrased: "Partial Lane Change Test DTLE target steering amplitude"
  ├─ Retrieved Chunks (10): ['c000428', 'c000426', 'c000125', 'c000449', 'c000158', 'c000149']
  ├─ ReAct Steps: 0 | Latency: 27.11s (Retrieval: 9.05s | Gen: 18.07s)
  └─ Answer Preview: The target Distance To Lane Edge (DTLE) for the steering amplitude in the Partial Lane Change Test is -50±5 cm....

[2026-08-30T13:04:23.487564] [SUCCESS] Query #19: "What is the target Distance To Lane Edge (DTLE) for the steering amplitude in th"
  ├─ Rephrased: "What is the target Distance To Lane Edge (DTLE) for the steering amplitude in the Pothole "
  ├─ Retrieved Chunks (10): ['c000427', 'c000426', 'c000470', 'c000253', 'c000449', 'c000256']
  ├─ ReAct Steps: 0 | Latency: 39.28s (Retrieval: 12.16s | Gen: 27.12s)
  └─ Answer Preview: The target Distance To Lane Edge (DTLE) for the steering amplitude in the Pothole Test is 15cm ±5cm....

[2026-08-30T13:04:42.572621] [SUCCESS] Query #23: "What Time To Collision (TTC) is used for the Cut-out tests to verify Safety Back"
  ├─ Rephrased: "TTC used for Cut-out tests Safety Backup verification"
  ├─ Retrieved Chunks (10): ['c000330', 'c000179', 'c000278', 'c000276', 'c000463', 'c000467']
  ├─ ReAct Steps: 0 | Latency: 20.97s (Retrieval: 1.87s | Gen: 19.10s)
  └─ Answer Preview: 2s...

[2026-08-30T13:04:42.572970] [SUCCESS] Query #21: "How many points are awarded for override response if a vehicle has an absolute o"
  ├─ Rephrased: "How many points are awarded for override response if a vehicle has an absolute override to"
  ├─ Retrieved Chunks (10): ['c000279', 'c000038', 'c000458', 'c000424', 'c000341', 'c000007']
  ├─ ReAct Steps: 0 | Latency: 37.14s (Retrieval: 12.40s | Gen: 24.74s)
  └─ Answer Preview: 20 points are awarded for override response if a vehicle has an absolute override torque of <5Nm and meets all conditions....

[2026-08-30T13:04:42.573204] [SUCCESS] Query #22: "How much time does a driver have to confirm an offered lower speed limit for it "
  ├─ Rephrased: "time_to_confirm_lower_speed_limit_adopted_in_time"
  ├─ Retrieved Chunks (10): ['c000191', 'c000475', 'c000434', 'c000202', 'c000258', 'c000146']
  ├─ ReAct Steps: 0 | Latency: 24.74s (Retrieval: 3.76s | Gen: 20.98s)
  └─ Answer Preview: The driver has 1.5 seconds to confirm the offered lower speed limit for it to be considered adopted "in time"....

[2026-08-30T13:05:02.427579] [SUCCESS] Query #24: "What is the total maximum sub-points available for the Car-to-Car Rear Stationar"
  ├─ Rephrased: "What is the total maximum sub-points available for the Car-to-Car Rear Stationary (CCRs) t"
  ├─ Retrieved Chunks (10): ['c000276', 'c000201', 'c000460', 'c000056', 'c000327', 'c000067']
  ├─ ReAct Steps: 0 | Latency: 38.94s (Retrieval: 12.43s | Gen: 26.50s)
  └─ Answer Preview: 8...

[2026-08-30T13:05:02.427940] [SUCCESS] Query #26: "How many points are awarded to systems able to successfully provide a warning an"
  ├─ Rephrased: "Euro NCAP microsleep detection warning intervention points"
  ├─ Retrieved Chunks (10): ['c000452', 'c000330', 'c000269', 'c000236', 'c000007', 'c000270']
  ├─ ReAct Steps: 0 | Latency: 21.60s (Retrieval: 1.73s | Gen: 19.87s)
  └─ Answer Preview: 5 points are awarded to systems able to successfully provide a warning and intervention immediately after detecting a microsleep....

[2026-08-30T13:05:02.428177] [SUCCESS] Query #25: "How long must a vehicle be driven with a blocked sensor before attempting an ass"
  ├─ Rephrased: "blocked sensor duration before assistance system activation at start-up"
  ├─ Retrieved Chunks (10): ['c000447', 'c000448', 'c000441', 'c000449', 'c000269', 'c000450']
  ├─ ReAct Steps: 0 | Latency: 26.50s (Retrieval: 4.89s | Gen: 21.61s)
  └─ Answer Preview: The vehicle must be driven for 2 minutes with the sensor blocked before attempting an assistance system activation at start-up....

[2026-08-30T13:05:25.327167] [SUCCESS] Query #27: "How many points are awarded to systems able to successfully provide a warning an"
  ├─ Rephrased: "How many points are awarded to systems able to successfully provide a warning and interven"
  ├─ Retrieved Chunks (10): ['c000453', 'c000452', 'c000330', 'c000269', 'c000451', 'c000342']
  ├─ ReAct Steps: 0 | Latency: 42.75s (Retrieval: 12.36s | Gen: 30.39s)
  └─ Answer Preview: 5 points are awarded to systems able to successfully provide a warning and intervention immediately after detecting sleep....

[2026-08-30T13:05:25.327519] [SUCCESS] Query #28: "How many points are awarded if an unresponsive driver is detected by indirect se"
  ├─ Rephrased: "Euro NCAP indirect sensing unresponsive driver prolonged steering inactivity points"
  ├─ Retrieved Chunks (10): ['c000454', 'c000269', 'c000101', 'c000330', 'c000124', 'c000451']
  ├─ ReAct Steps: 0 | Latency: 30.38s (Retrieval: 5.89s | Gen: 24.49s)
  └─ Answer Preview: 10 points are awarded if an unresponsive driver is detected by indirect sensing such as prolonged steering inactivity....

[2026-08-30T13:05:25.327928] [SUCCESS] Query #29: "How many bonus points are awarded for an advanced response that changes lanes to"
  ├─ Rephrased: "Euro NCAP bonus points lane change emergency"
  ├─ Retrieved Chunks (10): ['c000293', 'c000281', 'c000449', 'c000280', 'c000426', 'c000470']
  ├─ ReAct Steps: 0 | Latency: 24.48s (Retrieval: 1.57s | Gen: 22.91s)
  └─ Answer Preview: 0 points are awarded for an advanced response that changes lanes to an emergency lane for an unresponsive driver, as this scenario is not di...

[2026-08-30T13:05:44.478307] [SUCCESS] Query #31: "How many points are awarded for a successful Car-to-Car intentional lane change "
  ├─ Rephrased: "Car-to-Car intentional lane change test points Safety Backup LSS evaluation"
  ├─ Retrieved Chunks (10): ['c000001', 'c000163', 'c000175', 'c000305', 'c000281', 'c000035']
  ├─ ReAct Steps: 0 | Latency: 29.60s (Retrieval: 7.80s | Gen: 21.80s)
  └─ Answer Preview: 3...

[2026-08-30T13:05:44.478658] [SUCCESS] Query #32: "By what maximum percentage can a long distraction warning timing threshold be re"
  ├─ Rephrased: "long distraction warning timing threshold relaxation context-based vehicle response strate"
  ├─ Retrieved Chunks (10): ['c000419', 'c000250', 'c000163', 'c000314', 'c000454', 'c000204']
  ├─ ReAct Steps: 0 | Latency: 21.79s (Retrieval: 2.63s | Gen: 19.16s)
  └─ Answer Preview: A long distraction warning timing threshold can be relaxed by a maximum of 150% under context-based vehicle response strategies....

[2026-08-30T13:05:44.479094] [SUCCESS] Query #30: "To score 5 points in the S-Bend test, an LKA intervention must prevent the vehic"
  ├─ Rephrased: "To score 5 points in the S-Bend test, an LKA intervention must prevent the vehicle from cr"
  ├─ Retrieved Chunks (10): ['c000470', 'c000327', 'c000305', 'c000349', 'c000330', 'c000179']
  ├─ ReAct Steps: 0 | Latency: 42.05s (Retrieval: 12.44s | Gen: 29.61s)
  └─ Answer Preview: To score 5 points in the S-Bend test, an LKA intervention must prevent the vehicle from crossing the lane marking by more than 0.4m....

[2026-08-30T13:06:06.571475] [SUCCESS] Query #35: "Which ISO standard specifies the Euro NCAP Bicyclist Target (EBTa)?"
  ├─ Rephrased: "ISO standard for Euro NCAP Bicyclist Target (EBTa) specifications"
  ├─ Retrieved Chunks (10): ['c000394', 'c000006', 'c000251', 'c000030', 'c000232', 'c000031']
  ├─ ReAct Steps: 0 | Latency: 24.91s (Retrieval: 2.81s | Gen: 22.10s)
  └─ Answer Preview: The Euro NCAP Bicyclist Target (EBTa) is specified in ISO 19206-4:2020....

[2026-08-30T13:06:28.137093] [SUCCESS] Query #34: "What does PBC stand for in the Frontal Collisions protocol?"
  ├─ Rephrased: "PBC meaning in Frontal Collisions protocol"
  ├─ Retrieved Chunks (10): ['c000148', 'c000144', 'c000019', 'c000152', 'c000138', 'c000232']
  ├─ ReAct Steps: 0 | Latency: 50.71s (Retrieval: 4.22s | Gen: 46.49s)
  └─ Answer Preview: PBC does not stand for anything specific in the provided document chunks related to the Frontal Collisions protocol. The closest terms are C...

[2026-08-30T13:06:34.451400] [SUCCESS] Query #36: "Which ISO standard specifies the Euro NCAP Pedestrian Target (EPTa)?"
  ├─ Rephrased: "Which ISO standard specifies the Euro NCAP Pedestrian Target (EPTa)?"
  ├─ Retrieved Chunks (10): ['c000394', 'c000251', 'c000006', 'c000232', 'c000038', 'c000004']
  ├─ ReAct Steps: 0 | Latency: 49.97s (Retrieval: 12.36s | Gen: 37.61s)
  └─ Answer Preview: ISO 19206-2:2018 specifies the Euro NCAP Pedestrian Target (EPTa)....

[2026-08-30T13:06:41.683144] [SUCCESS] Query #37: "How is Vehicle width defined in the Frontal Collisions protocol?"
  ├─ Rephrased: "Vehicle width definition Frontal Collisions protocol"
  ├─ Retrieved Chunks (10): ['c000101', 'c000070', 'c000118', 'c000106', 'c000119', 'c000000']
  ├─ ReAct Steps: 0 | Latency: 44.84s (Retrieval: 6.06s | Gen: 38.78s)
  └─ Answer Preview: Vehicle width is not defined in the provided Frontal Collisions protocol. The protocol does not include any specific definition or measureme...

[2026-08-30T13:06:41.683493] [SUCCESS] Query #39: "At what frequency must all dynamic data be sampled and recorded?"
  ├─ Rephrased: "At what frequency must all dynamic data be sampled and recorded?"
  ├─ Retrieved Chunks (10): ['c000021', 'c000019', 'c000022', 'c000018', 'c000148', 'c000101']
  ├─ ReAct Steps: 0 | Latency: 35.11s (Retrieval: 12.35s | Gen: 22.76s)
  └─ Answer Preview: The provided document chunks do not specify the sampling frequency for dynamic data. Therefore, there is no direct answer available from the...

[2026-08-30T13:06:53.780461] [SUCCESS] Query #40: "What is the required measurement accuracy for VUT and target speed?"
  ├─ Rephrased: "VUT measurement accuracy target speed Euro NCAP"
  ├─ Retrieved Chunks (10): ['c000305', 'c000285', 'c000202', 'c000191', 'c000201', 'c000310']
  ├─ ReAct Steps: 0 | Latency: 25.64s (Retrieval: 6.30s | Gen: 19.34s)
  └─ Answer Preview: The VUT and target speed is 70 km/h. There is no specified measurement accuracy for this speed in the provided context....

[2026-08-30T13:06:53.780906] [SUCCESS] Query #38: "What does CPFA stand for?"
  ├─ Rephrased: "Child Pedestrian Frontal Area"
  ├─ Retrieved Chunks (10): ['c000022', 'c000019', 'c000100', 'c000211', 'c000085', 'c000071']
  ├─ ReAct Steps: 0 | Latency: 50.87s (Retrieval: 3.65s | Gen: 47.22s)
  └─ Answer Preview: CPFA does not appear to be defined in the provided document chunks. The abbreviations and terms defined include CCCscp, CMRs, GVT, VUT, AEB,...

[2026-08-30T13:06:53.781196] [SUCCESS] Query #33: "What defines a Transient driver state?"
  ├─ Rephrased: "What defines a Transient driver state?"
  ├─ Retrieved Chunks (10): ['c000398', 'c000269', 'c000397', 'c000451', 'c000419', 'c000452']
  ├─ ReAct Steps: 0 | Latency: 88.45s (Retrieval: 12.09s | Gen: 76.36s)
  └─ Answer Preview: Error during answer generation: ...

[2026-08-30T13:06:53.781615] [SUCCESS] Query #41: "What type of filter must be applied to acceleration, yaw rate, and steering whee"
  ├─ Rephrased: "acceleration yaw_rate steering_wheel_velocity data_filter"
  ├─ Retrieved Chunks (10): ['c000036', 'c000191', 'c000201', 'c000196', 'c000039', 'c000041']
  ├─ ReAct Steps: 0 | Latency: 19.33s (Retrieval: 7.22s | Gen: 12.11s)
  └─ Answer Preview: There is no mention of any specific filter requirements for acceleration, yaw rate, and steering wheel velocity data in the provided documen...

[2026-08-30T13:07:11.123589] [SUCCESS] Query #42: "What is the maximum permitted longitudinal slope for the test track surface?"
  ├─ Rephrased: "maximum permitted longitudinal slope test track surface Euro NCAP"
  ├─ Retrieved Chunks (10): ['c000158', 'c000276', 'c000179', 'c000322', 'c000049', 'c000279']
  ├─ ReAct Steps: 0 | Latency: 29.44s (Retrieval: 8.00s | Gen: 21.44s)
  └─ Answer Preview: The maximum permitted longitudinal slope for the test track surface is ±1%....

[2026-08-30T13:07:11.123943] [SUCCESS] Query #43: "What is the maximum permitted lateral slope for the test track surface?"
  ├─ Rephrased: "maximum permitted lateral slope test track surface Euro NCAP"
  ├─ Retrieved Chunks (10): ['c000178', 'c000179', 'c000276', 'c000279', 'c000183', 'c000049']
  ├─ ReAct Steps: 0 | Latency: 21.43s (Retrieval: 4.08s | Gen: 17.35s)
  └─ Answer Preview: The maximum permitted lateral slope for the test track surface is ±3%....

[2026-08-30T13:07:33.469468] [SUCCESS] Query #45: "Within what ambient temperature range must Frontal Collision tests be conducted?"
  ├─ Rephrased: "Frontal Collision test ambient temperature range"
  ├─ Retrieved Chunks (10): ['c000209', 'c000251', 'c000114', 'c000026', 'c000028', 'c000216']
  ├─ ReAct Steps: 0 | Latency: 27.31s (Retrieval: 1.61s | Gen: 25.70s)
  └─ Answer Preview: The document does not specify the ambient temperature range for Frontal Collision tests....

[2026-08-30T13:07:33.469796] [SUCCESS] Query #46: "What is the minimum horizontal visibility at ground level required for testing?"
  ├─ Rephrased: "minimum horizontal visibility ground level Euro NCAP testing protocols"
  ├─ Retrieved Chunks (10): ['c000209', 'c000163', 'c000281', 'c000216', 'c000028', 'c000305']
  ├─ ReAct Steps: 0 | Latency: 25.69s (Retrieval: 1.88s | Gen: 23.82s)
  └─ Answer Preview: There is no specified minimum horizontal visibility at ground level required for testing in the provided document chunks....

[2026-08-30T13:07:33.470020] [SUCCESS] Query #44: "What is the minimal Peak Braking Coefficient (PBC) required for the test track s"
  ├─ Rephrased: "What is the minimal Peak Braking Coefficient (PBC) required for the test track surface?"
  ├─ Retrieved Chunks (10): ['c000028', 'c000101', 'c000158', 'c000099', 'c000201', 'c000151']
  ├─ ReAct Steps: 0 | Latency: 39.69s (Retrieval: 12.36s | Gen: 27.32s)
  └─ Answer Preview: The minimal Peak Braking Coefficient (PBC) required for the test track surface is 0.9....

[2026-08-30T13:07:33.470223] [SUCCESS] Query #47: "What is the maximum allowable wind speed during Frontal Collision testing?"
  ├─ Rephrased: "Frontal Collision testing wind speed limit"
  ├─ Retrieved Chunks (10): ['c000178', 'c000183', 'c000114', 'c000209', 'c000290', 'c000310']
  ├─ ReAct Steps: 0 | Latency: 23.81s (Retrieval: 1.45s | Gen: 22.36s)
  └─ Answer Preview: The provided document chunks do not contain information about the maximum allowable wind speed during Frontal Collision testing....

[2026-08-30T13:07:52.100905] [SUCCESS] Query #48: "What is the minimum ambient illumination required for daylight testing?"
  ├─ Rephrased: "What is the minimum ambient illumination required for daylight testing?"
  ├─ Retrieved Chunks (10): ['c000251', 'c000209', 'c000201', 'c000026', 'c000028', 'c000383']
  ├─ ReAct Steps: 0 | Latency: 40.97s (Retrieval: 12.33s | Gen: 28.64s)
  └─ Answer Preview: No minimum ambient illumination is specified for daylight testing in the provided document chunks....

[2026-08-30T13:07:52.101477] [SUCCESS] Query #49: "To what capacity must the fuel tank be filled before measuring the unladen kerb "
  ├─ Rephrased: "fuel tank capacity before unladen kerb mass measurement"
  ├─ Retrieved Chunks (10): ['c000178', 'c000070', 'c000183', 'c000209', 'c000029', 'c000066']
  ├─ ReAct Steps: 0 | Latency: 28.63s (Retrieval: 9.99s | Gen: 18.64s)
  └─ Answer Preview: The provided document chunks do not contain information regarding fuel tank filling before measuring the unladen kerb mass. Therefore, I can...

[2026-08-30T13:08:16.864500] [SUCCESS] Query #52: "What is the target deceleration used for Car-to-Car Rear Braking (CCRb) scenario"
  ├─ Rephrased: "CCRb target deceleration GVT"
  ├─ Retrieved Chunks (10): ['c000200', 'c000019', 'c000201', 'c000041', 'c000082', 'c000010']
  ├─ ReAct Steps: 0 | Latency: 28.81s (Retrieval: 1.73s | Gen: 27.08s)
  └─ Answer Preview: ±2 m/s²...

[2026-08-30T13:08:16.864862] [SUCCESS] Query #51: "What is the Time Headway used for Car-to-Car Rear Braking (CCRb) scenarios?"
  ├─ Rephrased: "Time Headway CCRb scenarios Euro NCAP"
  ├─ Retrieved Chunks (10): ['c000107', 'c000201', 'c000038', 'c000101', 'c000144', 'c000039']
  ├─ ReAct Steps: 0 | Latency: 31.03s (Retrieval: 2.21s | Gen: 28.82s)
  └─ Answer Preview: ±0.5s Time headway...

[2026-08-30T13:08:16.865091] [SUCCESS] Query #50: "What is the required interior load mass that is added to the unladen kerb mass f"
  ├─ Rephrased: "What is the required interior load mass that is added to the unladen kerb mass for testing"
  ├─ Retrieved Chunks (10): ['c000305', 'c000178', 'c000055', 'c000191', 'c000276', 'c000183']
  ├─ ReAct Steps: 0 | Latency: 43.39s (Retrieval: 12.35s | Gen: 31.04s)
  └─ Answer Preview: The required interior load mass that is added to the unladen kerb mass for testing is 200 kg....

[2026-08-30T13:08:38.044230] [SUCCESS] Query #53: "What is the minimum speed from which an AEB Pedestrian system must operate in th"
  ├─ Rephrased: "AEB Pedestrian CPNA-75 minimum operating speed"
  ├─ Retrieved Chunks (10): ['c000182', 'c000183', 'c000107', 'c000064', 'c000109', 'c000050']
  ├─ ReAct Steps: 0 | Latency: 48.25s (Retrieval: 2.30s | Gen: 45.95s)
  └─ Answer Preview: The minimum speed from which an AEB Pedestrian system must operate in the CPNA-75 scenario is 10 km/h....

[2026-08-30T13:08:38.044601] [SUCCESS] Query #54: "In the CCCscp obstructed scenario, what is the gap distance between parked obscu"
  ├─ Rephrased: "In the CCCscp obstructed scenario, what is the gap distance between parked obscuration veh"
  ├─ Retrieved Chunks (10): ['c000251', 'c000103', 'c000148', 'c000052', 'c000458', 'c000121']
  ├─ ReAct Steps: 0 | Latency: 45.94s (Retrieval: 12.36s | Gen: 33.58s)
  └─ Answer Preview: The gap distance between parked obscuration vehicles is 1m....

[2026-08-30T13:08:55.781538] [SUCCESS] Query #56: "What is the required VUT Time Error boundary condition for synchronization in th"
  ├─ Rephrased: "What is the required VUT Time Error boundary condition for synchronization in the CCCscp s"
  ├─ Retrieved Chunks (10): ['c000056', 'c000314', 'c000208', 'c000321', 'c000104', 'c000165']
  ├─ ReAct Steps: 0 | Latency: 38.91s (Retrieval: 12.14s | Gen: 26.77s)
  └─ Answer Preview: The required VUT Time Error boundary condition for synchronization in the CCCscp scenario is not explicitly stated in the provided document ...

[2026-08-30T13:09:08.149623] [SUCCESS] Query #58: "What is the maximum allowed VUT lateral deviation tolerance for CPTA and CBTA sc"
  ├─ Rephrased: "VUT lateral deviation tolerance CPTA CBTA"
  ├─ Retrieved Chunks (10): ['c000200', 'c000394', 'c000144', 'c000115', 'c000212', 'c000063']
  ├─ ReAct Steps: 0 | Latency: 34.17s (Retrieval: 4.06s | Gen: 30.12s)
  └─ Answer Preview: The maximum allowed VUT lateral deviation tolerance for CPTA and CBTA scenarios is ±0.5 meters path offset....

[2026-08-30T13:09:18.026629] [SUCCESS] Query #55: "What is the starting point (T0) relative to Time To Collision for most Frontal C"
  ├─ Rephrased: "What is the starting point (T0) relative to Time To Collision for most Frontal Collision t"
  ├─ Retrieved Chunks (10): ['c000019', 'c000148', 'c000022', 'c000018', 'c000144', 'c000251']
  ├─ ReAct Steps: 0 | Latency: 73.55s (Retrieval: 12.38s | Gen: 61.17s)
  └─ Answer Preview: The starting point (T0) relative to Time To Collision (TTC) for most Frontal Collision test scenarios is not explicitly defined in the provi...

[2026-08-30T13:09:18.026983] [SUCCESS] Query #57: "When must the direction indicator be applied before T_steer in the CCFtap scenar"
  ├─ Rephrased: "CCFtap T_steer direction indicator timing"
  ├─ Retrieved Chunks (10): ['c000330', 'c000290', 'c000305', 'c000191', 'c000178', 'c000036']
  ├─ ReAct Steps: 0 | Latency: 49.01s (Retrieval: 4.95s | Gen: 44.06s)
  └─ Answer Preview: There is no information provided in the given document chunks regarding when the direction indicator must be applied before T_steer in the C...

[2026-08-30T13:09:30.965403] [SUCCESS] Query #59: "What is the default delay time for the braking robot reacting to an FCW to accou"
  ├─ Rephrased: "What is the default delay time for the braking robot reacting to an FCW to account for dri"
  ├─ Retrieved Chunks (10): ['c000107', 'c000131', 'c000251', 'c000394', 'c000030', 'c000101']
  ├─ ReAct Steps: 0 | Latency: 52.92s (Retrieval: 12.38s | Gen: 40.53s)
  └─ Answer Preview: The provided document chunks do not contain information about the default delay time for the braking robot reacting to an FCW to account for...

[2026-08-30T13:09:30.965775] [SUCCESS] Query #60: "What maximum brake level is applied by the braking robot during an FCW test?"
  ├─ Rephrased: "FCW test braking robot maximum brake level"
  ├─ Retrieved Chunks (10): ['c000066', 'c000107', 'c000070', 'c000101', 'c000038', 'c000124']
  ├─ ReAct Steps: 0 | Latency: 40.53s (Retrieval: 5.33s | Gen: 35.19s)
  └─ Answer Preview: The provided document chunks do not specify a maximum brake level applied by the braking robot during an FCW (Forward Collision Warning) tes...

[2026-08-30T13:09:30.966028] [SUCCESS] Query #62: "At what TTC must steady-state conditions be met for the GVT in the CCCscp scenar"
  ├─ Rephrased: "TTC steady-state conditions GVT CCCscp scenario"
  ├─ Retrieved Chunks (10): ['c000091', 'c000208', 'c000056', 'c000273', 'c000176', 'c000204']
  ├─ ReAct Steps: 0 | Latency: 22.81s (Retrieval: 9.87s | Gen: 12.95s)
  └─ Answer Preview: TTC = 3.5s...

[2026-08-30T13:09:46.953755] [SUCCESS] Query #61: "How long is the stabilization phase following the target acceleration phase in c"
  ├─ Rephrased: "How long is the stabilization phase following the target acceleration phase in crossing sc"
  ├─ Retrieved Chunks (10): ['c000148', 'c000019', 'c000114', 'c000144', 'c000101', 'c000201']
  ├─ ReAct Steps: 0 | Latency: 51.17s (Retrieval: 12.36s | Gen: 38.81s)
  └─ Answer Preview: There is no specific mention of a stabilization phase following the target acceleration phase in the provided document chunks related to cro...

[2026-08-30T13:09:46.954110] [SUCCESS] Query #63: "What impact speed tolerance is applied to the verification tests?"
  ├─ Rephrased: "impact speed tolerance verification tests Euro NCAP"
  ├─ Retrieved Chunks (10): ['c000163', 'c000305', 'c000349', 'c000001', 'c000162', 'c000176']
  ├─ ReAct Steps: 0 | Latency: 28.92s (Retrieval: 8.83s | Gen: 20.10s)
  └─ Answer Preview: A 2 km/h tolerance to the impact speeds of the verification test is applied. The tolerance is applied in both directions....

[2026-08-30T13:09:46.954545] [SUCCESS] Query #64: "If the relative impact speed reduction is evaluated to be within the red colour "
  ├─ Rephrased: "relative_impact_speed_reduction_red_color_band_indication"
  ├─ Retrieved Chunks (10): ['c000148', 'c000144', 'c000101', 'c000019', 'c000022', 'c000158']
  ├─ ReAct Steps: 0 | Latency: 20.09s (Retrieval: 4.09s | Gen: 16.00s)
  └─ Answer Preview: If the relative impact speed reduction is evaluated to be within the red colour band, it indicates that the performance does not meet the re...

[2026-08-30T13:10:12.905197] [SUCCESS] Query #66: "What vehicle category should the smaller obstruction vehicle be according to the"
  ├─ Rephrased: "Frontal Collisions protocol smaller obstruction vehicle category"
  ├─ Retrieved Chunks (10): ['c000144', 'c000022', 'c000107', 'c000148', 'c000138', 'c000200']
  ├─ ReAct Steps: 0 | Latency: 29.62s (Retrieval: 1.93s | Gen: 27.70s)
  └─ Answer Preview: Pedestrian...

[2026-08-30T13:10:12.905538] [SUCCESS] Query #65: "For the AEB CCRs scenario, up to what maximum test speed must full avoidance be "
  ├─ Rephrased: "AEB CCRs maximum test speed full avoidanceeligible scoring"
  ├─ Retrieved Chunks (10): ['c000394', 'c000038', 'c000052', 'c000109', 'c000186', 'c000049']
  ├─ ReAct Steps: 0 | Latency: 41.94s (Retrieval: 12.30s | Gen: 29.63s)
  └─ Answer Preview: For the AEB CCRs scenario, full avoidance must be achieved for test speeds up to and including 20 km/h for all impact locations within the S...

[2026-08-30T13:10:29.199323] [SUCCESS] Query #67: "What vehicle category should the larger obstruction vehicle be according to the "
  ├─ Rephrased: "Frontal Collisions protocol larger obstruction vehicle category"
  ├─ Retrieved Chunks (10): ['c000144', 'c000107', 'c000022', 'c000120', 'c000148', 'c000152']
  ├─ ReAct Steps: 0 | Latency: 43.98s (Retrieval: 1.72s | Gen: 42.26s)
  └─ Answer Preview: The document does not specify a particular vehicle category for the larger obstruction vehicle in the Frontal Collisions protocol. The focus...

[2026-08-30T13:10:40.662870] [SUCCESS] Query #72: "What does DTLE stand for in the Lane Departure protocol?"
  ├─ Rephrased: "Lane Departure Warning System Technical Specification Definition"
  ├─ Retrieved Chunks (10): ['c000291', 'c000343', 'c000163', 'c000305', 'c000250', 'c000191']
  ├─ ReAct Steps: 0 | Latency: 15.40s (Retrieval: 3.87s | Gen: 11.54s)
  └─ Answer Preview: DTLE stands for "Departure from Traffic Lane Edge"....

[2026-08-30T13:10:40.663224] [SUCCESS] Query #71: "What does LKA stand for in the Lane Departure protocol?"
  ├─ Rephrased: "What does LKA stand for in the Lane Departure protocol?"
  ├─ Retrieved Chunks (10): ['c000458', 'c000163', 'c000305', 'c000210', 'c000001', 'c000359']
  ├─ ReAct Steps: 0 | Latency: 27.76s (Retrieval: 12.34s | Gen: 15.41s)
  └─ Answer Preview: LKA stands for Lane Keeping Assist in the Lane Departure protocol....

[2026-08-30T13:10:40.663451] [SUCCESS] Query #70: "What does ELK stand for in the Lane Departure protocol?"
  ├─ Rephrased: "Lane Departure protocol terminology definition ELK"
  ├─ Retrieved Chunks (10): ['c000191', 'c000163', 'c000001', 'c000458', 'c000003', 'c000147']
  ├─ ReAct Steps: 0 | Latency: 31.62s (Retrieval: 3.85s | Gen: 27.77s)
  └─ Answer Preview: ELK does not stand for anything in the provided document context related to the Lane Departure protocol or any other specific terms like thi...

[2026-08-30T13:10:55.703831] [SUCCESS] Query #68: "According to the Lane Departure protocol, what ASTM method is used to measure th"
  ├─ Rephrased: "According to the Lane Departure protocol, what ASTM method is used to measure the Peak Bra"
  ├─ Retrieved Chunks (10): ['c000251', 'c000036', 'c000149', 'c000163', 'c000047', 'c000201']
  ├─ ReAct Steps: 0 | Latency: 68.75s (Retrieval: 12.39s | Gen: 56.35s)
  └─ Answer Preview: There is no mention of the ASTM method used to measure the Peak Braking Coefficient (PBC) in the provided document chunks. The document focu...

[2026-08-30T13:10:55.704285] [SUCCESS] Query #69: "At what specific speed is the Peak Braking Coefficient (PBC) measured using the "
  ├─ Rephrased: "PBC measurement speed ASTM reference tyre"
  ├─ Retrieved Chunks (10): ['c000149', 'c000133', 'c000158', 'c000096', 'c000086', 'c000125']
  ├─ ReAct Steps: 0 | Latency: 56.34s (Retrieval: 9.68s | Gen: 46.67s)
  └─ Answer Preview: The document does not provide specific details about the Peak Braking Coefficient (PBC) measurement using the ASTM reference tyre, including...

[2026-08-30T13:11:12.496625] [SUCCESS] Query #73: "What is the required measurement accuracy for the VUT heading angle in Lane Depa"
  ├─ Rephrased: "VUT heading angle measurement accuracy Lane Departure tests"
  ├─ Retrieved Chunks (10): ['c000305', 'c000330', 'c000291', 'c000327', 'c000191', 'c000290']
  ├─ ReAct Steps: 0 | Latency: 43.30s (Retrieval: 11.45s | Gen: 31.84s)
  └─ Answer Preview: The required measurement accuracy for the VUT heading angle in Lane Departure tests is not explicitly stated in the provided document chunks...

[2026-08-30T13:11:24.587110] [SUCCESS] Query #74: "What is the specified test lane width when measured from the inside edge of the "
  ├─ Rephrased: "Euro NCAP test lane width inside edge marking"
  ├─ Retrieved Chunks (10): ['c000305', 'c000290', 'c000271', 'c000209', 'c000310', 'c000158']
  ├─ ReAct Steps: 0 | Latency: 43.92s (Retrieval: 7.69s | Gen: 36.23s)
  └─ Answer Preview: The specified test lane width when measured from the inside edge of the lane marking is 3.5 to 3.7 meters....

[2026-08-30T13:11:24.587960] [SUCCESS] Query #77: "During tyre conditioning, what is the exact diameter of the circle the vehicle m"
  ├─ Rephrased: "During tyre conditioning, what is the exact diameter of the circle the vehicle must drive "
  ├─ Retrieved Chunks (10): ['c000321', 'c000028', 'c000010', 'c000273', 'c000007', 'c000274']
  ├─ ReAct Steps: 0 | Latency: 28.88s (Retrieval: 12.35s | Gen: 16.54s)
  └─ Answer Preview: 30m...

[2026-08-30T13:11:24.588169] [SUCCESS] Query #75: "What distance must exist between the inner edge of the lane marking and the road"
  ├─ Rephrased: "lane boundary clearance Euro NCAP specifications"
  ├─ Retrieved Chunks (10): ['c000285', 'c000341', 'c000288', 'c000279', 'c000339', 'c000314']
  ├─ ReAct Steps: 0 | Latency: 36.22s (Retrieval: 3.35s | Gen: 32.87s)
  └─ Answer Preview: There is no specific distance mentioned in the provided document chunks regarding the distance between the inner edge of the lane marking an...

[2026-08-30T13:11:35.425948] [SUCCESS] Query #78: "At what speed must the vehicle drive during the sinusoidal tyre conditioning pas"
  ├─ Rephrased: "speed for sinusoidal tyre conditioning passes"
  ├─ Retrieved Chunks (10): ['c000321', 'c000123', 'c000004', 'c000033', 'c000154', 'c000279']
  ├─ ReAct Steps: 0 | Latency: 27.36s (Retrieval: 4.43s | Gen: 22.94s)
  └─ Answer Preview: The vehicle must drive at 56km/h during the sinusoidal tyre conditioning passes....

[2026-08-30T13:11:35.426330] [SUCCESS] Query #79: "What frequency is used for the sinusoidal steering input during tyre conditionin"
  ├─ Rephrased: "What frequency is used for the sinusoidal steering input during tyre conditioning?"
  ├─ Retrieved Chunks (10): ['c000321', 'c000004', 'c000123', 'c000154', 'c000033', 'c000220']
  ├─ ReAct Steps: 0 | Latency: 22.93s (Retrieval: 12.08s | Gen: 10.85s)
  └─ Answer Preview: 1Hz...

[2026-08-30T13:11:35.426573] [SUCCESS] Query #76: "What is the minimum length of lane marking that must remain ahead of the vehicle"
  ├─ Rephrased: "Lane Departure test minimum remaining lane marking length"
  ├─ Retrieved Chunks (10): ['c000305', 'c000290', 'c000342', 'c000291', 'c000310', 'c000302']
  ├─ ReAct Steps: 0 | Latency: 43.70s (Retrieval: 3.97s | Gen: 39.73s)
  └─ Answer Preview: There is no specific mention of a minimum length of lane marking that must remain ahead of the vehicle after a Lane Departure test is comple...

[2026-08-30T13:12:00.124548] [SUCCESS] Query #80: "How many runs must be performed for a system check before actual Lane Departure "
  ├─ Rephrased: "Lane Departure System Check Runs Before Testing"
  ├─ Retrieved Chunks (10): ['c000322', 'c000329', 'c000342', 'c000291', 'c000191', 'c000163']
  ├─ ReAct Steps: 0 | Latency: 35.53s (Retrieval: 6.93s | Gen: 28.61s)
  └─ Answer Preview: Ten runs must be performed for a system check before actual Lane Departure testing begins....

[2026-08-30T13:12:00.124924] [SUCCESS] Query #81: "What is the specific limit value for DTLE in Lane Departure - ELK Road Edge test"
  ├─ Rephrased: "Lane_Departure_ELK_Road_Edge_test_limit_value"
  ├─ Retrieved Chunks (10): ['c000290', 'c000305', 'c000297', 'c000310', 'c000302', 'c000163']
  ├─ ReAct Steps: 0 | Latency: 28.60s (Retrieval: 2.30s | Gen: 26.30s)
  └─ Answer Preview: The specific limit value for DTLE in Lane Departure – ELK Road Edge tests is set to -0.1m....

[2026-08-30T13:12:17.101158] [SUCCESS] Query #82: "At what lateral speed must the Continuous Intervention Driveability testing be c"
  ├─ Rephrased: "Continuous Intervention Driveability lateral speed test protocol"
  ├─ Retrieved Chunks (10): ['c000305', 'c000281', 'c000297', 'c000191', 'c000163', 'c000001']
  ├─ ReAct Steps: 0 | Latency: 43.27s (Retrieval: 1.58s | Gen: 41.69s)
  └─ Answer Preview: Continuous Intervention Driveability testing is not specified with a particular lateral speed in the provided context. However, the testing ...

[2026-08-30T13:12:17.101522] [SUCCESS] Query #83: "What is the maximum allowed overriding torque during an active lane support syst"
  ├─ Rephrased: "What is the maximum allowed overriding torque during an active lane support system interve"
  ├─ Retrieved Chunks (10): ['c000336', 'c000279', 'c000191', 'c000282', 'c000285', 'c000333']
  ├─ ReAct Steps: 0 | Latency: 41.67s (Retrieval: 12.37s | Gen: 29.30s)
  └─ Answer Preview: The maximum allowed overriding torque during an active lane support system intervention to satisfy the Driveability requirement is 3.0Nm + 0...

[2026-08-30T13:12:17.101783] [SUCCESS] Query #84: "For steering response tests >=70km/h at a lateral speed of 0.2m/s, what is the m"
  ├─ Rephrased: "steering response test Euro NCAP >=70km/h lateral speed 0.2m/s maximum steering wheel velo"
  ├─ Retrieved Chunks (10): ['c000336', 'c000305', 'c000191', 'c000178', 'c000338', 'c000285']
  ├─ ReAct Steps: 0 | Latency: 29.29s (Retrieval: 6.24s | Gen: 23.05s)
  └─ Answer Preview: For steering response tests ≥70km/h at a lateral speed of 0.2m/s, the maximum allowed steering wheel velocity is ±20 °/sec....

[2026-08-30T13:12:35.861722] [SUCCESS] Query #85: "For steering response tests >=70km/h at a lateral speed of 0.6m/s, what is the m"
  ├─ Rephrased: "steering response test Euro NCAP >=70km/h lateral speed 0.6m/s maximum steering wheel velo"
  ├─ Retrieved Chunks (10): ['c000336', 'c000191', 'c000305', 'c000163', 'c000338', 'c000285']
  ├─ ReAct Steps: 0 | Latency: 41.80s (Retrieval: 6.05s | Gen: 35.75s)
  └─ Answer Preview: For steering response tests ≥70km/h at a lateral speed of 0.6m/s, the maximum allowed steering wheel velocity is ±40 °/sec....

[2026-08-30T13:12:35.862110] [SUCCESS] Query #87: "What lateral velocity range is used for intentional lane changes in the ELK Car-"
  ├─ Rephrased: "ELK Car-to-Car Overtaking tests lateral velocity range"
  ├─ Retrieved Chunks (10): ['c000183', 'c000284', 'c000302', 'c000290', 'c000310', 'c000182']
  ├─ ReAct Steps: 0 | Latency: 23.35s (Retrieval: 4.58s | Gen: 18.77s)
  └─ Answer Preview: 0.5 m/s...

[2026-08-30T13:12:35.862542] [SUCCESS] Query #86: "What lateral velocity range is used for unintentional lane changes in the ELK Ca"
  ├─ Rephrased: "What lateral velocity range is used for unintentional lane changes in the ELK Car-to-Car O"
  ├─ Retrieved Chunks (10): ['c000330', 'c000179', 'c000252', 'c000012', 'c000342', 'c000174']
  ├─ ReAct Steps: 0 | Latency: 35.74s (Retrieval: 12.37s | Gen: 23.36s)
  └─ Answer Preview: The lateral velocity range used for unintentional lane changes in the ELK Car-to-Car Overtaking tests is 0.4 m/s to 0.8 m/s....

[2026-08-30T13:12:54.182121] [SUCCESS] Query #89: "In the ELK Car-to-Motorcyclist Oncoming scenario, what is the lateral distance o"
  ├─ Rephrased: "ELK Car-to-Motorcyclist Oncoming lateral distance center dashed lane marking"
  ├─ Retrieved Chunks (10): ['c000305', 'c000310', 'c000290', 'c000178', 'c000297', 'c000302']
  ├─ ReAct Steps: 0 | Latency: 24.64s (Retrieval: 4.28s | Gen: 20.36s)
  └─ Answer Preview: The lateral distance of the target's path from the inner side of the centre dashed lane marking is 1m....

[2026-08-30T13:12:54.182477] [SUCCESS] Query #90: "What is the synchronized impact location for the ELK Car-to-Car Oncoming scenari"
  ├─ Rephrased: "ELK Car-to-Car Oncoming synchronized impact location"
  ├─ Retrieved Chunks (10): ['c000305', 'c000297', 'c000310', 'c000290', 'c000178', 'c000302']
  ├─ ReAct Steps: 0 | Latency: 20.35s (Retrieval: 2.02s | Gen: 18.33s)
  └─ Answer Preview: The synchronized impact location for the ELK Car-to-Car Oncoming scenario is at a 90% impact location of the VUT (assuming no system reactio...

[2026-08-30T13:12:54.182722] [SUCCESS] Query #88: "In the ELK Car-to-Car Oncoming scenario, what is the lateral distance of the tar"
  ├─ Rephrased: "In the ELK Car-to-Car Oncoming scenario, what is the lateral distance of the target's path"
  ├─ Retrieved Chunks (10): ['c000305', 'c000290', 'c000297', 'c000310', 'c000302', 'c000178']
  ├─ ReAct Steps: 0 | Latency: 37.08s (Retrieval: 12.43s | Gen: 24.65s)
  └─ Answer Preview: The lateral distance of the target's path from the inner side of the centre dashed lane marking in the ELK Car-to-Car Oncoming scenario is 1...

[2026-08-30T13:13:13.640880] [SUCCESS] Query #93: "At what specific TTC is an ELK test assumed to have failed if no system interven"
  ├─ Rephrased: "ELK test specific TTC no system intervention"
  ├─ Retrieved Chunks (10): ['c000327', 'c000305', 'c000330', 'c000163', 'c000201', 'c000348']
  ├─ ReAct Steps: 0 | Latency: 21.11s (Retrieval: 1.64s | Gen: 19.47s)
  └─ Answer Preview: 0.8s...

[2026-08-30T13:13:13.641233] [SUCCESS] Query #91: "What is the synchronized impact location for the ELK Car-to-Motorcyclist Oncomin"
  ├─ Rephrased: "What is the synchronized impact location for the ELK Car-to-Motorcyclist Oncoming scenario"
  ├─ Retrieved Chunks (10): ['c000305', 'c000178', 'c000179', 'c000310', 'c000290', 'c000297']
  ├─ ReAct Steps: 0 | Latency: 37.78s (Retrieval: 12.37s | Gen: 25.40s)
  └─ Answer Preview: The synchronized impact location for the ELK Car-to-Motorcyclist Oncoming scenario is at a 110% impact location (assuming no system reaction...

[2026-08-30T13:13:13.641475] [SUCCESS] Query #92: "What is the minimum required lateral separation between the VUT and the EMT to a"
  ├─ Rephrased: "minimum required lateral separation VUT EMT ELK test"
  ├─ Retrieved Chunks (10): ['c000305', 'c000327', 'c000310', 'c000179', 'c000201', 'c000349']
  ├─ ReAct Steps: 0 | Latency: 25.39s (Retrieval: 4.28s | Gen: 21.12s)
  └─ Answer Preview: The minimum required lateral separation between the VUT and the EMT to avoid failing the ELK test is 0.3 meters in the oncoming and overtaki...

[2026-08-30T13:13:33.334700] [SUCCESS] Query #94: "How many points are awarded for a PASS (Avoidance) in the ELK Car & PTW Standard"
  ├─ Rephrased: "How many points are awarded for a PASS (Avoidance) in the ELK Car & PTW Standard Range tes"
  ├─ Retrieved Chunks (10): ['c000201', 'c000305', 'c000327', 'c000293', 'c000349', 'c000179']
  ├─ ReAct Steps: 0 | Latency: 39.15s (Retrieval: 12.40s | Gen: 26.75s)
  └─ Answer Preview: 4...

[2026-08-30T13:13:33.335052] [SUCCESS] Query #95: "What percentage of the total available score in the Standard Range must be achie"
  ├─ Rephrased: "Euro NCAP Standard Range Extended Range scoring threshold percentage"
  ├─ Retrieved Chunks (10): ['c000209', 'c000201', 'c000163', 'c000175', 'c000114', 'c000458']
  ├─ ReAct Steps: 0 | Latency: 26.74s (Retrieval: 5.25s | Gen: 21.50s)
  └─ Answer Preview: To be eligible for Extended Range scoring, at least 50% of the total available score in the Standard Range must be achieved....

[2026-08-30T13:13:33.335490] [SUCCESS] Query #96: "How many maximum points are available specifically for the Driveability assessme"
  ├─ Rephrased: "Driveability assessment Single Vehicle tests maximum points"
  ├─ Retrieved Chunks (10): ['c000163', 'c000001', 'c000305', 'c000349', 'c000175', 'c000191']
  ├─ ReAct Steps: 0 | Latency: 21.49s (Retrieval: 1.78s | Gen: 19.71s)
  └─ Answer Preview: 0  Driveability assessment is not explicitly mentioned to have a fixed number of points in the provided context. The focus is on conditions ...

[2026-08-30T13:14:00.043980] [SUCCESS] Query #98: "How quickly must the Lane Support sensitivity revert to its nominal setting afte"
  ├─ Rephrased: "Lane Support sensitivity reversion time after Driver Status Monitoring degraded performanc"
  ├─ Retrieved Chunks (10): ['c000340', 'c000339', 'c000288', 'c000251', 'c000191', 'c000394']
  ├─ ReAct Steps: 0 | Latency: 34.02s (Retrieval: 4.95s | Gen: 29.07s)
  └─ Answer Preview: The Lane Support sensitivity must revert to its nominal setting within less than 1 second after the Driver Status Monitoring system detects ...

[2026-08-30T13:14:01.881030] [SUCCESS] Query #97: "How many maximum points are available specifically for the Driver State Link ass"
  ├─ Rephrased: "How many maximum points are available specifically for the Driver State Link assessment wi"
  ├─ Retrieved Chunks (10): ['c000163', 'c000349', 'c000305', 'c000001', 'c000175', 'c000214']
  ├─ ReAct Steps: 0 | Latency: 48.24s (Retrieval: 12.37s | Gen: 35.87s)
  └─ Answer Preview: The document does not specify the number of maximum points available specifically for the Driver State Link assessment within the Single Veh...

[2026-08-30T13:14:02.445708] [SUCCESS] Query #99: "What does BSM stand for in the Lane Departure protocol?"
  ├─ Rephrased: "Lane_Departure_Brake_Support_Monitoring"
  ├─ Retrieved Chunks (10): ['c000201', 'c000191', 'c000148', 'c000019', 'c000199', 'c000200']
  ├─ ReAct Steps: 0 | Latency: 31.46s (Retrieval: 2.34s | Gen: 29.12s)
  └─ Answer Preview: BSM stands for Blind Spot Monitoring in the Lane Departure protocol. However, based on the provided context, BSM is not directly mentioned i...

[2026-08-30T13:14:06.216092] [SUCCESS] Query #100: "How is a Driver Intention Monitoring system defined in the Lane Departure protoc"
  ├─ Rephrased: "How is a Driver Intention Monitoring system defined in the Lane Departure protocol?"
  ├─ Retrieved Chunks (10): ['c000152', 'c000006', 'c000251', 'c000340', 'c000144', 'c000148']
  ├─ ReAct Steps: 0 | Latency: 32.88s (Retrieval: 12.36s | Gen: 20.52s)
  └─ Answer Preview: A Driver Intention Monitoring system is not directly defined in the Lane Departure protocol provided. However, the protocol mentions that a ...

[2026-08-30T13:54:22.038130] [SUCCESS] Query #1: "What does VUT stand for in the Assisted Driving protocol?"
  ├─ Rephrased: "VUT in Assisted Driving protocol definition"
  ├─ Retrieved Chunks (10): ['c000420', 'c000452', 'c000394', 'c000401', 'c000442', 'c000398']
  ├─ ReAct Steps: 0 | Latency: 30.27s (Retrieval: 3.17s | Gen: 27.09s)
  └─ Answer Preview: VUT stands for Vehicle under test....

[2026-08-30T13:54:24.784463] [SUCCESS] Query #2: "What does GVT stand for in the Assisted Driving protocol?"
  ├─ Rephrased: "GVT Assisted Driving protocol definition"
  ├─ Retrieved Chunks (10): ['c000394', 'c000388', 'c000251', 'c000420', 'c000401', 'c000390']
  ├─ ReAct Steps: 0 | Latency: 29.83s (Retrieval: 1.44s | Gen: 28.39s)
  └─ Answer Preview: GVT stands for Global Vehicle Target....

[2026-08-30T13:54:24.785306] [SUCCESS] Query #3: "In the Assisted Driving Cut-out test, what does SOV stand for?"
  ├─ Rephrased: "Assisted Driving Cut-out test SOV definition"
  ├─ Retrieved Chunks (10): ['c000438', 'c000463', 'c000467', 'c000466', 'c000462', 'c000464']
  ├─ ReAct Steps: 0 | Latency: 28.38s (Retrieval: 1.71s | Gen: 26.67s)
  └─ Answer Preview: SOV stands for Safety Backup....

[2026-08-30T13:54:24.785517] [SUCCESS] Query #4: "What is the definition of the Speed Limit Information Function (SLIF)?"
  ├─ Rephrased: "Speed Limit Information Function (SLIF) definition Euro NCAP"
  ├─ Retrieved Chunks (10): ['c000395', 'c000408', 'c000434', 'c000433', 'c000475', 'c000432']
  ├─ ReAct Steps: 0 | Latency: 26.66s (Retrieval: 2.14s | Gen: 24.52s)
  └─ Answer Preview: The Speed Limit Information Function (SLIF) – a function with which the vehicle knows and communicates the speed limit....

[2026-08-30T13:54:37.358346] [SUCCESS] Query #5: "How is Intelligent Adaptive Cruise Control (iACC) defined?"
  ├─ Rephrased: "iACC definition Euro NCAP"
  ├─ Retrieved Chunks (10): ['c000331', 'c000432', 'c000471', 'c000002', 'c000246', 'c000470']
  ├─ ReAct Steps: 0 | Latency: 15.32s (Retrieval: 2.73s | Gen: 12.58s)
  └─ Answer Preview: Intelligent Adaptive Cruise Control (iACC) can be referred to as a system with the capability to self-adjust or offer changes of the set spe...

[2026-08-30T13:55:00.588331] [SUCCESS] Query #6: "What is the minimum design maximum speed for a Real Motorcycle target used in Bl"
  ├─ Rephrased: "Real Motorcycle VUT Blind-Spot Monitoring Tests design maximum speed minimum"
  ├─ Retrieved Chunks (10): ['c000395', 'c000251', 'c000345', 'c000201', 'c000007', 'c000349']
  ├─ ReAct Steps: 0 | Latency: 35.80s (Retrieval: 8.21s | Gen: 27.59s)
  └─ Answer Preview: The minimum design maximum speed for a Real Motorcycle target used in Blind-Spot Monitoring Tests is 80km/h....

[2026-08-30T13:55:05.022772] [SUCCESS] Query #8: "How many points are awarded if a system name contains the word "assistant", "ass"
  ├─ Rephrased: "Euro NCAP VUT CPFA points system assistant assistance assist"
  ├─ Retrieved Chunks (10): ['c000449', 'c000433', 'c000406', 'c000426', 'c000432', 'c000036']
  ├─ ReAct Steps: 0 | Latency: 29.83s (Retrieval: 2.15s | Gen: 27.68s)
  └─ Answer Preview: 10 points are awarded if the system name contains the word "assistant", "assistance", or "assist"....

[2026-08-30T13:55:05.023120] [SUCCESS] Query #7: "What is the grading requirement to achieve a "VERY GOOD" score in the Highway an"
  ├─ Rephrased: "Highway Interurban Assist Systems grading requirements VERY GOOD score"
  ├─ Retrieved Chunks (10): ['c000401', 'c000403', 'c000392', 'c000420', 'c000416', 'c000393']
  ├─ ReAct Steps: 0 | Latency: 32.01s (Retrieval: 2.17s | Gen: 29.84s)
  └─ Answer Preview: The grading requirement to achieve a "VERY GOOD" score in the Highway and Interurban Assist Systems grading is ≥ 160 points (≥ 80%)....

[2026-08-30T13:55:14.652261] [SUCCESS] Query #9: "What words are strictly forbidden from being used in a system name under the Ass"
  ├─ Rephrased: "What words are strictly forbidden from being used in a system name under the Assisted Driv"
  ├─ Retrieved Chunks (10): ['c000406', 'c000401', 'c000420', 'c000006', 'c000410', 'c000394']
  ├─ ReAct Steps: 0 | Latency: 37.29s (Retrieval: 12.36s | Gen: 24.93s)
  └─ Answer Preview: The system name shall not contain the word "auto", "automatic", "automated", any other variation of the term or another term which is deemed...

[2026-08-30T13:55:14.652627] [SUCCESS] Query #10: "How many points are awarded if the marketing material correctly describes the sy"
  ├─ Rephrased: "Euro NCAP marketing material system functionality points VUT GVT"
  ├─ Retrieved Chunks (10): ['c000407', 'c000405', 'c000067', 'c000447', 'c000246', 'c000087']
  ├─ ReAct Steps: 0 | Latency: 14.06s (Retrieval: 4.42s | Gen: 9.64s)
  └─ Answer Preview: 5 points are awarded if the marketing material correctly describes the system functionality....

[2026-08-30T13:55:29.339707] [SUCCESS] Query #12: "What specific color must be used on the Continuous System Status Indicator to de"
  ├─ Rephrased: "CPFA Assisted Mode Continuous System Status Indicator Color"
  ├─ Retrieved Chunks (10): ['c000412', 'c000404', 'c000410', 'c000107', 'c000411', 'c000423']
  ├─ ReAct Steps: 0 | Latency: 16.57s (Retrieval: 1.87s | Gen: 14.70s)
  └─ Answer Preview: Green must be used for Assisted Mode....

[2026-08-30T13:55:29.340247] [SUCCESS] Query #11: "What is the total point value available for the Continuous System Status Indicat"
  ├─ Rephrased: "Continuous System Status Indicator total point value Euro NCAP"
  ├─ Retrieved Chunks (10): ['c000412', 'c000404', 'c000410', 'c000413', 'c000200', 'c000411']
  ├─ ReAct Steps: 0 | Latency: 24.31s (Retrieval: 7.73s | Gen: 16.58s)
  └─ Answer Preview: The total point value available for the Continuous System Status Indicator is 20 points....

[2026-08-30T13:55:44.012261] [SUCCESS] Query #13: "What is the recommended decibel range for an additional acoustic indication duri"
  ├─ Rephrased: "What is the recommended decibel range for an additional acoustic indication during a syste"
  ├─ Retrieved Chunks (10): ['c000413', 'c000410', 'c000470', 'c000418', 'c000454', 'c000411']
  ├─ ReAct Steps: 0 | Latency: 29.36s (Retrieval: 12.36s | Gen: 17.00s)
  └─ Answer Preview: The recommended decibel range for an additional acoustic indication during a system status change is 50~90 dB....

[2026-08-30T13:55:44.012624] [SUCCESS] Query #14: "How many points are awarded for a system that robustly detects if the driver's h"
  ├─ Rephrased: "Euro NCAP VUT Assisted Mode Hand Detection Points"
  ├─ Retrieved Chunks (10): ['c000451', 'c000416', 'c000418', 'c000420', 'c000423', 'c000036']
  ├─ ReAct Steps: 0 | Latency: 16.99s (Retrieval: 2.31s | Gen: 14.68s)
  └─ Answer Preview: 5 points are awarded for a system that robustly detects if the driver's hands are on the steering wheel during Assisted Mode....

[2026-08-30T13:56:00.226538] [SUCCESS] Query #16: "How many repetitive visual distraction instances lead to a controllable Assisted"
  ├─ Rephrased: "VUT Assisted Mode repetitive visual distraction lock-out threshold"
  ├─ Retrieved Chunks (10): ['c000423', 'c000417', 'c000415', 'c000418', 'c000416', 'c000419']
  ├─ ReAct Steps: 0 | Latency: 18.51s (Retrieval: 2.28s | Gen: 16.22s)
  └─ Answer Preview: 3 repetitive visual distraction instances lead to a controllable Assisted Mode lock-out....

[2026-08-30T13:56:12.429847] [SUCCESS] Query #15: "How soon must Assisted Mode be deactivated if the Driver State Monitoring system"
  ├─ Rephrased: "How soon must Assisted Mode be deactivated if the Driver State Monitoring system becomes u"
  ├─ Retrieved Chunks (10): ['c000418', 'c000053', 'c000279', 'c000252', 'c000416', 'c000423']
  ├─ ReAct Steps: 0 | Latency: 43.09s (Retrieval: 12.37s | Gen: 30.72s)
  └─ Answer Preview: The Assisted Mode must be deactivated no later than 10 seconds from the point the Driver State Monitoring (DSM) becomes unavailable due to a...

[2026-08-30T13:56:20.889416] [SUCCESS] Query #17: "What is the maximum time window within which repetitive distractions will trigge"
  ├─ Rephrased: "What is the maximum time window within which repetitive distractions will trigger an Assis"
  ├─ Retrieved Chunks (10): ['c000423', 'c000418', 'c000284', 'c000419', 'c000426', 'c000330']
  ├─ ReAct Steps: 0 | Latency: 36.87s (Retrieval: 12.34s | Gen: 24.53s)
  └─ Answer Preview: The maximum time window within which repetitive distractions will trigger an Assisted Mode lock-out is 30 minutes....

[2026-08-30T13:56:20.889772] [SUCCESS] Query #18: "What frequency is applied when steering the full sine wave during the Pothole Te"
  ├─ Rephrased: "Pothole Test PBC full sine wave frequency"
  ├─ Retrieved Chunks (10): ['c000426', 'c000427', 'c000042', 'c000052', 'c000425', 'c000081']
  ├─ ReAct Steps: 0 | Latency: 24.52s (Retrieval: 3.85s | Gen: 20.67s)
  └─ Answer Preview: The frequency applied when steering the full sine wave during the Pothole Test is 0.25Hz....

[2026-08-30T13:56:32.063250] [SUCCESS] Query #19: "What is the target Distance To Lane Edge (DTLE) for the steering amplitude in th"
  ├─ Rephrased: "What is the target Distance To Lane Edge (DTLE) for the steering amplitude in the Pothole "
  ├─ Retrieved Chunks (10): ['c000427', 'c000426', 'c000254', 'c000271', 'c000252', 'c000428']
  ├─ ReAct Steps: 0 | Latency: 31.83s (Retrieval: 12.19s | Gen: 19.64s)
  └─ Answer Preview: The target Distance To Lane Edge (DTLE) for the steering amplitude in the Pothole Test is -50±5 cm....

[2026-08-30T13:56:32.063606] [SUCCESS] Query #20: "What is the target Distance To Lane Edge (DTLE) for the steering amplitude in th"
  ├─ Rephrased: "Partial Lane Change Test DTLE steering amplitude target"
  ├─ Retrieved Chunks (10): ['c000428', 'c000426', 'c000427', 'c000430', 'c000081', 'c000429']
  ├─ ReAct Steps: 0 | Latency: 19.63s (Retrieval: 8.45s | Gen: 11.18s)
  └─ Answer Preview: The target Distance To Lane Edge (DTLE) for the steering amplitude in the Partial Lane Change Test is -50±5 cm....

[2026-08-30T13:56:48.580374] [SUCCESS] Query #22: "How much time does a driver have to confirm an offered lower speed limit for it "
  ├─ Rephrased: "time driver confirm lower speed limit adopted ISO"
  ├─ Retrieved Chunks (10): ['c000434', 'c000475', 'c000435', 'c000449', 'c000395', 'c000432']
  ├─ ReAct Steps: 0 | Latency: 18.14s (Retrieval: 1.61s | Gen: 16.53s)
  └─ Answer Preview: The driver has 1.5 seconds to confirm the offered lower speed limit for it to be considered adopted "in time"....

[2026-08-30T13:57:06.117231] [SUCCESS] Query #23: "What Time To Collision (TTC) is used for the Cut-out tests to verify Safety Back"
  ├─ Rephrased: "What Time To Collision (TTC) is used for the Cut-out tests to verify Safety Backup? Time T"
  ├─ Retrieved Chunks (10): ['c000466', 'c000461', 'c000467', 'c000179', 'c000463', 'c000330']
  ├─ ReAct Steps: 0 | Latency: 34.05s (Retrieval: 12.41s | Gen: 21.64s)
  └─ Answer Preview: The Time To Collision (TTC) used for the Cut-out tests to verify Safety Backup is 2 seconds....

[2026-08-30T13:57:10.423361] [SUCCESS] Query #24: "What is the total maximum sub-points available for the Car-to-Car Rear Stationar"
  ├─ Rephrased: "CCRs ACC AEB total sub-points evaluation"
  ├─ Retrieved Chunks (10): ['c000460', 'c000464', 'c000465', 'c000468', 'c000276', 'c000187']
  ├─ ReAct Steps: 0 | Latency: 25.94s (Retrieval: 4.09s | Gen: 21.85s)
  └─ Answer Preview: The total maximum sub-points available for the Car-to-Car Rear Stationary (CCRs) test in the ACC/AEB evaluation is 8....

[2026-08-30T13:57:19.615151] [SUCCESS] Query #21: "How many points are awarded for override response if a vehicle has an absolute o"
  ├─ Rephrased: "Euro NCAP VUT override response points absolute override torque <5Nm"
  ├─ Retrieved Chunks (10): ['c000424', 'c000341', 'c000429', 'c000430', 'c000336', 'c000428']
  ├─ ReAct Steps: 0 | Latency: 58.72s (Retrieval: 9.54s | Gen: 49.18s)
  └─ Answer Preview: 20 points are awarded for the reaction of the system if the following conditions are met: - The Lane Centering function provides continuous ...

[2026-08-30T13:57:19.615500] [SUCCESS] Query #26: "How many points are awarded to systems able to successfully provide a warning an"
  ├─ Rephrased: "Euro NCAP VUT microsleep detection warning intervention points"
  ├─ Retrieved Chunks (10): ['c000452', 'c000007', 'c000453', 'c000183', 'c000419', 'c000451']
  ├─ ReAct Steps: 0 | Latency: 13.50s (Retrieval: 4.29s | Gen: 9.20s)
  └─ Answer Preview: 5 points are awarded to systems able to successfully provide a warning and intervention immediately after detecting a microsleep....

[2026-08-30T13:57:31.242063] [SUCCESS] Query #27: "How many points are awarded to systems able to successfully provide a warning an"
  ├─ Rephrased: "Euro NCAP VUT sleep detection warning intervention points"
  ├─ Retrieved Chunks (10): ['c000453', 'c000452', 'c000451', 'c000339', 'c000284', 'c000285']
  ├─ ReAct Steps: 0 | Latency: 20.82s (Retrieval: 9.18s | Gen: 11.64s)
  └─ Answer Preview: 5 points are awarded to systems able to successfully provide a warning and intervention immediately after detecting sleep....

[2026-08-30T13:57:31.242419] [SUCCESS] Query #25: "How long must a vehicle be driven with a blocked sensor before attempting an ass"
  ├─ Rephrased: "How long must a vehicle be driven with a blocked sensor before attempting an assistance sy"
  ├─ Retrieved Chunks (10): ['c000447', 'c000448', 'c000449', 'c000450', 'c000446', 'c000441']
  ├─ ReAct Steps: 0 | Latency: 42.66s (Retrieval: 12.35s | Gen: 30.31s)
  └─ Answer Preview: Once the material is in place to block the sensor, start the car and drive up to the minimum speed to activate the assistance system as deta...

[2026-08-30T13:57:46.895116] [SUCCESS] Query #28: "How many points are awarded if an unresponsive driver is detected by indirect se"
  ├─ Rephrased: "Euro NCAP VUT indirect sensing unresponsive driver prolonged steering inactivity points"
  ├─ Retrieved Chunks (10): ['c000454', 'c000451', 'c000288', 'c000456', 'c000455', 'c000101']
  ├─ ReAct Steps: 0 | Latency: 27.28s (Retrieval: 9.02s | Gen: 18.26s)
  └─ Answer Preview: 10 points are awarded if an unresponsive driver is detected by indirect sensing such as prolonged steering inactivity....

[2026-08-30T13:57:46.895482] [SUCCESS] Query #29: "How many bonus points are awarded for an advanced response that changes lanes to"
  ├─ Rephrased: "Euro NCAP VUT bonus points advanced response emergency lane change unresponsive driver"
  ├─ Retrieved Chunks (10): ['c000454', 'c000471', 'c000396', 'c000415', 'c000330', 'c000339']
  ├─ ReAct Steps: 0 | Latency: 18.25s (Retrieval: 2.59s | Gen: 15.66s)
  └─ Answer Preview: 5 points are awarded for a more advanced response that changes lanes to an emergency lane for an unresponsive driver....

[2026-08-30T13:58:02.932301] [SUCCESS] Query #31: "How many points are awarded for a successful Car-to-Car intentional lane change "
  ├─ Rephrased: "Euro NCAP Car-to-Car intentional lane change Safety Backup LSS evaluation points VUT"
  ├─ Retrieved Chunks (10): ['c000471', 'c000443', 'c000401', 'c000191', 'c000067', 'c000320']
  ├─ ReAct Steps: 0 | Latency: 19.24s (Retrieval: 3.19s | Gen: 16.05s)
  └─ Answer Preview: 2.5 Points...

[2026-08-30T13:58:02.932959] [SUCCESS] Query #30: "To score 5 points in the S-Bend test, an LKA intervention must prevent the vehic"
  ├─ Rephrased: "To score 5 points in the S-Bend test, an LKA intervention must prevent the vehicle from cr"
  ├─ Retrieved Chunks (10): ['c000470', 'c000327', 'c000330', 'c000284', 'c000450', 'c000250']
  ├─ ReAct Steps: 0 | Latency: 31.69s (Retrieval: 12.44s | Gen: 19.25s)
  └─ Answer Preview: To score 5 points in the S-Bend test, an LKA intervention must prevent the vehicle from crossing the lane marking by more than 0.4m....

[2026-08-30T13:58:19.987099] [SUCCESS] Query #32: "By what maximum percentage can a long distraction warning timing threshold be re"
  ├─ Rephrased: "By what maximum percentage can a long distraction warning timing threshold be relaxed unde"
  ├─ Retrieved Chunks (10): ['c000419', 'c000250', 'c000397', 'c000452', 'c000418', 'c000453']
  ├─ ReAct Steps: 0 | Latency: 33.09s (Retrieval: 12.13s | Gen: 20.96s)
  └─ Answer Preview: A long distraction warning timing threshold can be relaxed by a maximum of 150% under context-based vehicle response strategies....

[2026-08-30T13:58:32.363140] [SUCCESS] Query #34: "What does PBC stand for in the Frontal Collisions protocol?"
  ├─ Rephrased: "What does PBC stand for in the Frontal Collisions protocol? Peak Braking Coefficient (PBC)"
  ├─ Retrieved Chunks (10): ['c000006', 'c000270', 'c000008', 'c000250', 'c000251', 'c000049']
  ├─ ReAct Steps: 0 | Latency: 29.43s (Retrieval: 12.36s | Gen: 17.07s)
  └─ Answer Preview: PBC stands for Peak Braking Coefficient....

[2026-08-30T13:58:40.837610] [SUCCESS] Query #35: "Which ISO standard specifies the Euro NCAP Bicyclist Target (EBTa)?"
  ├─ Rephrased: "ISO standard Euro NCAP Bicyclist Target (EBTa) specifications"
  ├─ Retrieved Chunks (10): ['c000006', 'c000394', 'c000251', 'c000241', 'c000168', 'c000316']
  ├─ ReAct Steps: 0 | Latency: 25.54s (Retrieval: 4.68s | Gen: 20.86s)
  └─ Answer Preview: The Euro NCAP Bicyclist Target (EBTa) is specified in ISO 19206-4:2020....

[2026-08-30T13:58:49.270172] [SUCCESS] Query #36: "Which ISO standard specifies the Euro NCAP Pedestrian Target (EPTa)?"
  ├─ Rephrased: "Which ISO standard specifies the Euro NCAP Pedestrian Target (EPTa)? Euro NCAP Pedestrian "
  ├─ Retrieved Chunks (10): ['c000394', 'c000006', 'c000251', 'c000008', 'c000011', 'c000236']
  ├─ ReAct Steps: 0 | Latency: 29.28s (Retrieval: 12.36s | Gen: 16.92s)
  └─ Answer Preview: The Euro NCAP Pedestrian Target (EPTa) is specified in ISO 19206-2:2018....

[2026-08-30T13:58:57.528144] [SUCCESS] Query #38: "What does CPFA stand for?"
  ├─ Rephrased: "CPFA Car-to-Pedestrian Farside Adult"
  ├─ Retrieved Chunks (10): ['c000151', 'c000129', 'c000011', 'c000012', 'c000089', 'c000008']
  ├─ ReAct Steps: 0 | Latency: 16.69s (Retrieval: 8.42s | Gen: 8.27s)
  └─ Answer Preview: CPFA stands for **Car-to-Pedestrian Farside Adult**....

[2026-08-30T13:59:03.995713] [SUCCESS] Query #37: "How is Vehicle width defined in the Frontal Collisions protocol?"
  ├─ Rephrased: "Vehicle width Frontal Collisions protocol definition"
  ├─ Retrieved Chunks (10): ['c000394', 'c000095', 'c000006', 'c000251', 'c000331', 'c000000']
  ├─ ReAct Steps: 0 | Latency: 31.63s (Retrieval: 8.46s | Gen: 23.17s)
  └─ Answer Preview: Vehicle width is defined as the widest point of the vehicle ignoring the rear-view mirrors, side marker lamps, tyre pressure indicators, dir...

[2026-08-30T13:59:03.996572] [SUCCESS] Query #33: "What defines a Transient driver state?"
  ├─ Rephrased: "Transient driver state definition Euro NCAP VUT GVT"
  ├─ Retrieved Chunks (10): ['c000339', 'c000341', 'c000398', 'c000219', 'c000288', 'c000349']
  ├─ ReAct Steps: 0 | Latency: 64.96s (Retrieval: 3.88s | Gen: 61.07s)
  └─ Answer Preview: A Transient driver state is defined as a state during which the driver's focus on the primary task of driving/controlling the vehicle is tem...

[2026-08-30T13:59:03.996800] [SUCCESS] Query #39: "At what frequency must all dynamic data be sampled and recorded?"
  ├─ Rephrased: "DTLE sampling frequency"
  ├─ Retrieved Chunks (10): ['c000426', 'c000427', 'c000342', 'c000042', 'c000290', 'c000264']
  ├─ ReAct Steps: 0 | Latency: 14.72s (Retrieval: 8.25s | Gen: 6.48s)
  └─ Answer Preview: All dynamic data must be sampled and recorded at a frequency of at least 100Hz....

[2026-08-30T13:59:16.411391] [SUCCESS] Query #40: "What is the required measurement accuracy for VUT and target speed?"
  ├─ Rephrased: "VUT target speed measurement accuracy Euro NCAP"
  ├─ Retrieved Chunks (10): ['c000047', 'c000268', 'c000006', 'c000142', 'c000081', 'c000151']
  ├─ ReAct Steps: 0 | Latency: 18.88s (Retrieval: 6.46s | Gen: 12.43s)
  └─ Answer Preview: The required measurement accuracy for VUT and target speed is to 0.1 km/h....

[2026-08-30T13:59:38.471578] [SUCCESS] Query #42: "What is the maximum permitted longitudinal slope for the test track surface?"
  ├─ Rephrased: "maximum permitted longitudinal slope test track surface Euro NCAP VUT"
  ├─ Retrieved Chunks (10): ['c000049', 'c000183', 'c000270', 'c000006', 'c000178', 'c000052']
  ├─ ReAct Steps: 0 | Latency: 26.52s (Retrieval: 2.15s | Gen: 24.37s)
  └─ Answer Preview: The maximum permitted longitudinal slope for the test track surface is ±1%....

[2026-08-30T13:59:41.671043] [SUCCESS] Query #43: "What is the maximum permitted lateral slope for the test track surface?"
  ├─ Rephrased: "maximum permitted lateral slope test track surface Euro NCAP protocol SLIF"
  ├─ Retrieved Chunks (10): ['c000049', 'c000183', 'c000270', 'c000313', 'c000052', 'c000006']
  ├─ ReAct Steps: 0 | Latency: 27.56s (Retrieval: 2.29s | Gen: 25.27s)
  └─ Answer Preview: The maximum permitted lateral slope for the test track surface is ±3%....

[2026-08-30T13:59:41.671376] [SUCCESS] Query #44: "What is the minimal Peak Braking Coefficient (PBC) required for the test track s"
  ├─ Rephrased: "What is the minimal Peak Braking Coefficient (PBC) required for the test track surface? Pe"
  ├─ Retrieved Chunks (10): ['c000270', 'c000049', 'c000006', 'c000158', 'c000250', 'c000012']
  ├─ ReAct Steps: 0 | Latency: 25.26s (Retrieval: 12.40s | Gen: 12.86s)
  └─ Answer Preview: The minimal Peak Braking Coefficient (PBC) required for the test track surface is 0.9....

[2026-08-30T13:59:41.671590] [SUCCESS] Query #41: "What type of filter must be applied to acceleration, yaw rate, and steering whee"
  ├─ Rephrased: "acceleration yaw rate steering wheel velocity data filter Euro NCAP"
  ├─ Retrieved Chunks (10): ['c000325', 'c000269', 'c000336', 'c000048', 'c000268', 'c000191']
  ├─ ReAct Steps: 0 | Latency: 37.67s (Retrieval: 7.94s | Gen: 29.73s)
  └─ Answer Preview: Acceleration, yaw rate, and steering wheel velocity data must be filtered with a 12-pole phase less Butterworth filter with a cut off freque...

[2026-08-30T13:59:53.503115] [SUCCESS] Query #45: "Within what ambient temperature range must Frontal Collision tests be conducted?"
  ├─ Rephrased: "Frontal Collision tests Euro NCAP ambient temperature range"
  ├─ Retrieved Chunks (10): ['c000168', 'c000051', 'c000272', 'c000209', 'c000316', 'c000216']
  ├─ ReAct Steps: 0 | Latency: 15.03s (Retrieval: 3.19s | Gen: 11.84s)
  └─ Answer Preview: The ambient temperature for Frontal Collision tests must be conducted within the range of above 5°C and below 40°C....

[2026-08-30T14:00:13.978129] [SUCCESS] Query #46: "What is the minimum horizontal visibility at ground level required for testing?"
  ├─ Rephrased: "minimum horizontal visibility GVT testing ground level"
  ├─ Retrieved Chunks (10): ['c000251', 'c000008', 'c000051', 'c000272', 'c000277', 'c000052']
  ├─ ReAct Steps: 0 | Latency: 32.30s (Retrieval: 7.89s | Gen: 24.41s)
  └─ Answer Preview: The minimum horizontal visibility at ground level required for testing is greater than 1km....

[2026-08-30T14:00:16.712129] [SUCCESS] Query #47: "What is the maximum allowable wind speed during Frontal Collision testing?"
  ├─ Rephrased: "Frontal Collision testing Euro NCAP wind speed limit"
  ├─ Retrieved Chunks (10): ['c000313', 'c000434', 'c000475', 'c000432', 'c000209', 'c000288']
  ├─ ReAct Steps: 0 | Latency: 27.13s (Retrieval: 2.04s | Gen: 25.10s)
  └─ Answer Preview: The maximum allowable wind speed during Frontal Collision testing is below 10 m/s....

[2026-08-30T14:00:16.712488] [SUCCESS] Query #48: "What is the minimum ambient illumination required for daylight testing?"
  ├─ Rephrased: "minimum ambient illumination daylight testing Euro NCAP SLIF"
  ├─ Retrieved Chunks (10): ['c000246', 'c000245', 'c000051', 'c000272', 'c000164', 'c000209']
  ├─ ReAct Steps: 0 | Latency: 25.09s (Retrieval: 1.87s | Gen: 23.22s)
  └─ Answer Preview: The minimum ambient illumination required for daylight testing is greater than 2000 lux....

[2026-08-30T14:00:16.712730] [SUCCESS] Query #49: "To what capacity must the fuel tank be filled before measuring the unladen kerb "
  ├─ Rephrased: "To what capacity must the fuel tank be filled before measuring the unladen kerb mass?"
  ├─ Retrieved Chunks (10): ['c000055', 'c000276', 'c000053', 'c000274', 'c000056', 'c000178']
  ├─ ReAct Steps: 0 | Latency: 23.21s (Retrieval: 12.37s | Gen: 10.84s)
  └─ Answer Preview: The fuel tank must be filled to at least 90% of the tank's capacity of fuel before measuring the unladen kerb mass....

[2026-08-30T14:00:28.313239] [SUCCESS] Query #50: "What is the required interior load mass that is added to the unladen kerb mass f"
  ├─ Rephrased: "interior load mass unladen kerb mass testing protocol Euro NCAP"
  ├─ Retrieved Chunks (10): ['c000055', 'c000276', 'c000274', 'c000056', 'c000178', 'c000164']
  ├─ ReAct Steps: 0 | Latency: 14.33s (Retrieval: 2.72s | Gen: 11.61s)
  └─ Answer Preview: The required interior load mass that is added to the unladen kerb mass for testing is 200 kg....

[2026-08-30T14:00:50.659970] [SUCCESS] Query #51: "What is the Time Headway used for Car-to-Car Rear Braking (CCRb) scenarios?"
  ├─ Rephrased: "Time Headway CCRb scenarios Euro NCAP"
  ├─ Retrieved Chunks (10): ['c000201', 'c000074', 'c000203', 'c000107', 'c000236', 'c000226']
  ├─ ReAct Steps: 0 | Latency: 33.94s (Retrieval: 7.41s | Gen: 26.53s)
  └─ Answer Preview: The Time Headway used for Car-to-Car Rear Braking (CCRb) scenarios is 1.0 second....

[2026-08-30T14:00:53.551960] [SUCCESS] Query #53: "What is the minimum speed from which an AEB Pedestrian system must operate in th"
  ├─ Rephrased: "CPNA-75 AEB Pedestrian minimum speed operation"
  ├─ Retrieved Chunks (10): ['c000186', 'c000147', 'c000134', 'c000219', 'c000107', 'c000117']
  ├─ ReAct Steps: 0 | Latency: 27.54s (Retrieval: 2.29s | Gen: 25.25s)
  └─ Answer Preview: The minimum speed from which an AEB Pedestrian system must operate in the CPNA-75 scenario is 10 km/h....

[2026-08-30T14:00:53.552324] [SUCCESS] Query #54: "In the CCCscp obstructed scenario, what is the gap distance between parked obscu"
  ├─ Rephrased: "In the CCCscp obstructed scenario, what is the gap distance between parked obscuration veh"
  ├─ Retrieved Chunks (10): ['c000104', 'c000052', 'c000012', 'c000103', 'c000159', 'c000157']
  ├─ ReAct Steps: 0 | Latency: 25.24s (Retrieval: 12.43s | Gen: 12.81s)
  └─ Answer Preview: The gap distance between parked obscuration vehicles in the CCCscp obstructed scenario should be [0.1 ~ 0.3] m....

[2026-08-30T14:00:53.552561] [SUCCESS] Query #52: "What is the target deceleration used for Car-to-Car Rear Braking (CCRb) scenario"
  ├─ Rephrased: "CCRb target deceleration Euro NCAP"
  ├─ Retrieved Chunks (10): ['c000092', 'c000194', 'c000006', 'c000074', 'c000394', 'c000202']
  ├─ ReAct Steps: 0 | Latency: 29.41s (Retrieval: 1.86s | Gen: 27.55s)
  └─ Answer Preview: The target deceleration used for Car-to-Car Rear Braking (CCRb) scenarios is -4 m/s² for both Standard Range and Extended Range....

[2026-08-30T14:01:30.624347] [SUCCESS] Query #56: "What is the required VUT Time Error boundary condition for synchronization in th"
  ├─ Rephrased: "VUT Time Error boundary condition synchronization CCCscp scenario"
  ├─ Retrieved Chunks (10): ['c000052', 'c000179', 'c000323', 'c000103', 'c000109', 'c000020']
  ├─ ReAct Steps: 0 | Latency: 37.07s (Retrieval: 8.37s | Gen: 28.70s)
  └─ Answer Preview: The required VUT Time Error boundary condition for synchronization in the CCCscp scenario is ±0.1s....

[2026-08-30T14:01:33.087323] [SUCCESS] Query #55: "What is the starting point (T0) relative to Time To Collision for most Frontal C"
  ├─ Rephrased: "T0 Time To Collision Frontal Collision Test Scenarios Euro NCAP Protocol"
  ├─ Retrieved Chunks (10): ['c000394', 'c000006', 'c000471', 'c000148', 'c000251', 'c000191']
  ├─ ReAct Steps: 0 | Latency: 42.42s (Retrieval: 2.88s | Gen: 39.55s)
  └─ Answer Preview: The starting point (T0) relative to Time To Collision (TTC) for most Frontal Collision test scenarios is not explicitly defined in the provi...

[2026-08-30T14:01:33.087664] [SUCCESS] Query #58: "What is the maximum allowed VUT lateral deviation tolerance for CPTA and CBTA sc"
  ├─ Rephrased: "VUT lateral deviation tolerance CPTA CBTA scenarios Euro NCAP"
  ├─ Retrieved Chunks (10): ['c000324', 'c000200', 'c000197', 'c000199', 'c000394', 'c000180']
  ├─ ReAct Steps: 0 | Latency: 27.25s (Retrieval: 4.74s | Gen: 22.51s)
  └─ Answer Preview: The maximum allowed VUT lateral deviation tolerance for CPTA and CBTA scenarios is \(0 \pm 0.15\) meters....

[2026-08-30T14:01:33.087882] [SUCCESS] Query #57: "When must the direction indicator be applied before T_steer in the CCFtap scenar"
  ├─ Rephrased: "CCFtap T_steer direction indicator timing"
  ├─ Retrieved Chunks (10): ['c000094', 'c000095', 'c000420', 'c000330', 'c000414', 'c000139']
  ├─ ReAct Steps: 0 | Latency: 31.16s (Retrieval: 3.90s | Gen: 27.26s)
  └─ Answer Preview: The direction indicator must be applied at 1.0s ± 0.5s before \(T_{\text{steer}}\) in the CCFtap scenario....

[2026-08-30T14:01:47.212769] [SUCCESS] Query #59: "What is the default delay time for the braking robot reacting to an FCW to accou"
  ├─ Rephrased: "DTLE FCW driver reaction default braking robot"
  ├─ Retrieved Chunks (10): ['c000221', 'c000338', 'c000184', 'c000426', 'c000148', 'c000053']
  ├─ ReAct Steps: 0 | Latency: 16.59s (Retrieval: 2.45s | Gen: 14.14s)
  └─ Answer Preview: The default delay time for the braking robot reacting to an FCW to account for driver reaction is 1.2 seconds....

[2026-08-30T14:02:11.967455] [SUCCESS] Query #61: "How long is the stabilization phase following the target acceleration phase in c"
  ├─ Rephrased: "crossing scenarios target acceleration phase stabilization phase duration"
  ├─ Retrieved Chunks (10): ['c000103', 'c000109', 'c000044', 'c000115', 'c000048', 'c000114']
  ├─ ReAct Steps: 0 | Latency: 28.27s (Retrieval: 1.89s | Gen: 26.38s)
  └─ Answer Preview: The stabilization phase following the target acceleration phase in crossing scenarios is 0.5s....

[2026-08-30T14:02:16.277134] [SUCCESS] Query #62: "At what TTC must steady-state conditions be met for the GVT in the CCCscp scenar"
  ├─ Rephrased: "GVT TTC steady-state conditions CCCscp"
  ├─ Retrieved Chunks (10): ['c000204', 'c000220', 'c000104', 'c000103', 'c000375', 'c000139']
  ├─ ReAct Steps: 0 | Latency: 30.68s (Retrieval: 1.61s | Gen: 29.07s)
  └─ Answer Preview: At 3.5 seconds Time To Collision (TTC), steady-state conditions must be met for the GVT in the CCCscp scenario....

[2026-08-30T14:02:16.277478] [SUCCESS] Query #60: "What maximum brake level is applied by the braking robot during an FCW test?"
  ├─ Rephrased: "FCW test braking robot maximum brake level"
  ├─ Retrieved Chunks (10): ['c000184', 'c000183', 'c000178', 'c000066', 'c000049', 'c000221']
  ├─ ReAct Steps: 0 | Latency: 43.19s (Retrieval: 10.59s | Gen: 32.59s)
  └─ Answer Preview: The maximum brake level applied by the braking robot during an FCW test is $-4\text{ m/s}^2$ to $-0.50\text{ m/s}^2$....

[2026-08-30T14:02:27.337732] [SUCCESS] Query #63: "What impact speed tolerance is applied to the verification tests?"
  ├─ Rephrased: "What impact speed tolerance is applied to the verification tests?"
  ├─ Retrieved Chunks (10): ['c000176', 'c000197', 'c000196', 'c000305', 'c000218', 'c000330']
  ├─ ReAct Steps: 0 | Latency: 40.12s (Retrieval: 12.34s | Gen: 27.78s)
  └─ Answer Preview: A 2 km/h tolerance is applied to the impact speeds of the verification tests. This tolerance is applied in both directions, meaning that whe...

[2026-08-30T14:02:27.338250] [SUCCESS] Query #64: "If the relative impact speed reduction is evaluated to be within the red colour "
  ├─ Rephrased: "relative impact speed reduction red color band Euro NCAP indication"
  ├─ Retrieved Chunks (10): ['c000188', 'c000212', 'c000465', 'c000191', 'c000168', 'c000001']
  ├─ ReAct Steps: 0 | Latency: 15.37s (Retrieval: 4.30s | Gen: 11.07s)
  └─ Answer Preview: If the relative impact speed reduction is evaluated to be within the red color band, this indicates that the impact speed reduction is less ...

[2026-08-30T14:02:43.807580] [SUCCESS] Query #66: "What vehicle category should the smaller obstruction vehicle be according to the"
  ├─ Rephrased: "Frontal Collisions protocol VUT smaller obstruction vehicle category"
  ├─ Retrieved Chunks (10): ['c000394', 'c000242', 'c000243', 'c000144', 'c000006', 'c000022']
  ├─ ReAct Steps: 0 | Latency: 18.85s (Retrieval: 2.37s | Gen: 16.48s)
  └─ Answer Preview: The smaller obstruction vehicle should be of the category Small Family Car according to the Frontal Collisions protocol....

[2026-08-30T14:02:56.010264] [SUCCESS] Query #65: "For the AEB CCRs scenario, up to what maximum test speed must full avoidance be "
  ├─ Rephrased: "AEB CCRs maximum test speed full avoidance scoringeligible"
  ├─ Retrieved Chunks (10): ['c000186', 'c000178', 'c000460', 'c000394', 'c000212', 'c000109']
  ├─ ReAct Steps: 0 | Latency: 39.73s (Retrieval: 8.67s | Gen: 31.06s)
  └─ Answer Preview: For the AEB CCRs scenario, full avoidance must be achieved for test speeds up to and including 20 km/h to be eligible for scoring....

[2026-08-30T14:03:05.714235] [SUCCESS] Query #67: "What vehicle category should the larger obstruction vehicle be according to the "
  ├─ Rephrased: "What vehicle category should the larger obstruction vehicle be according to the Frontal Co"
  ├─ Retrieved Chunks (10): ['c000243', 'c000242', 'c000394', 'c000144', 'c000055', 'c000107']
  ├─ ReAct Steps: 0 | Latency: 38.37s (Retrieval: 12.37s | Gen: 26.01s)
  └─ Answer Preview: The larger obstruction vehicle should be of the category Small SUV according to the Frontal Collisions protocol....

[2026-08-30T14:03:05.714588] [SUCCESS] Query #68: "According to the Lane Departure protocol, what ASTM method is used to measure th"
  ├─ Rephrased: "Lane Departure protocol ASTM PBC measurement"
  ├─ Retrieved Chunks (10): ['c000313', 'c000250', 'c000006', 'c000244', 'c000163', 'c000268']
  ├─ ReAct Steps: 0 | Latency: 26.00s (Retrieval: 4.08s | Gen: 21.92s)
  └─ Answer Preview: The Peak Braking Coefficient (PBC) is measured using the method as specified in UNECE R13-H....

[2026-08-30T14:03:16.435675] [SUCCESS] Query #69: "At what specific speed is the Peak Braking Coefficient (PBC) measured using the "
  ├─ Rephrased: "At what specific speed is the Peak Braking Coefficient (PBC) measured using the ASTM refer"
  ├─ Retrieved Chunks (10): ['c000250', 'c000006', 'c000270', 'c000149', 'c000049', 'c000043']
  ├─ ReAct Steps: 0 | Latency: 32.63s (Retrieval: 12.19s | Gen: 20.43s)
  └─ Answer Preview: The Peak Braking Coefficient (PBC) is measured using the ASTM reference tyre at a speed of 64.4 km/h....

[2026-08-30T14:03:27.895091] [SUCCESS] Query #71: "What does LKA stand for in the Lane Departure protocol?"
  ├─ Rephrased: "Lane Keeping Assist (LKA) definition in Lane Departure protocol"
  ├─ Retrieved Chunks (10): ['c000331', 'c000095', 'c000250', 'c000396', 'c000251', 'c000129']
  ├─ ReAct Steps: 0 | Latency: 22.18s (Retrieval: 7.10s | Gen: 15.08s)
  └─ Answer Preview: Lane Keep Assist...

[2026-08-30T14:03:27.895434] [SUCCESS] Query #72: "What does DTLE stand for in the Lane Departure protocol?"
  ├─ Rephrased: "DTLE Lane Departure Protocol Definition"
  ├─ Retrieved Chunks (10): ['c000313', 'c000427', 'c000331', 'c000359', 'c000342', 'c000343']
  ├─ ReAct Steps: 0 | Latency: 15.07s (Retrieval: 3.60s | Gen: 11.47s)
  └─ Answer Preview: DTLE stands for Dynamic Threshold for Lane Edge....

[2026-08-30T14:03:37.888281] [SUCCESS] Query #70: "What does ELK stand for in the Lane Departure protocol?"
  ├─ Rephrased: "Lane Departure protocol ELK definition"
  ├─ Retrieved Chunks (10): ['c000331', 'c000313', 'c000291', 'c000244', 'c000163', 'c000360']
  ├─ ReAct Steps: 0 | Latency: 41.88s (Retrieval: 9.69s | Gen: 32.18s)
  └─ Answer Preview: ELK stands for **"Elk"**. However, based on the context provided, it appears to be an abbreviation used in the protocol for "Elk" scenarios ...

[2026-08-30T14:03:37.888828] [SUCCESS] Query #73: "What is the required measurement accuracy for the VUT heading angle in Lane Depa"
  ├─ Rephrased: "VUT heading angle measurement accuracy Lane Departure tests"
  ├─ Retrieved Chunks (10): ['c000330', 'c000291', 'c000286', 'c000327', 'c000383', 'c000343']
  ├─ ReAct Steps: 0 | Latency: 21.45s (Retrieval: 11.45s | Gen: 10.00s)
  └─ Answer Preview: The required measurement accuracy for the VUT heading angle in Lane Departure tests is to 0.1°....

[2026-08-30T14:03:53.897413] [SUCCESS] Query #74: "What is the specified test lane width when measured from the inside edge of the "
  ├─ Rephrased: "DTLE lane width inside edge measurement"
  ├─ Retrieved Chunks (10): ['c000271', 'c000290', 'c000254', 'c000342', 'c000252', 'c000019']
  ├─ ReAct Steps: 0 | Latency: 26.00s (Retrieval: 7.77s | Gen: 18.22s)
  └─ Answer Preview: The specified test lane width when measured from the inside edge of the lane marking is 3.5 to 3.7 meters....

[2026-08-30T14:03:53.897741] [SUCCESS] Query #75: "What distance must exist between the inner edge of the lane marking and the road"
  ├─ Rephrased: "lane marking inner edge distance to road edge Euro NCAP"
  ├─ Retrieved Chunks (10): ['c000290', 'c000302', 'c000271', 'c000342', 'c000252', 'c000305']
  ├─ ReAct Steps: 0 | Latency: 18.22s (Retrieval: 2.20s | Gen: 16.02s)
  └─ Answer Preview: The inner edge of the lane marking shall be at 0.20 to 0.30m from the road edge (transition between paved test surface and road edge materia...

[2026-08-30T14:04:08.474540] [SUCCESS] Query #77: "During tyre conditioning, what is the exact diameter of the circle the vehicle m"
  ├─ Rephrased: "Tyre Conditioning VUT Circle Diameter"
  ├─ Retrieved Chunks (10): ['c000321', 'c000178', 'c000023', 'c000054', 'c000028', 'c000275']
  ├─ ReAct Steps: 0 | Latency: 18.20s (Retrieval: 3.62s | Gen: 14.59s)
  └─ Answer Preview: During tyre conditioning, the vehicle must drive around a circle with a diameter of 30m....

[2026-08-30T14:04:08.474916] [SUCCESS] Query #76: "What is the minimum length of lane marking that must remain ahead of the vehicle"
  ├─ Rephrased: "What is the minimum length of lane marking that must remain ahead of the vehicle after a L"
  ├─ Retrieved Chunks (10): ['c000302', 'c000271', 'c000250', 'c000310', 'c000305', 'c000290']
  ├─ ReAct Steps: 0 | Latency: 30.58s (Retrieval: 12.37s | Gen: 18.21s)
  └─ Answer Preview: The minimum length of lane marking that must remain ahead of the vehicle after a Lane Departure test is complete is 20 meters....

[2026-08-30T14:04:22.973788] [SUCCESS] Query #78: "At what speed must the vehicle drive during the sinusoidal tyre conditioning pas"
  ├─ Rephrased: "At what speed must the vehicle drive during the sinusoidal tyre conditioning passes?"
  ├─ Retrieved Chunks (10): ['c000321', 'c000054', 'c000275', 'c000178', 'c000004', 'c000434']
  ├─ ReAct Steps: 0 | Latency: 29.07s (Retrieval: 12.32s | Gen: 16.75s)
  └─ Answer Preview: The vehicle must drive at 56km/h during the sinusoidal tyre conditioning passes....

[2026-08-30T14:04:22.974161] [SUCCESS] Query #79: "What frequency is used for the sinusoidal steering input during tyre conditionin"
  ├─ Rephrased: "DTLE sinusoidal steering input frequency Tyre Conditioning"
  ├─ Retrieved Chunks (10): ['c000321', 'c000426', 'c000427', 'c000054', 'c000305', 'c000428']
  ├─ ReAct Steps: 0 | Latency: 16.74s (Retrieval: 2.23s | Gen: 14.51s)
  └─ Answer Preview: The frequency used for the sinusoidal steering input during tyre conditioning is 1Hz....

[2026-08-30T14:04:37.879962] [SUCCESS] Query #80: "How many runs must be performed for a system check before actual Lane Departure "
  ├─ Rephrased: "How many runs must be performed for a system check before actual Lane Departure testing be"
  ├─ Retrieved Chunks (10): ['c000322', 'c000329', 'c000053', 'c000334', 'c000273', 'c000336']
  ├─ ReAct Steps: 0 | Latency: 29.40s (Retrieval: 12.10s | Gen: 17.30s)
  └─ Answer Preview: Before any testing begins, perform a maximum of ten runs to ensure proper functioning of the system....

[2026-08-30T14:04:37.880655] [SUCCESS] Query #81: "What is the specific limit value for DTLE in Lane Departure - ELK Road Edge test"
  ├─ Rephrased: "DTLE limit value Lane Departure ELK Road Edge tests"
  ├─ Retrieved Chunks (10): ['c000342', 'c000291', 'c000290', 'c000343', 'c000286', 'c000360']
  ├─ ReAct Steps: 0 | Latency: 17.29s (Retrieval: 2.37s | Gen: 14.92s)
  └─ Answer Preview: The specific limit value for DTLE in Lane Departure - ELK Road Edge tests is set to -0.1m....

[2026-08-30T14:04:54.257363] [SUCCESS] Query #83: "What is the maximum allowed overriding torque during an active lane support syst"
  ├─ Rephrased: "Driveability requirement overriding torque active lane support system VUT DTLE"
  ├─ Retrieved Chunks (10): ['c000336', 'c000338', 'c000281', 'c000282', 'c000279', 'c000339']
  ├─ ReAct Steps: 0 | Latency: 18.96s (Retrieval: 2.57s | Gen: 16.39s)
  └─ Answer Preview: The maximum allowed overriding torque during an active lane support system intervention to satisfy the Driveability requirement is 3.0Nm + 0...

[2026-08-30T14:04:54.257731] [SUCCESS] Query #82: "At what lateral speed must the Continuous Intervention Driveability testing be c"
  ├─ Rephrased: "At what lateral speed must the Continuous Intervention Driveability testing be conducted?"
  ├─ Retrieved Chunks (10): ['c000336', 'c000279', 'c000281', 'c000282', 'c000284', 'c000338']
  ├─ ReAct Steps: 0 | Latency: 31.28s (Retrieval: 12.32s | Gen: 18.97s)
  └─ Answer Preview: At what lateral speed must the Continuous Intervention Driveability testing be conducted?  The Continuous Intervention Driveability testing ...

[2026-08-30T14:05:08.786550] [SUCCESS] Query #84: "For steering response tests >=70km/h at a lateral speed of 0.2m/s, what is the m"
  ├─ Rephrased: "For steering response tests >=70km/h at a lateral speed of 0.2m/s, what is the maximum all"
  ├─ Retrieved Chunks (10): ['c000336', 'c000283', 'c000330', 'c000269', 'c000268', 'c000286']
  ├─ ReAct Steps: 0 | Latency: 30.90s (Retrieval: 12.39s | Gen: 18.51s)
  └─ Answer Preview: For steering response tests ≥70km/h at a lateral speed of 0.2m/s, the maximum allowed steering wheel velocity is ±20 °/sec....

[2026-08-30T14:05:08.786913] [SUCCESS] Query #85: "For steering response tests >=70km/h at a lateral speed of 0.6m/s, what is the m"
  ├─ Rephrased: "steering response tests VUT 70km/h lateral speed 0.6m/s maximum steering wheel velocity"
  ├─ Retrieved Chunks (10): ['c000336', 'c000283', 'c000330', 'c000284', 'c000286', 'c000268']
  ├─ ReAct Steps: 0 | Latency: 18.50s (Retrieval: 3.96s | Gen: 14.54s)
  └─ Answer Preview: For steering response tests ≥70km/h at a lateral speed of 0.6m/s, the maximum allowed steering wheel velocity is ±40 °/sec....

[2026-08-30T14:05:24.247875] [SUCCESS] Query #86: "What lateral velocity range is used for unintentional lane changes in the ELK Ca"
  ├─ Rephrased: "ELK Car-to-Car Overtaking tests lateral velocity range unintentional lane changes"
  ├─ Retrieved Chunks (10): ['c000318', 'c000298', 'c000306', 'c000293', 'c000174', 'c000252']
  ├─ ReAct Steps: 0 | Latency: 29.99s (Retrieval: 12.00s | Gen: 17.99s)
  └─ Answer Preview: The lateral velocity range used for unintentional lane changes in the ELK Car-to-Car Overtaking tests is 0.3 to 0.6 m/s....

[2026-08-30T14:05:24.248240] [SUCCESS] Query #87: "What lateral velocity range is used for intentional lane changes in the ELK Car-"
  ├─ Rephrased: "ELK Car-to-Car Overtaking tests lateral velocity range"
  ├─ Retrieved Chunks (10): ['c000302', 'c000310', 'c000287', 'c000318', 'c000298', 'c000306']
  ├─ ReAct Steps: 0 | Latency: 17.98s (Retrieval: 2.51s | Gen: 15.47s)
  └─ Answer Preview: The lateral velocity range used for intentional lane changes in the ELK Car-to-Car Overtaking tests is 0.5 to 0.7 m/s....

[2026-08-30T14:05:39.106579] [SUCCESS] Query #88: "In the ELK Car-to-Car Oncoming scenario, what is the lateral distance of the tar"
  ├─ Rephrased: "In the ELK Car-to-Car Oncoming scenario, what is the lateral distance of the target's path"
  ├─ Retrieved Chunks (10): ['c000305', 'c000310', 'c000327', 'c000297', 'c000302', 'c000139']
  ├─ ReAct Steps: 0 | Latency: 30.32s (Retrieval: 12.44s | Gen: 17.88s)
  └─ Answer Preview: The lateral distance of the target's path from the inner side of the centre dashed lane marking is 1.5m....

[2026-08-30T14:05:39.106953] [SUCCESS] Query #89: "In the ELK Car-to-Motorcyclist Oncoming scenario, what is the lateral distance o"
  ├─ Rephrased: "ELK Car-to-Motorcyclist Oncoming lateral distance center dashed lane marking"
  ├─ Retrieved Chunks (10): ['c000305', 'c000310', 'c000297', 'c000327', 'c000302', 'c000383']
  ├─ ReAct Steps: 0 | Latency: 17.87s (Retrieval: 3.00s | Gen: 14.87s)
  └─ Answer Preview: The target's path in the ELK Car-to-Motorcyclist Oncoming scenario is 1m from the inner side of the centre dashed lane marking....

[2026-08-30T14:05:54.146935] [SUCCESS] Query #90: "What is the synchronized impact location for the ELK Car-to-Car Oncoming scenari"
  ├─ Rephrased: "What is the synchronized impact location for the ELK Car-to-Car Oncoming scenario? Emergen"
  ├─ Retrieved Chunks (10): ['c000305', 'c000327', 'c000344', 'c000297', 'c000396', 'c000085']
  ├─ ReAct Steps: 0 | Latency: 29.90s (Retrieval: 12.37s | Gen: 17.53s)
  └─ Answer Preview: The synchronized impact location for the ELK Car-to-Car Oncoming scenario is at a 90% impact location (assuming no system reaction)....

[2026-08-30T14:05:54.147284] [SUCCESS] Query #91: "What is the synchronized impact location for the ELK Car-to-Motorcyclist Oncomin"
  ├─ Rephrased: "ELK Car-to-Motorcyclist Oncoming synchronized impact location"
  ├─ Retrieved Chunks (10): ['c000305', 'c000297', 'c000310', 'c000302', 'c000344', 'c000293']
  ├─ ReAct Steps: 0 | Latency: 17.52s (Retrieval: 2.47s | Gen: 15.05s)
  └─ Answer Preview: The synchronized impact location for the ELK Car-to-Motorcyclist Oncoming scenario is at a 110% impact location (assuming no system reaction...

[2026-08-30T14:06:10.593540] [SUCCESS] Query #93: "At what specific TTC is an ELK test assumed to have failed if no system interven"
  ├─ Rephrased: "ELK test TTC no system intervention assumed failure"
  ├─ Retrieved Chunks (10): ['c000327', 'c000305', 'c000329', 'c000330', 'c000310', 'c000297']
  ├─ ReAct Steps: 0 | Latency: 19.01s (Retrieval: 2.55s | Gen: 16.46s)
  └─ Answer Preview: At a Time To Collision (TTC) of 0.8 seconds or a TTC submitted by the OEM, an ELK test is assumed to have failed if no system intervention i...

[2026-08-30T14:06:22.938204] [SUCCESS] Query #94: "How many points are awarded for a PASS (Avoidance) in the ELK Car & PTW Standard"
  ├─ Rephrased: "How many points are awarded for a PASS (Avoidance) in the ELK Car & PTW Standard Range tes"
  ├─ Retrieved Chunks (10): ['c000471', 'c000353', 'c000298', 'c000201', 'c000306', 'c000280']
  ├─ ReAct Steps: 0 | Latency: 28.79s (Retrieval: 12.39s | Gen: 16.39s)
  └─ Answer Preview: 4 Points...

[2026-08-30T14:06:29.837121] [SUCCESS] Query #95: "What percentage of the total available score in the Standard Range must be achie"
  ├─ Rephrased: "Standard Range Extended Range scoring percentage eligibility Euro NCAP"
  ├─ Retrieved Chunks (10): ['c000209', 'c000168', 'c000354', 'c000316', 'c000220', 'c000201']
  ├─ ReAct Steps: 0 | Latency: 23.28s (Retrieval: 4.03s | Gen: 19.25s)
  └─ Answer Preview: To be eligible for Extended Range scoring, ≥25% of the total available score must be achieved in the Standard Range....

[2026-08-30T14:06:29.837461] [SUCCESS] Query #96: "How many maximum points are available specifically for the Driveability assessme"
  ├─ Rephrased: "How many maximum points are available specifically for the Driveability assessment within "
  ├─ Retrieved Chunks (10): ['c000336', 'c000335', 'c000214', 'c000470', 'c000333', 'c000279']
  ├─ ReAct Steps: 0 | Latency: 19.24s (Retrieval: 12.33s | Gen: 6.91s)
  └─ Answer Preview: 2 points are available for Driveability within the Single Vehicle tests....

[2026-08-30T14:06:29.837672] [SUCCESS] Query #92: "What is the minimum required lateral separation between the VUT and the EMT to a"
  ├─ Rephrased: "What is the minimum required lateral separation between the VUT and the EMT to avoid faili"
  ├─ Retrieved Chunks (10): ['c000327', 'c000344', 'c000251', 'c000201', 'c000310', 'c000114']
  ├─ ReAct Steps: 0 | Latency: 50.73s (Retrieval: 12.46s | Gen: 38.26s)
  └─ Answer Preview: The minimum required lateral separation between the VUT and the EMT to avoid failing the ELK test is greater than 0.3 meters. Specifically, ...

[2026-08-30T14:06:39.083777] [SUCCESS] Query #97: "How many maximum points are available specifically for the Driver State Link ass"
  ├─ Rephrased: "Single Vehicle Test Driver State Link assessment maximum points"
  ├─ Retrieved Chunks (10): ['c000279', 'c000288', 'c000335', 'c000341', 'c000163', 'c000333']
  ├─ ReAct Steps: 0 | Latency: 16.14s (Retrieval: 6.89s | Gen: 9.26s)
  └─ Answer Preview: 3 points are available for the Driver State Link assessment within the Single Vehicle tests....

[2026-08-30T14:06:55.322944] [SUCCESS] Query #99: "What does BSM stand for in the Lane Departure protocol?"
  ├─ Rephrased: "Lane Departure BSM definition"
  ├─ Retrieved Chunks (10): ['c000295', 'c000327', 'c000247', 'c000331', 'c000355', 'c000271']
  ├─ ReAct Steps: 0 | Latency: 19.26s (Retrieval: 1.28s | Gen: 17.99s)
  └─ Answer Preview: BSM stands for Blind Spot Monitoring....

[2026-08-30T14:06:58.414372] [SUCCESS] Query #100: "How is a Driver Intention Monitoring system defined in the Lane Departure protoc"
  ├─ Rephrased: "Lane Departure protocol Driver Intention Monitoring definition"
  ├─ Retrieved Chunks (10): ['c000251', 'c000279', 'c000340', 'c000288', 'c000252', 'c000333']
  ├─ ReAct Steps: 0 | Latency: 21.07s (Retrieval: 1.73s | Gen: 19.34s)
  └─ Answer Preview: A Driver Intention Monitoring system is defined as a system that is effective at distinguishing intentional from unintentional lane crossing...

[2026-08-30T14:06:59.253471] [SUCCESS] Query #98: "How quickly must the Lane Support sensitivity revert to its nominal setting afte"
  ├─ Rephrased: "Lane Support sensitivity reversion nominal setting Driver Status Monitoring degraded perfo"
  ├─ Retrieved Chunks (10): ['c000339', 'c000288', 'c000340', 'c000341', 'c000333', 'c000279']
  ├─ ReAct Steps: 0 | Latency: 29.41s (Retrieval: 6.21s | Gen: 23.20s)
  └─ Answer Preview: The Lane Support sensitivity must revert to its nominal setting within less than 1 second after the Driver Status Monitoring system detects ...

[2026-08-30T19:55:37.046636] [SUCCESS] Query #1: "What does VUT stand for in the Assisted Driving protocol?"
  ├─ Rephrased: "VUT in Assisted Driving protocol definition"
  ├─ Retrieved Chunks (10): ['c000394', 'c000420', 'c000401', 'c000452', 'c000418', 'c000251']
  ├─ ReAct Steps: 0 | Latency: 8.00s (Retrieval: 1.65s | Gen: 6.34s)
  └─ Answer Preview: VUT stands for Vehicle under test....

[2026-08-30T19:55:38.445905] [SUCCESS] Query #3: "In the Assisted Driving Cut-out test, what does SOV stand for?"
  ├─ Rephrased: "Assisted Driving Cut-out test SOV definition"
  ├─ Retrieved Chunks (10): ['c000466', 'c000463', 'c000467', 'c000438', 'c000462', 'c000461']
  ├─ ReAct Steps: 0 | Latency: 7.43s (Retrieval: 0.31s | Gen: 7.12s)
  └─ Answer Preview: SOV stands for **Supplementary Object Validator**....

[2026-08-30T19:55:38.446241] [SUCCESS] Query #2: "What does GVT stand for in the Assisted Driving protocol?"
  ├─ Rephrased: "GVT Assisted Driving protocol definition"
  ├─ Retrieved Chunks (10): ['c000394', 'c000388', 'c000420', 'c000006', 'c000401', 'c000390']
  ├─ ReAct Steps: 0 | Latency: 7.73s (Retrieval: 0.29s | Gen: 7.44s)
  └─ Answer Preview: GVT stands for Global Vehicle Target in the Assisted Driving protocol....

[2026-08-30T19:55:38.446453] [SUCCESS] Query #4: "What is the definition of the Speed Limit Information Function (SLIF)?"
  ├─ Rephrased: "Speed Limit Information Function (SLIF) definition Euro NCAP"
  ├─ Retrieved Chunks (10): ['c000395', 'c000475', 'c000408', 'c000432', 'c000435', 'c000407']
  ├─ ReAct Steps: 0 | Latency: 7.11s (Retrieval: 0.35s | Gen: 6.76s)
  └─ Answer Preview: The Speed Limit Information Function (SLIF) is a function with which the vehicle knows and communicates the speed limit....

[2026-08-30T19:55:38.446652] [SUCCESS] Query #6: "What is the minimum design maximum speed for a Real Motorcycle target used in Bl"
  ├─ Rephrased: "Real Motorcycle VUT Blind-Spot Monitoring Tests design maximum speed minimum"
  ├─ Retrieved Chunks (10): ['c000251', 'c000395', 'c000007', 'c000327', 'c000349', 'c000179']
  ├─ ReAct Steps: 0 | Latency: 6.47s (Retrieval: 0.39s | Gen: 6.08s)
  └─ Answer Preview: The minimum design maximum speed for a Real Motorcycle target used in Blind-Spot Monitoring Tests is 80km/h....

[2026-08-30T19:55:38.446850] [SUCCESS] Query #5: "How is Intelligent Adaptive Cruise Control (iACC) defined?"
  ├─ Rephrased: "iACC definition Euro NCAP"
  ├─ Retrieved Chunks (10): ['c000331', 'c000246', 'c000006', 'c000394', 'c000473', 'c000001']
  ├─ ReAct Steps: 0 | Latency: 6.76s (Retrieval: 0.28s | Gen: 6.48s)
  └─ Answer Preview: The term "Intelligent Adaptive Cruise Control" (iACC) is not defined in the provided document chunks. The document focuses on definitions re...

[2026-08-30T19:55:41.086615] [SUCCESS] Query #7: "What is the grading requirement to achieve a "VERY GOOD" score in the Highway an"
  ├─ Rephrased: "Highway Interurban Assist Systems grading requirements VERY GOOD score"
  ├─ Retrieved Chunks (10): ['c000403', 'c000401', 'c000392', 'c000441', 'c000420', 'c000402']
  ├─ ReAct Steps: 0 | Latency: 4.04s (Retrieval: 1.39s | Gen: 2.65s)
  └─ Answer Preview: The grading requirement to achieve a "VERY GOOD" score in the Highway and Interurban Assist Systems grading is ≥ 160 points (≥ 80%)....

[2026-08-30T19:55:45.507939] [SUCCESS] Query #12: "What specific color must be used on the Continuous System Status Indicator to de"
  ├─ Rephrased: "CPFA Assisted Mode Continuous System Status Indicator Color"
  ├─ Retrieved Chunks (10): ['c000412', 'c000410', 'c000404', 'c000413', 'c000411', 'c000423']
  ├─ ReAct Steps: 0 | Latency: 4.77s (Retrieval: 0.33s | Gen: 4.43s)
  └─ Answer Preview: Green must be used for Assisted Mode....

[2026-08-30T19:55:45.508300] [SUCCESS] Query #10: "How many points are awarded if the marketing material correctly describes the sy"
  ├─ Rephrased: "Euro NCAP marketing material system functionality points VUT GVT"
  ├─ Retrieved Chunks (10): ['c000407', 'c000405', 'c000246', 'c000067', 'c000473', 'c000001']
  ├─ ReAct Steps: 0 | Latency: 5.48s (Retrieval: 0.36s | Gen: 5.12s)
  └─ Answer Preview: 5 points are awarded if the marketing material correctly describes the system functionality....

[2026-08-30T19:55:45.508536] [SUCCESS] Query #11: "What is the total point value available for the Continuous System Status Indicat"
  ├─ Rephrased: "Continuous System Status Indicator total point value Euro NCAP"
  ├─ Retrieved Chunks (10): ['c000412', 'c000410', 'c000404', 'c000413', 'c000411', 'c000246']
  ├─ ReAct Steps: 0 | Latency: 5.11s (Retrieval: 0.34s | Gen: 4.78s)
  └─ Answer Preview: The total point value available for the Continuous System Status Indicator is 20 points....

[2026-08-30T19:55:45.508752] [SUCCESS] Query #8: "How many points are awarded if a system name contains the word "assistant", "ass"
  ├─ Rephrased: "Euro NCAP VUT CPFA points system assistant assistance assist"
  ├─ Retrieved Chunks (10): ['c000432', 'c000406', 'c000449', 'c000448', 'c000410', 'c000424']
  ├─ ReAct Steps: 0 | Latency: 7.06s (Retrieval: 1.27s | Gen: 5.79s)
  └─ Answer Preview: 10 points are awarded if the system name contains the word "assistant", "assistance", or "assist"....

[2026-08-30T19:55:45.508975] [SUCCESS] Query #9: "What words are strictly forbidden from being used in a system name under the Ass"
  ├─ Rephrased: "Assisted Driving protocol system name forbidden words"
  ├─ Retrieved Chunks (10): ['c000406', 'c000420', 'c000418', 'c000401', 'c000409', 'c000442']
  ├─ ReAct Steps: 0 | Latency: 5.78s (Retrieval: 0.29s | Gen: 5.49s)
  └─ Answer Preview: The words strictly forbidden from being used in a system name under the Assisted Driving protocol are "auto", "automatic", "automated", "pil...

[2026-08-30T19:55:48.397221] [SUCCESS] Query #13: "What is the recommended decibel range for an additional acoustic indication duri"
  ├─ Rephrased: "Recommended decibel range additional acoustic indication system status change Euro NCAP"
  ├─ Retrieved Chunks (10): ['c000413', 'c000410', 'c000414', 'c000411', 'c000412', 'c000415']
  ├─ ReAct Steps: 0 | Latency: 7.31s (Retrieval: 4.41s | Gen: 2.90s)
  └─ Answer Preview: The recommended decibel range for an additional acoustic indication during a system status change is 50~90 dB....

[2026-08-30T19:55:52.972859] [SUCCESS] Query #16: "How many repetitive visual distraction instances lead to a controllable Assisted"
  ├─ Rephrased: "VUT Assisted Mode repetitive visual distraction lock-out threshold"
  ├─ Retrieved Chunks (10): ['c000423', 'c000417', 'c000418', 'c000415', 'c000419', 'c000416']
  ├─ ReAct Steps: 0 | Latency: 5.68s (Retrieval: 0.34s | Gen: 5.34s)
  └─ Answer Preview: 3 repetitive visual distraction instances lead to a controllable Assisted Mode lock-out....

[2026-08-30T19:55:52.973230] [SUCCESS] Query #17: "What is the maximum time window within which repetitive distractions will trigge"
  ├─ Rephrased: "maximum time window Assisted Mode lock-out repetitive distractions Euro NCAP VUT"
  ├─ Retrieved Chunks (10): ['c000423', 'c000418', 'c000416', 'c000415', 'c000417', 'c000451']
  ├─ ReAct Steps: 0 | Latency: 5.33s (Retrieval: 0.41s | Gen: 4.92s)
  └─ Answer Preview: The maximum time window within which repetitive distractions will trigger an Assisted Mode lock-out is 30 minutes....

[2026-08-30T19:55:52.973478] [SUCCESS] Query #14: "How many points are awarded for a system that robustly detects if the driver's h"
  ├─ Rephrased: "Euro NCAP VUT Assisted Mode Hand Detection Points"
  ├─ Retrieved Chunks (10): ['c000451', 'c000416', 'c000418', 'c000420', 'c000394', 'c000423']
  ├─ ReAct Steps: 0 | Latency: 7.46s (Retrieval: 1.35s | Gen: 6.11s)
  └─ Answer Preview: 5 points are awarded for a system that robustly detects if the driver's hands are on the steering wheel during Assisted Mode....

[2026-08-30T19:55:52.973708] [SUCCESS] Query #18: "What frequency is applied when steering the full sine wave during the Pothole Te"
  ├─ Rephrased: "Pothole Test PBC full sine wave frequency"
  ├─ Retrieved Chunks (10): ['c000427', 'c000426', 'c000425', 'c000470', 'c000042', 'c000254']
  ├─ ReAct Steps: 0 | Latency: 4.91s (Retrieval: 0.32s | Gen: 4.59s)
  └─ Answer Preview: The frequency applied when steering the full sine wave during the Pothole Test is 0.25Hz....

[2026-08-30T19:55:52.973931] [SUCCESS] Query #15: "How soon must Assisted Mode be deactivated if the Driver State Monitoring system"
  ├─ Rephrased: "Assisted Mode Deactivation Time Driver State Monitoring System Blockage Euro NCAP Protocol"
  ├─ Retrieved Chunks (10): ['c000418', 'c000288', 'c000423', 'c000415', 'c000279', 'c000416']
  ├─ ReAct Steps: 0 | Latency: 6.10s (Retrieval: 0.41s | Gen: 5.69s)
  └─ Answer Preview: The Assisted Mode must be deactivated no later than 10 seconds from the point the Driver State Monitoring (DSM) becomes unavailable due to a...

[2026-08-30T19:55:55.928447] [SUCCESS] Query #19: "What is the target Distance To Lane Edge (DTLE) for the steering amplitude in th"
  ├─ Rephrased: "Pothole Test Steering Amplitude Target Distance To Lane Edge (DTLE)"
  ├─ Retrieved Chunks (10): ['c000428', 'c000427', 'c000426', 'c000252', 'c000470', 'c000284']
  ├─ ReAct Steps: 0 | Latency: 7.53s (Retrieval: 4.56s | Gen: 2.97s)
  └─ Answer Preview: The target Distance To Lane Edge (DTLE) for the steering amplitude in the Pothole Test is -50±5 cm....

[2026-08-30T19:56:00.906765] [SUCCESS] Query #22: "How much time does a driver have to confirm an offered lower speed limit for it "
  ├─ Rephrased: "time driver confirm lower speed limit adopted ISO DTLE"
  ├─ Retrieved Chunks (10): ['c000434', 'c000475', 'c000435', 'c000427', 'c000426', 'c000449']
  ├─ ReAct Steps: 0 | Latency: 6.09s (Retrieval: 0.33s | Gen: 5.77s)
  └─ Answer Preview: The driver has 1.5 seconds to confirm the offered lower speed limit for it to be considered adopted "in time"....

[2026-08-30T19:56:00.907101] [SUCCESS] Query #20: "What is the target Distance To Lane Edge (DTLE) for the steering amplitude in th"
  ├─ Rephrased: "Partial Lane Change Test DTLE steering amplitude target"
  ├─ Retrieved Chunks (10): ['c000428', 'c000426', 'c000427', 'c000429', 'c000449', 'c000430']
  ├─ ReAct Steps: 0 | Latency: 7.93s (Retrieval: 1.41s | Gen: 6.51s)
  └─ Answer Preview: The target Distance To Lane Edge (DTLE) for the steering amplitude in the Partial Lane Change Test is -50±5 cm....

[2026-08-30T19:56:00.907318] [SUCCESS] Query #23: "What Time To Collision (TTC) is used for the Cut-out tests to verify Safety Back"
  ├─ Rephrased: "Time To Collision (TTC) VUT Cut-out tests Safety Backup"
  ├─ Retrieved Chunks (10): ['c000467', 'c000466', 'c000463', 'c000438', 'c000461', 'c000327']
  ├─ ReAct Steps: 0 | Latency: 5.76s (Retrieval: 0.41s | Gen: 5.34s)
  └─ Answer Preview: The Time To Collision (TTC) used for the Cut-out tests to verify Safety Backup is 2.00 seconds....

[2026-08-30T19:56:00.907521] [SUCCESS] Query #21: "How many points are awarded for override response if a vehicle has an absolute o"
  ├─ Rephrased: "Euro NCAP VUT override response points absolute override torque <5Nm"
  ├─ Retrieved Chunks (10): ['c000424', 'c000430', 'c000429', 'c000341', 'c000471', 'c000427']
  ├─ ReAct Steps: 0 | Latency: 6.51s (Retrieval: 0.40s | Gen: 6.10s)
  └─ Answer Preview: 20 points are awarded for the override response if a vehicle has an absolute override torque of <5Nm and meets all conditions specified in t...

[2026-08-30T19:56:00.907720] [SUCCESS] Query #24: "What is the total maximum sub-points available for the Car-to-Car Rear Stationar"
  ├─ Rephrased: "CCRs ACC AEB total sub-points evaluation"
  ├─ Retrieved Chunks (10): ['c000460', 'c000464', 'c000468', 'c000465', 'c000179', 'c000437']
  ├─ ReAct Steps: 0 | Latency: 5.33s (Retrieval: 0.35s | Gen: 4.99s)
  └─ Answer Preview: The total maximum sub-points available for the Car-to-Car Rear Stationary (CCRs) test in the ACC/AEB evaluation is 8. This includes 8 sub-po...

[2026-08-30T19:56:05.221373] [SUCCESS] Query #25: "How long must a vehicle be driven with a blocked sensor before attempting an ass"
  ├─ Rephrased: "blocked sensor duration assistance system activation Euro NCAP protocol"
  ├─ Retrieved Chunks (10): ['c000448', 'c000449', 'c000447', 'c000446', 'c000450', 'c000444']
  ├─ ReAct Steps: 0 | Latency: 9.29s (Retrieval: 4.97s | Gen: 4.32s)
  └─ Answer Preview: With the VUT switched off, cover the sensor under test with a material that shall prevent the sensor receiving a signal. Once the material i...

[2026-08-30T19:56:10.508468] [SUCCESS] Query #27: "How many points are awarded to systems able to successfully provide a warning an"
  ├─ Rephrased: "Euro NCAP VUT sleep detection warning intervention points SLIF"
  ├─ Retrieved Chunks (10): ['c000453', 'c000452', 'c000451', 'c000339', 'c000284', 'c000419']
  ├─ ReAct Steps: 0 | Latency: 6.88s (Retrieval: 0.37s | Gen: 6.52s)
  └─ Answer Preview: 5 points are awarded to systems able to successfully provide a warning and intervention immediately after detecting sleep....

[2026-08-30T19:56:10.508797] [SUCCESS] Query #26: "How many points are awarded to systems able to successfully provide a warning an"
  ├─ Rephrased: "Euro NCAP VUT microsleep detection warning intervention points"
  ├─ Retrieved Chunks (10): ['c000452', 'c000453', 'c000451', 'c000419', 'c000007', 'c000454']
  ├─ ReAct Steps: 0 | Latency: 9.60s (Retrieval: 2.70s | Gen: 6.89s)
  └─ Answer Preview: 5 points are awarded to systems able to successfully provide a warning and intervention immediately after detecting a microsleep....

[2026-08-30T19:56:10.509015] [SUCCESS] Query #28: "How many points are awarded if an unresponsive driver is detected by indirect se"
  ├─ Rephrased: "Euro NCAP VUT indirect sensing unresponsive driver prolonged steering inactivity points"
  ├─ Retrieved Chunks (10): ['c000454', 'c000451', 'c000398', 'c000457', 'c000288', 'c000410']
  ├─ ReAct Steps: 0 | Latency: 6.51s (Retrieval: 0.42s | Gen: 6.09s)
  └─ Answer Preview: 10 points are awarded if an unresponsive driver is detected by indirect sensing such as prolonged steering inactivity....

[2026-08-30T19:56:10.509215] [SUCCESS] Query #30: "To score 5 points in the S-Bend test, an LKA intervention must prevent the vehic"
  ├─ Rephrased: "S-Bend LKA intervention distance threshold 5 points"
  ├─ Retrieved Chunks (10): ['c000470', 'c000327', 'c000383', 'c000330', 'c000336', 'c000284']
  ├─ ReAct Steps: 0 | Latency: 5.66s (Retrieval: 0.36s | Gen: 5.30s)
  └─ Answer Preview: To score 5 points in the S-Bend test, an LKA intervention must prevent the vehicle from crossing the lane marking by more than 0.4m....

[2026-08-30T19:56:10.509413] [SUCCESS] Query #29: "How many bonus points are awarded for an advanced response that changes lanes to"
  ├─ Rephrased: "Euro NCAP VUT bonus points advanced response emergency lane change unresponsive driver"
  ├─ Retrieved Chunks (10): ['c000454', 'c000451', 'c000452', 'c000415', 'c000413', 'c000410']
  ├─ ReAct Steps: 0 | Latency: 6.08s (Retrieval: 0.42s | Gen: 5.67s)
  └─ Answer Preview: 3 points are awarded for changing lanes in direction towards the slowest lane, and 5 points are awarded for changing lanes to the emergency ...

[2026-08-30T19:56:13.362638] [SUCCESS] Query #31: "How many points are awarded for a successful Car-to-Car intentional lane change "
  ├─ Rephrased: "Euro NCAP Car-to-Car intentional lane change Safety Backup LSS evaluation points VUT"
  ├─ Retrieved Chunks (10): ['c000471', 'c000443', 'c000470', 'c000339', 'c000336', 'c000067']
  ├─ ReAct Steps: 0 | Latency: 8.14s (Retrieval: 5.28s | Gen: 2.86s)
  └─ Answer Preview: 2.5 Points are awarded for a successful Car-to-Car intentional lane change test in the Safety Backup LSS evaluation....

[2026-08-30T19:56:18.446706] [SUCCESS] Query #34: "What does PBC stand for in the Frontal Collisions protocol?"
  ├─ Rephrased: "PBC Frontal Collisions protocol definition"
  ├─ Retrieved Chunks (10): ['c000006', 'c000331', 'c000394', 'c000000', 'c000251', 'c000095']
  ├─ ReAct Steps: 0 | Latency: 6.20s (Retrieval: 0.31s | Gen: 5.89s)
  └─ Answer Preview: PBC stands for Peak Braking Coefficient....

[2026-08-30T19:56:18.447041] [SUCCESS] Query #35: "Which ISO standard specifies the Euro NCAP Bicyclist Target (EBTa)?"
  ├─ Rephrased: "ISO standard Euro NCAP Bicyclist Target (EBTa) specifications"
  ├─ Retrieved Chunks (10): ['c000394', 'c000006', 'c000251', 'c000262', 'c000008', 'c000092']
  ├─ ReAct Steps: 0 | Latency: 5.88s (Retrieval: 0.41s | Gen: 5.47s)
  └─ Answer Preview: The Euro NCAP Bicyclist Target (EBTa) is specified in ISO 19206-4:2020....

[2026-08-30T19:56:18.447249] [SUCCESS] Query #36: "Which ISO standard specifies the Euro NCAP Pedestrian Target (EPTa)?"
  ├─ Rephrased: "ISO standard EPTa Euro NCAP Pedestrian Target"
  ├─ Retrieved Chunks (10): ['c000394', 'c000006', 'c000251', 'c000038', 'c000109', 'c000262']
  ├─ ReAct Steps: 0 | Latency: 5.47s (Retrieval: 0.37s | Gen: 5.09s)
  └─ Answer Preview: The Euro NCAP Pedestrian Target (EPTa) is specified in ISO 19206-2:2018....

[2026-08-30T19:56:18.447453] [SUCCESS] Query #32: "By what maximum percentage can a long distraction warning timing threshold be re"
  ├─ Rephrased: "long distraction warning timing threshold relaxation context-based vehicle response strate"
  ├─ Retrieved Chunks (10): ['c000419', 'c000452', 'c000397', 'c000250', 'c000453', 'c000418']
  ├─ ReAct Steps: 0 | Latency: 7.93s (Retrieval: 1.36s | Gen: 6.57s)
  └─ Answer Preview: A long distraction warning timing threshold can be relaxed by a maximum of 150% under context-based vehicle response strategies. This means ...

[2026-08-30T19:56:18.447650] [SUCCESS] Query #33: "What defines a Transient driver state?"
  ├─ Rephrased: "Transient driver state definition Euro NCAP VUT GVT"
  ├─ Retrieved Chunks (10): ['c000339', 'c000341', 'c000288', 'c000006', 'c000279', 'c000451']
  ├─ ReAct Steps: 0 | Latency: 6.56s (Retrieval: 0.35s | Gen: 6.21s)
  └─ Answer Preview: Transient driver states are defined as states that can be reversed without appropriate recovery time outside of the driving session. Specifi...

[2026-08-30T19:56:21.424134] [SUCCESS] Query #37: "How is Vehicle width defined in the Frontal Collisions protocol?"
  ├─ Rephrased: "Vehicle width Frontal Collisions protocol definition"
  ├─ Retrieved Chunks (10): ['c000394', 'c000095', 'c000331', 'c000006', 'c000097', 'c000251']
  ├─ ReAct Steps: 0 | Latency: 8.06s (Retrieval: 5.07s | Gen: 2.99s)
  └─ Answer Preview: Vehicle width is defined as the widest point of the vehicle ignoring the rear-view mirrors, side marker lamps, tyre pressure indicators, dir...

[2026-08-30T19:56:25.259292] [SUCCESS] Query #38: "What does CPFA stand for?"
  ├─ Rephrased: "CPFA Car-to-Pedestrian Farside Adult"
  ├─ Retrieved Chunks (10): ['c000151', 'c000147', 'c000131', 'c000099', 'c000129', 'c000008']
  ├─ ReAct Steps: 0 | Latency: 6.81s (Retrieval: 1.60s | Gen: 5.20s)
  └─ Answer Preview: CPFA stands for Car-to-Pedestrian Frontal Collision....

[2026-08-30T19:56:25.259668] [SUCCESS] Query #42: "What is the maximum permitted longitudinal slope for the test track surface?"
  ├─ Rephrased: "maximum permitted longitudinal slope test track surface Euro NCAP protocol SLIF"
  ├─ Retrieved Chunks (10): ['c000049', 'c000270', 'c000251', 'c000052', 'c000394', 'c000178']
  ├─ ReAct Steps: 0 | Latency: 4.23s (Retrieval: 0.38s | Gen: 3.85s)
  └─ Answer Preview: The maximum permitted longitudinal slope for the test track surface is ±1%....

[2026-08-30T19:56:25.259915] [SUCCESS] Query #39: "At what frequency must all dynamic data be sampled and recorded?"
  ├─ Rephrased: "DTLE sampling frequency"
  ├─ Retrieved Chunks (10): ['c000427', 'c000426', 'c000264', 'c000342', 'c000042', 'c000269']
  ├─ ReAct Steps: 0 | Latency: 5.19s (Retrieval: 0.25s | Gen: 4.94s)
  └─ Answer Preview: All dynamic data must be sampled and recorded at a frequency of at least 100Hz....

[2026-08-30T19:56:25.260154] [SUCCESS] Query #40: "What is the required measurement accuracy for VUT and target speed?"
  ├─ Rephrased: "VUT target speed measurement accuracy Euro NCAP"
  ├─ Retrieved Chunks (10): ['c000047', 'c000251', 'c000081', 'c000010', 'c000314', 'c000268']
  ├─ ReAct Steps: 0 | Latency: 4.93s (Retrieval: 0.32s | Gen: 4.61s)
  └─ Answer Preview: The required measurement accuracy for VUT and target speed is to 0.1 km/h....

[2026-08-30T19:56:25.260375] [SUCCESS] Query #41: "What type of filter must be applied to acceleration, yaw rate, and steering whee"
  ├─ Rephrased: "acceleration yaw rate steering wheel velocity data filter Euro NCAP"
  ├─ Retrieved Chunks (10): ['c000269', 'c000048', 'c000047', 'c000268', 'c000349', 'c000330']
  ├─ ReAct Steps: 0 | Latency: 4.60s (Retrieval: 0.36s | Gen: 4.24s)
  └─ Answer Preview: Acceleration, yaw rate, and steering wheel velocity data must be filtered with a 12-pole phase less Butterworth filter with a cut off freque...

[2026-08-30T19:56:27.602176] [SUCCESS] Query #43: "What is the maximum permitted lateral slope for the test track surface?"
  ├─ Rephrased: "maximum permitted lateral slope test track surface Euro NCAP protocol SLIF"
  ├─ Retrieved Chunks (10): ['c000049', 'c000270', 'c000251', 'c000183', 'c000313', 'c000052']
  ├─ ReAct Steps: 0 | Latency: 6.18s (Retrieval: 3.82s | Gen: 2.35s)
  └─ Answer Preview: The maximum permitted lateral slope for the test track surface is ±3%....

[2026-08-30T19:56:31.613272] [SUCCESS] Query #46: "What is the minimum horizontal visibility at ground level required for testing?"
  ├─ Rephrased: "minimum horizontal visibility GVT testing ground level"
  ├─ Retrieved Chunks (10): ['c000051', 'c000272', 'c000178', 'c000251', 'c000008', 'c000052']
  ├─ ReAct Steps: 0 | Latency: 5.03s (Retrieval: 0.31s | Gen: 4.72s)
  └─ Answer Preview: The minimum horizontal visibility at ground level required for testing is greater than 1km....

[2026-08-30T19:56:31.613632] [SUCCESS] Query #48: "What is the minimum ambient illumination required for daylight testing?"
  ├─ Rephrased: "minimum ambient illumination daylight testing Euro NCAP SLIF"
  ├─ Retrieved Chunks (10): ['c000051', 'c000272', 'c000246', 'c000473', 'c000245', 'c000001']
  ├─ ReAct Steps: 0 | Latency: 4.36s (Retrieval: 0.34s | Gen: 4.02s)
  └─ Answer Preview: The minimum ambient illumination required for daylight testing is greater than 2000 lux....

[2026-08-30T19:56:31.613866] [SUCCESS] Query #47: "What is the maximum allowable wind speed during Frontal Collision testing?"
  ├─ Rephrased: "Frontal Collision testing Euro NCAP wind speed limit"
  ├─ Retrieved Chunks (10): ['c000434', 'c000313', 'c000458', 'c000475', 'c000164', 'c000183']
  ├─ ReAct Steps: 0 | Latency: 4.71s (Retrieval: 0.34s | Gen: 4.37s)
  └─ Answer Preview: The maximum allowable wind speed during Frontal Collision testing is below 10 m/s....

[2026-08-30T19:56:31.614104] [SUCCESS] Query #44: "What is the minimal Peak Braking Coefficient (PBC) required for the test track s"
  ├─ Rephrased: "minimal PBC requirement test track surface"
  ├─ Retrieved Chunks (10): ['c000049', 'c000270', 'c000179', 'c000051', 'c000276', 'c000182']
  ├─ ReAct Steps: 0 | Latency: 6.35s (Retrieval: 0.96s | Gen: 5.39s)
  └─ Answer Preview: The minimal Peak Braking Coefficient (PBC) required for the test track surface is 0.9....

[2026-08-30T19:56:31.614327] [SUCCESS] Query #45: "Within what ambient temperature range must Frontal Collision tests be conducted?"
  ├─ Rephrased: "Frontal Collision tests Euro NCAP ambient temperature range"
  ├─ Retrieved Chunks (10): ['c000051', 'c000168', 'c000272', 'c000209', 'c000316', 'c000001']
  ├─ ReAct Steps: 0 | Latency: 5.38s (Retrieval: 0.34s | Gen: 5.04s)
  └─ Answer Preview: The ambient temperature for Frontal Collision tests must be conducted within the range of above 5°C and below 40°C....

[2026-08-30T19:56:34.570434] [SUCCESS] Query #49: "To what capacity must the fuel tank be filled before measuring the unladen kerb "
  ├─ Rephrased: "fuel tank capacity unladen kerb mass measurement"
  ├─ Retrieved Chunks (10): ['c000055', 'c000274', 'c000276', 'c000056', 'c000178', 'c000183']
  ├─ ReAct Steps: 0 | Latency: 6.97s (Retrieval: 4.00s | Gen: 2.97s)
  └─ Answer Preview: The fuel tank should be filled to at least 90% of the tank's capacity of fuel before measuring the unladen kerb mass....

[2026-08-30T19:56:40.559026] [SUCCESS] Query #54: "In the CCCscp obstructed scenario, what is the gap distance between parked obscu"
  ├─ Rephrased: "CCCscp obstructed scenario gap distance parked obscuration vehicles"
  ├─ Retrieved Chunks (10): ['c000103', 'c000104', 'c000052', 'c000109', 'c000091', 'c000110']
  ├─ ReAct Steps: 0 | Latency: 6.36s (Retrieval: 0.36s | Gen: 6.00s)
  └─ Answer Preview: The gap distance between parked obscuration vehicles is 1m....

[2026-08-30T19:56:40.559353] [SUCCESS] Query #50: "What is the required interior load mass that is added to the unladen kerb mass f"
  ├─ Rephrased: "interior load mass unladen kerb mass testing protocol Euro NCAP"
  ├─ Retrieved Chunks (10): ['c000055', 'c000276', 'c000274', 'c000056', 'c000183', 'c000339']
  ├─ ReAct Steps: 0 | Latency: 8.94s (Retrieval: 1.48s | Gen: 7.46s)
  └─ Answer Preview: The required interior load mass that is added to the unladen kerb mass for testing is 200 kg....

[2026-08-30T19:56:40.559568] [SUCCESS] Query #51: "What is the Time Headway used for Car-to-Car Rear Braking (CCRb) scenarios?"
  ├─ Rephrased: "Time Headway CCRb scenarios Euro NCAP"
  ├─ Retrieved Chunks (10): ['c000201', 'c000074', 'c000394', 'c000262', 'c000200', 'c000231']
  ├─ ReAct Steps: 0 | Latency: 7.45s (Retrieval: 0.35s | Gen: 7.11s)
  └─ Answer Preview: The Time Headway used for Car-to-Car Rear Braking (CCRb) scenarios is 1.0 s....

[2026-08-30T19:56:40.559776] [SUCCESS] Query #53: "What is the minimum speed from which an AEB Pedestrian system must operate in th"
  ├─ Rephrased: "CPNA-75 AEB Pedestrian minimum speed"
  ├─ Retrieved Chunks (10): ['c000186', 'c000147', 'c000183', 'c000134', 'c000107', 'c000106']
  ├─ ReAct Steps: 0 | Latency: 6.74s (Retrieval: 0.37s | Gen: 6.37s)
  └─ Answer Preview: The minimum speed from which an AEB Pedestrian system must operate in the CPNA-75 scenario is 10 km/h....

[2026-08-30T19:56:44.163875] [SUCCESS] Query #52: "What is the target deceleration used for Car-to-Car Rear Braking (CCRb) scenario"
  ├─ Rephrased: "CCRb target deceleration Euro NCAP"
  ├─ Retrieved Chunks (10): ['c000006', 'c000394', 'c000074', 'c000092', 'c000251', 'c000262']
  ├─ ReAct Steps: 0 | Latency: 10.70s (Retrieval: 0.34s | Gen: 10.36s)
  └─ Answer Preview: The target deceleration used for Car-to-Car Rear Braking (CCRb) scenarios is not explicitly stated in the provided chunks. However, based on...

[2026-08-30T19:56:44.164223] [SUCCESS] Query #55: "What is the starting point (T0) relative to Time To Collision for most Frontal C"
  ├─ Rephrased: "T0 Time To Collision Frontal Collision Test Scenarios Euro NCAP Protocol"
  ├─ Retrieved Chunks (10): ['c000394', 'c000251', 'c000006', 'c000458', 'c000472', 'c000473']
  ├─ ReAct Steps: 0 | Latency: 9.59s (Retrieval: 5.98s | Gen: 3.61s)
  └─ Answer Preview: The starting point (T0) relative to Time To Collision (TTC) for most Frontal Collision test scenarios is not explicitly defined in the provi...

[2026-08-30T19:56:48.926261] [SUCCESS] Query #58: "What is the maximum allowed VUT lateral deviation tolerance for CPTA and CBTA sc"
  ├─ Rephrased: "VUT lateral deviation tolerance CPTA CBTA scenarios Euro NCAP"
  ├─ Retrieved Chunks (10): ['c000197', 'c000200', 'c000199', 'c000180', 'c000324', 'c000220']
  ├─ ReAct Steps: 0 | Latency: 5.53s (Retrieval: 0.42s | Gen: 5.11s)
  └─ Answer Preview: 0 ± 0.1 m for CPTA and CBTA scenarios....

[2026-08-30T19:56:48.926598] [SUCCESS] Query #56: "What is the required VUT Time Error boundary condition for synchronization in th"
  ├─ Rephrased: "VUT Time Error boundary condition synchronization CCCscp scenario"
  ├─ Retrieved Chunks (10): ['c000103', 'c000052', 'c000109', 'c000178', 'c000179', 'c000251']
  ├─ ReAct Steps: 0 | Latency: 8.36s (Retrieval: 2.48s | Gen: 5.88s)
  └─ Answer Preview: The required VUT Time Error boundary condition for synchronization in the CCCscp scenario is ±[0.1]s....

[2026-08-30T19:56:48.926816] [SUCCESS] Query #59: "What is the default delay time for the braking robot reacting to an FCW to accou"
  ├─ Rephrased: "DTLE FCW driver reaction default braking robot"
  ├─ Retrieved Chunks (10): ['c000184', 'c000053', 'c000338', 'c000009', 'c000186', 'c000279']
  ├─ ReAct Steps: 0 | Latency: 5.10s (Retrieval: 0.33s | Gen: 4.77s)
  └─ Answer Preview: The default delay time for the braking robot reacting to an FCW to account for driver reaction is 1.2 seconds....

[2026-08-30T19:56:48.927029] [SUCCESS] Query #57: "When must the direction indicator be applied before T_steer in the CCFtap scenar"
  ├─ Rephrased: "CCFtap T_steer direction indicator timing"
  ├─ Retrieved Chunks (10): ['c000095', 'c000201', 'c000410', 'c000094', 'c000053', 'c000305']
  ├─ ReAct Steps: 0 | Latency: 5.88s (Retrieval: 0.34s | Gen: 5.54s)
  └─ Answer Preview: The direction indicator must be applied at 1.0s ± 0.5s before \(T_{\text{steer}}\) in the CCFtap scenario....

[2026-08-30T19:56:52.464788] [SUCCESS] Query #61: "How long is the stabilization phase following the target acceleration phase in c"
  ├─ Rephrased: "crossing scenarios target acceleration phase stabilization phase duration"
  ├─ Retrieved Chunks (10): ['c000103', 'c000109', 'c000048', 'c000044', 'c000114', 'c000010']
  ├─ ReAct Steps: 0 | Latency: 3.87s (Retrieval: 0.32s | Gen: 3.55s)
  └─ Answer Preview: The stabilization phase following the target acceleration phase in crossing scenarios is 0.5s....

[2026-08-30T19:56:52.465120] [SUCCESS] Query #60: "What maximum brake level is applied by the braking robot during an FCW test?"
  ├─ Rephrased: "FCW test braking robot maximum brake level"
  ├─ Retrieved Chunks (10): ['c000184', 'c000183', 'c000178', 'c000049', 'c000007', 'c000186']
  ├─ ReAct Steps: 0 | Latency: 8.30s (Retrieval: 4.42s | Gen: 3.88s)
  └─ Answer Preview: The maximum brake level applied by the braking robot during an FCW test is $-4\text{ m/s}^2$ to $-0.50\text{ m/s}^2$....

[2026-08-30T19:56:57.052468] [SUCCESS] Query #63: "What impact speed tolerance is applied to the verification tests?"
  ├─ Rephrased: "VUT impact speed tolerance verification tests"
  ├─ Retrieved Chunks (10): ['c000176', 'c000178', 'c000323', 'c000196', 'c000305', 'c000350']
  ├─ ReAct Steps: 0 | Latency: 5.65s (Retrieval: 0.29s | Gen: 5.36s)
  └─ Answer Preview: A 2 km/h tolerance is applied to the impact speeds of the verification tests. This tolerance is applied in both directions....

[2026-08-30T19:56:57.052796] [SUCCESS] Query #62: "At what TTC must steady-state conditions be met for the GVT in the CCCscp scenar"
  ├─ Rephrased: "GVT TTC steady-state conditions CCCscp"
  ├─ Retrieved Chunks (10): ['c000052', 'c000103', 'c000204', 'c000220', 'c000324', 'c000104']
  ├─ ReAct Steps: 0 | Latency: 8.12s (Retrieval: 2.46s | Gen: 5.66s)
  └─ Answer Preview: As soon as the GVT has arrived in the field of vision of the VUT, corresponding to 3.5s TTC....

[2026-08-30T19:56:57.053019] [SUCCESS] Query #65: "For the AEB CCRs scenario, up to what maximum test speed must full avoidance be "
  ├─ Rephrased: "AEB CCRs maximum test speed full avoidance scoringeligible"
  ├─ Retrieved Chunks (10): ['c000212', 'c000186', 'c000183', 'c000178', 'c000049', 'c000009']
  ├─ ReAct Steps: 0 | Latency: 4.99s (Retrieval: 0.39s | Gen: 4.60s)
  └─ Answer Preview: For the AEB CCRs scenario, full avoidance must be achieved for test speeds up to and including 20 km/h for all impact locations within the S...

[2026-08-30T19:56:57.053221] [SUCCESS] Query #64: "If the relative impact speed reduction is evaluated to be within the red colour "
  ├─ Rephrased: "relative impact speed reduction red color band Euro NCAP indication"
  ├─ Retrieved Chunks (10): ['c000201', 'c000188', 'c000200', 'c000001', 'c000458', 'c000199']
  ├─ ReAct Steps: 0 | Latency: 5.35s (Retrieval: 0.35s | Gen: 4.99s)
  └─ Answer Preview: If the relative impact speed reduction is evaluated to be within the red colour band, this indicates that the speed reduction is greater tha...

[2026-08-30T19:56:59.562556] [SUCCESS] Query #66: "What vehicle category should the smaller obstruction vehicle be according to the"
  ├─ Rephrased: "Frontal Collisions protocol VUT smaller obstruction vehicle category"
  ├─ Retrieved Chunks (10): ['c000394', 'c000115', 'c000022', 'c000144', 'c000109', 'c000107']
  ├─ ReAct Steps: 0 | Latency: 7.10s (Retrieval: 4.23s | Gen: 2.87s)
  └─ Answer Preview: According to the Frontal Collisions protocol, the smaller obstruction vehicle should be of type "smaller obscuration vehicle" as per APPENDI...

[2026-08-30T19:57:01.723467] [SUCCESS] Query #67: "What vehicle category should the larger obstruction vehicle be according to the "
  ├─ Rephrased: "Frontal Collisions VUT vehicle category larger obstruction"
  ├─ Retrieved Chunks (10): ['c000114', 'c000045', 'c000115', 'c000144', 'c000209', 'c000022']
  ├─ ReAct Steps: 0 | Latency: 5.02s (Retrieval: 0.34s | Gen: 4.68s)
  └─ Answer Preview: There is no specific mention of a larger obstruction vehicle in the provided document chunks related to the Frontal Collisions protocol. The...

[2026-08-30T19:57:06.241085] [SUCCESS] Query #71: "What does LKA stand for in the Lane Departure protocol?"
  ├─ Rephrased: "Lane Keeping Assist (LKA) definition in Lane Departure protocol"
  ├─ Retrieved Chunks (10): ['c000251', 'c000250', 'c000331', 'c000273', 'c000246', 'c000095']
  ├─ ReAct Steps: 0 | Latency: 7.08s (Retrieval: 0.39s | Gen: 6.69s)
  └─ Answer Preview: Lane Keeping Assist...

[2026-08-30T19:57:06.241408] [SUCCESS] Query #70: "What does ELK stand for in the Lane Departure protocol?"
  ├─ Rephrased: "Lane Departure protocol ELK definition"
  ├─ Retrieved Chunks (10): ['c000290', 'c000331', 'c000246', 'c000305', 'c000251', 'c000291']
  ├─ ReAct Steps: 0 | Latency: 7.39s (Retrieval: 0.30s | Gen: 7.09s)
  └─ Answer Preview: ELK stands for **Emergency Lane Keeping**....

[2026-08-30T19:57:06.241616] [SUCCESS] Query #72: "What does DTLE stand for in the Lane Departure protocol?"
  ├─ Rephrased: "DTLE Lane Departure Protocol Definition"
  ├─ Retrieved Chunks (10): ['c000331', 'c000342', 'c000343', 'c000251', 'c000313', 'c000246']
  ├─ ReAct Steps: 0 | Latency: 6.68s (Retrieval: 2.15s | Gen: 4.53s)
  └─ Answer Preview: DTLE stands for **Dynamic Test Limit for Edge**....

[2026-08-30T19:57:06.241814] [SUCCESS] Query #69: "At what specific speed is the Peak Braking Coefficient (PBC) measured using the "
  ├─ Rephrased: "PBC ASTM reference tyre measurement speed"
  ├─ Retrieved Chunks (10): ['c000250', 'c000036', 'c000029', 'c000178', 'c000047', 'c000016']
  ├─ ReAct Steps: 0 | Latency: 8.86s (Retrieval: 1.46s | Gen: 7.40s)
  └─ Answer Preview: The Peak Braking Coefficient (PBC) is measured using the ASTM reference tyre at a speed of 64.4 km/h....

[2026-08-30T19:57:06.242027] [SUCCESS] Query #68: "According to the Lane Departure protocol, what ASTM method is used to measure th"
  ├─ Rephrased: "Lane Departure protocol ASTM PBC measurement"
  ├─ Retrieved Chunks (10): ['c000250', 'c000246', 'c000313', 'c000359', 'c000305', 'c000349']
  ├─ ReAct Steps: 0 | Latency: 9.19s (Retrieval: 0.32s | Gen: 8.87s)
  └─ Answer Preview: The Peak Braking Coefficient (PBC) is measured using the American Society for Testing and Materials (ASTM) E1136-10 (2010) standard referenc...

[2026-08-30T19:57:08.777113] [SUCCESS] Query #73: "What is the required measurement accuracy for the VUT heading angle in Lane Depa"
  ├─ Rephrased: "VUT heading angle measurement accuracy Lane Departure tests"
  ├─ Retrieved Chunks (10): ['c000330', 'c000291', 'c000286', 'c000268', 'c000327', 'c000283']
  ├─ ReAct Steps: 0 | Latency: 7.05s (Retrieval: 4.51s | Gen: 2.55s)
  └─ Answer Preview: The required measurement accuracy for the VUT heading angle in Lane Departure tests is to 0.1°....

[2026-08-30T19:57:13.480252] [SUCCESS] Query #77: "During tyre conditioning, what is the exact diameter of the circle the vehicle m"
  ├─ Rephrased: "Tyre Conditioning VUT Circle Diameter"
  ├─ Retrieved Chunks (10): ['c000178', 'c000321', 'c000052', 'c000006', 'c000008', 'c000183']
  ├─ ReAct Steps: 0 | Latency: 5.35s (Retrieval: 0.30s | Gen: 5.05s)
  └─ Answer Preview: Drive around a circle of 30m in diameter....

[2026-08-30T19:57:13.480575] [SUCCESS] Query #78: "At what speed must the vehicle drive during the sinusoidal tyre conditioning pas"
  ├─ Rephrased: "Sinusoidal tyre conditioning passes VUT speed"
  ├─ Retrieved Chunks (10): ['c000321', 'c000178', 'c000054', 'c000323', 'c000179', 'c000320']
  ├─ ReAct Steps: 0 | Latency: 5.04s (Retrieval: 0.33s | Gen: 4.71s)
  └─ Answer Preview: The vehicle must drive at 56km/h during the sinusoidal tyre conditioning passes....

[2026-08-30T19:57:13.480780] [SUCCESS] Query #74: "What is the specified test lane width when measured from the inside edge of the "
  ├─ Rephrased: "DTLE lane width inside edge measurement"
  ├─ Retrieved Chunks (10): ['c000271', 'c000342', 'c000290', 'c000350', 'c000343', 'c000252']
  ├─ ReAct Steps: 0 | Latency: 7.23s (Retrieval: 1.19s | Gen: 6.04s)
  └─ Answer Preview: The specified test lane width when measured from the inside edge of the lane marking is 3.5 to 3.7 meters....

[2026-08-30T19:57:13.480987] [SUCCESS] Query #75: "What distance must exist between the inner edge of the lane marking and the road"
  ├─ Rephrased: "lane marking inner edge distance to road edge Euro NCAP"
  ├─ Retrieved Chunks (10): ['c000271', 'c000252', 'c000290', 'c000342', 'c000305', 'c000302']
  ├─ ReAct Steps: 0 | Latency: 6.03s (Retrieval: 0.36s | Gen: 5.68s)
  └─ Answer Preview: The inner edge of the lane marking shall be at 0.20 to 0.30m from the road edge....

[2026-08-30T19:57:13.481185] [SUCCESS] Query #76: "What is the minimum length of lane marking that must remain ahead of the vehicle"
  ├─ Rephrased: "Lane Departure Test SLIF minimum length"
  ├─ Retrieved Chunks (10): ['c000456', 'c000310', 'c000302', 'c000290', 'c000305', 'c000291']
  ├─ ReAct Steps: 0 | Latency: 5.67s (Retrieval: 0.31s | Gen: 5.36s)
  └─ Answer Preview: The document does not explicitly state a minimum length of lane marking that must remain ahead of the vehicle after a Lane Departure test is...

[2026-08-30T19:57:16.440208] [SUCCESS] Query #79: "What frequency is used for the sinusoidal steering input during tyre conditionin"
  ├─ Rephrased: "frequency sinusoidal steering input tyre conditioning Euro NCAP protocol"
  ├─ Retrieved Chunks (10): ['c000321', 'c000006', 'c000394', 'c000178', 'c000251', 'c000269']
  ├─ ReAct Steps: 0 | Latency: 7.66s (Retrieval: 4.69s | Gen: 2.97s)
  └─ Answer Preview: The frequency used for the sinusoidal steering input during tyre conditioning is 1Hz....

[2026-08-30T19:57:20.932179] [SUCCESS] Query #80: "How many runs must be performed for a system check before actual Lane Departure "
  ├─ Rephrased: "Lane Departure Testing System Check Runs Protocol"
  ├─ Retrieved Chunks (10): ['c000322', 'c000330', 'c000329', 'c000313', 'c000175', 'c000250']
  ├─ ReAct Steps: 0 | Latency: 7.45s (Retrieval: 1.29s | Gen: 6.16s)
  └─ Answer Preview: Before any testing begins, perform a maximum of ten runs to ensure proper functioning of the system....

[2026-08-30T19:57:20.932537] [SUCCESS] Query #82: "At what lateral speed must the Continuous Intervention Driveability testing be c"
  ├─ Rephrased: "Continuous Intervention Driveability testing lateral speed requirement"
  ├─ Retrieved Chunks (10): ['c000282', 'c000336', 'c000284', 'c000338', 'c000279', 'c000285']
  ├─ ReAct Steps: 0 | Latency: 5.76s (Retrieval: 0.31s | Gen: 5.45s)
  └─ Answer Preview: At 0.5 m/s lateral speed, the Continuous Intervention Driveability testing must be conducted....

[2026-08-30T19:57:20.932771] [SUCCESS] Query #81: "What is the specific limit value for DTLE in Lane Departure - ELK Road Edge test"
  ├─ Rephrased: "DTLE limit value Lane Departure ELK Road Edge tests"
  ├─ Retrieved Chunks (10): ['c000342', 'c000291', 'c000290', 'c000343', 'c000252', 'c000327']
  ├─ ReAct Steps: 0 | Latency: 6.15s (Retrieval: 0.38s | Gen: 5.77s)
  └─ Answer Preview: The specific limit value for DTLE in Lane Departure - ELK Road Edge tests is set to -0.1m....

[2026-08-30T19:57:20.933002] [SUCCESS] Query #83: "What is the maximum allowed overriding torque during an active lane support syst"
  ├─ Rephrased: "Driveability requirement overriding torque active lane support system VUT DTLE"
  ├─ Retrieved Chunks (10): ['c000336', 'c000338', 'c000427', 'c000426', 'c000279', 'c000281']
  ├─ ReAct Steps: 0 | Latency: 5.44s (Retrieval: 0.39s | Gen: 5.05s)
  └─ Answer Preview: The maximum allowed overriding torque during an active lane support system intervention to satisfy the Driveability requirement is 3.0Nm + 0...

[2026-08-30T19:57:20.933226] [SUCCESS] Query #84: "For steering response tests >=70km/h at a lateral speed of 0.2m/s, what is the m"
  ├─ Rephrased: "steering response tests VUT >=70km/h lateral speed 0.2m/s maximum steering wheel velocity"
  ├─ Retrieved Chunks (10): ['c000336', 'c000283', 'c000286', 'c000330', 'c000047', 'c000268']
  ├─ ReAct Steps: 0 | Latency: 5.04s (Retrieval: 0.54s | Gen: 4.50s)
  └─ Answer Preview: For steering response tests ≥70km/h at a lateral speed of 0.2m/s, the maximum allowed steering wheel velocity is ±20 °/sec....

[2026-08-30T19:57:23.920075] [SUCCESS] Query #85: "For steering response tests >=70km/h at a lateral speed of 0.6m/s, what is the m"
  ├─ Rephrased: "steering response tests VUT >=70km/h lateral speed 0.6m/s maximum steering wheel velocity"
  ├─ Retrieved Chunks (10): ['c000336', 'c000283', 'c000330', 'c000286', 'c000282', 'c000284']
  ├─ ReAct Steps: 0 | Latency: 7.48s (Retrieval: 4.48s | Gen: 3.00s)
  └─ Answer Preview: For steering response tests ≥70km/h at a lateral speed of 0.6m/s, the maximum allowed steering wheel velocity is ±40 °/sec....

[2026-08-30T19:57:28.998644] [SUCCESS] Query #89: "In the ELK Car-to-Motorcyclist Oncoming scenario, what is the lateral distance o"
  ├─ Rephrased: "ELK Car-to-Motorcyclist Oncoming lateral distance center dashed lane marking"
  ├─ Retrieved Chunks (10): ['c000305', 'c000310', 'c000297', 'c000302', 'c000327', 'c000344']
  ├─ ReAct Steps: 0 | Latency: 5.88s (Retrieval: 0.43s | Gen: 5.45s)
  └─ Answer Preview: The lateral distance of the target's path from the inner side of the centre dashed lane marking is 1m....

[2026-08-30T19:57:28.998980] [SUCCESS] Query #90: "What is the synchronized impact location for the ELK Car-to-Car Oncoming scenari"
  ├─ Rephrased: "ELK Car-to-Car Oncoming synchronized impact location"
  ├─ Retrieved Chunks (10): ['c000305', 'c000297', 'c000310', 'c000302', 'c000344', 'c000029']
  ├─ ReAct Steps: 0 | Latency: 5.44s (Retrieval: 0.35s | Gen: 5.09s)
  └─ Answer Preview: The synchronized impact location for the ELK Car-to-Car Oncoming scenario is at a 90% impact location (assuming no system reaction)....

[2026-08-30T19:57:28.999190] [SUCCESS] Query #86: "What lateral velocity range is used for unintentional lane changes in the ELK Ca"
  ├─ Rephrased: "ELK Car-to-Car Overtaking tests lateral velocity range unintentional lane changes"
  ├─ Retrieved Chunks (10): ['c000298', 'c000306', 'c000293', 'c000318', 'c000174', 'c000324']
  ├─ ReAct Steps: 0 | Latency: 8.06s (Retrieval: 1.29s | Gen: 6.77s)
  └─ Answer Preview: The lateral velocity range used for unintentional lane changes in the ELK Car-to-Car Overtaking tests is 0.3 to 0.6 m/s....

[2026-08-30T19:57:28.999391] [SUCCESS] Query #88: "In the ELK Car-to-Car Oncoming scenario, what is the lateral distance of the tar"
  ├─ Rephrased: "ELK Car-to-Car Oncoming lateral distance target path inner side centre dashed lane marking"
  ├─ Retrieved Chunks (10): ['c000305', 'c000297', 'c000310', 'c000302', 'c000327', 'c000290']
  ├─ ReAct Steps: 0 | Latency: 6.36s (Retrieval: 0.47s | Gen: 5.89s)
  └─ Answer Preview: The lateral distance of the target's path from the inner side of the centre dashed lane marking in the ELK Car-to-Car Oncoming scenario is 1...

[2026-08-30T19:57:28.999591] [SUCCESS] Query #87: "What lateral velocity range is used for intentional lane changes in the ELK Car-"
  ├─ Rephrased: "ELK Car-to-Car Overtaking tests lateral velocity range"
  ├─ Retrieved Chunks (10): ['c000302', 'c000287', 'c000310', 'c000344', 'c000318', 'c000305']
  ├─ ReAct Steps: 0 | Latency: 6.76s (Retrieval: 0.39s | Gen: 6.37s)
  └─ Answer Preview: The lateral velocity range used for intentional lane changes in the ELK Car-to-Car Overtaking tests is not explicitly stated in the provided...

[2026-08-30T19:57:31.497791] [SUCCESS] Query #91: "What is the synchronized impact location for the ELK Car-to-Motorcyclist Oncomin"
  ├─ Rephrased: "ELK Car-to-Motorcyclist Oncoming synchronized impact location"
  ├─ Retrieved Chunks (10): ['c000305', 'c000297', 'c000310', 'c000344', 'c000302', 'c000111']
  ├─ ReAct Steps: 0 | Latency: 7.58s (Retrieval: 5.07s | Gen: 2.51s)
  └─ Answer Preview: The synchronized impact location for the ELK Car-to-Motorcyclist Oncoming scenario is at a 110% impact location (assuming no system reaction...

[2026-08-30T19:57:35.926072] [SUCCESS] Query #96: "How many maximum points are available specifically for the Driveability assessme"
  ├─ Rephrased: "Single Vehicle Driveability assessment maximum points VUT"
  ├─ Retrieved Chunks (10): ['c000338', 'c000279', 'c000335', 'c000336', 'c000281', 'c000333']
  ├─ ReAct Steps: 0 | Latency: 4.76s (Retrieval: 0.32s | Gen: 4.44s)
  └─ Answer Preview: 2 maximum points are available specifically for the Driveability assessment within the Single Vehicle tests....

[2026-08-30T19:57:35.926404] [SUCCESS] Query #94: "How many points are awarded for a PASS (Avoidance) in the ELK Car & PTW Standard"
  ├─ Rephrased: "ELK Car & PTW Standard Range PASS Avoidance points"
  ├─ Retrieved Chunks (10): ['c000319', 'c000293', 'c000352', 'c000353', 'c000280', 'c000174']
  ├─ ReAct Steps: 0 | Latency: 5.50s (Retrieval: 0.38s | Gen: 5.12s)
  └─ Answer Preview: 4 points are awarded for a PASS (Avoidance) in the ELK Car-to-car and ELK Car-to-motorcyclist Standard Range tests....

[2026-08-30T19:57:35.926615] [SUCCESS] Query #95: "What percentage of the total available score in the Standard Range must be achie"
  ├─ Rephrased: "Standard Range Extended Range scoring percentage eligibility Euro NCAP"
  ├─ Retrieved Chunks (10): ['c000209', 'c000354', 'c000333', 'c000220', 'c000207', 'c000200']
  ├─ ReAct Steps: 0 | Latency: 5.11s (Retrieval: 0.34s | Gen: 4.77s)
  └─ Answer Preview: To be eligible for scoring points in the extended ranges across scenarios, ≥25% of the total available score is required to have been awarde...

[2026-08-30T19:57:35.926824] [SUCCESS] Query #93: "At what specific TTC is an ELK test assumed to have failed if no system interven"
  ├─ Rephrased: "ELK test TTC no system intervention assumed failure"
  ├─ Retrieved Chunks (10): ['c000327', 'c000305', 'c000310', 'c000329', 'c000344', 'c000330']
  ├─ ReAct Steps: 0 | Latency: 5.84s (Retrieval: 0.33s | Gen: 5.51s)
  └─ Answer Preview: At a Time To Collision (TTC) of 0.8 seconds or a TTC submitted by the OEM, an ELK test is assumed to have failed if no system intervention i...

[2026-08-30T19:57:35.927036] [SUCCESS] Query #92: "What is the minimum required lateral separation between the VUT and the EMT to a"
  ├─ Rephrased: "VUT EMT lateral separation ELK test requirement"
  ├─ Retrieved Chunks (10): ['c000327', 'c000305', 'c000344', 'c000310', 'c000183', 'c000284']
  ├─ ReAct Steps: 0 | Latency: 6.92s (Retrieval: 1.08s | Gen: 5.85s)
  └─ Answer Preview: The minimum required lateral separation between the VUT and the EMT to avoid failing the ELK test is greater than 0.3 meters. Specifically, ...

[2026-08-30T19:57:37.635831] [SUCCESS] Query #97: "How many maximum points are available specifically for the Driver State Link ass"
  ├─ Rephrased: "Single Vehicle Test Driver State Link assessment maximum points"
  ├─ Retrieved Chunks (10): ['c000335', 'c000279', 'c000288', 'c000339', 'c000333', 'c000341']
  ├─ ReAct Steps: 0 | Latency: 6.14s (Retrieval: 4.42s | Gen: 1.72s)
  └─ Answer Preview: 3 points are available for Driver State Link within the Single Vehicle tests....

[2026-08-30T19:57:39.717107] [SUCCESS] Query #99: "What does BSM stand for in the Lane Departure protocol?"
  ├─ Rephrased: "Lane Departure BSM definition"
  ├─ Retrieved Chunks (10): ['c000295', 'c000331', 'c000355', 'c000327', 'c000271', 'c000247']
  ├─ ReAct Steps: 0 | Latency: 2.72s (Retrieval: 0.29s | Gen: 2.44s)
  └─ Answer Preview: BSM stands for Blind Spot Monitoring....

[2026-08-30T19:57:40.050471] [SUCCESS] Query #100: "How is a Driver Intention Monitoring system defined in the Lane Departure protoc"
  ├─ Rephrased: "Lane Departure protocol Driver Intention Monitoring definition"
  ├─ Retrieved Chunks (10): ['c000279', 'c000340', 'c000251', 'c000288', 'c000252', 'c000331']
  ├─ ReAct Steps: 0 | Latency: 2.76s (Retrieval: 0.34s | Gen: 2.42s)
  └─ Answer Preview: A Driver Intention Monitoring system is defined as a system that is effective at distinguishing intentional from unintentional lane crossing...

[2026-08-30T19:57:40.143503] [SUCCESS] Query #98: "How quickly must the Lane Support sensitivity revert to its nominal setting afte"
  ├─ Rephrased: "Lane Support sensitivity reversion nominal setting Driver Status Monitoring degraded perfo"
  ├─ Retrieved Chunks (10): ['c000339', 'c000288', 'c000340', 'c000341', 'c000279', 'c000212']
  ├─ ReAct Steps: 0 | Latency: 4.21s (Retrieval: 1.05s | Gen: 3.16s)
  └─ Answer Preview: The Lane Support sensitivity shall be set back to the nominal setting within less than 1 second after the Driver Status Monitoring system de...

[2026-08-30T20:21:01.227036] [SUCCESS] Query #1: "What does VUT stand for in the Assisted Driving protocol?"
  ├─ Rephrased: "What does VUT stand for in the Assisted Driving protocol? Vehicle Under Test (VUT)"
  ├─ Retrieved Chunks (10): ['c000394', 'c000251', 'c000006', 'c000458', 'c000252', 'c000017']
  ├─ ReAct Steps: 0 | Latency: 5.67s (Retrieval: 1.48s | Gen: 4.19s)
  └─ Answer Preview: Error during answer generation: Client error '404 Not Found' for url 'http://localhost:8000/v1/chat/completions' For more information check:...

[2026-08-30T20:21:01.228190] [SUCCESS] Query #5: "How is Intelligent Adaptive Cruise Control (iACC) defined?"
  ├─ Rephrased: "How is Intelligent Adaptive Cruise Control (iACC) defined? Intelligent Adaptive Cruise Con"
  ├─ Retrieved Chunks (10): ['c000395', 'c000432', 'c000436', 'c000406', 'c000424', 'c000405']
  ├─ ReAct Steps: 0 | Latency: 3.54s (Retrieval: 0.19s | Gen: 3.35s)
  └─ Answer Preview: Error during answer generation: Client error '404 Not Found' for url 'http://localhost:8000/v1/chat/completions' For more information check:...

[2026-08-30T20:21:01.228462] [SUCCESS] Query #4: "What is the definition of the Speed Limit Information Function (SLIF)?"
  ├─ Rephrased: "What is the definition of the Speed Limit Information Function (SLIF)? Speed Limit Informa"
  ├─ Retrieved Chunks (10): ['c000395', 'c000475', 'c000408', 'c000435', 'c000419', 'c000407']
  ├─ ReAct Steps: 0 | Latency: 3.75s (Retrieval: 0.20s | Gen: 3.55s)
  └─ Answer Preview: Error during answer generation: Client error '404 Not Found' for url 'http://localhost:8000/v1/chat/completions' For more information check:...

[2026-08-30T20:21:01.228699] [SUCCESS] Query #3: "In the Assisted Driving Cut-out test, what does SOV stand for?"
  ├─ Rephrased: "In the Assisted Driving Cut-out test, what does SOV stand for? Secondary Other Vehicle (SO"
  ├─ Retrieved Chunks (10): ['c000394', 'c000006', 'c000466', 'c000461', 'c000438', 'c000251']
  ├─ ReAct Steps: 0 | Latency: 3.97s (Retrieval: 0.21s | Gen: 3.76s)
  └─ Answer Preview: Error during answer generation: Client error '404 Not Found' for url 'http://localhost:8000/v1/chat/completions' For more information check:...

[2026-08-30T20:21:01.228921] [SUCCESS] Query #2: "What does GVT stand for in the Assisted Driving protocol?"
  ├─ Rephrased: "What does GVT stand for in the Assisted Driving protocol? Global Vehicle Target (GVT)"
  ├─ Retrieved Chunks (10): ['c000394', 'c000006', 'c000251', 'c000263', 'c000103', 'c000074']
  ├─ ReAct Steps: 0 | Latency: 4.18s (Retrieval: 0.20s | Gen: 3.98s)
  └─ Answer Preview: Error during answer generation: Client error '404 Not Found' for url 'http://localhost:8000/v1/chat/completions' For more information check:...

[2026-08-30T20:21:01.229153] [SUCCESS] Query #6: "What is the minimum design maximum speed for a Real Motorcycle target used in Bl"
  ├─ Rephrased: "What is the minimum design maximum speed for a Real Motorcycle target used in Blind-Spot M"
  ├─ Retrieved Chunks (10): ['c000251', 'c000007', 'c000395', 'c000345', 'c000178', 'c000330']
  ├─ ReAct Steps: 0 | Latency: 3.35s (Retrieval: 0.21s | Gen: 3.14s)
  └─ Answer Preview: Error during answer generation: Client error '404 Not Found' for url 'http://localhost:8000/v1/chat/completions' For more information check:...

[2026-08-30T20:21:05.609748] [SUCCESS] Query #7: "What is the grading requirement to achieve a "VERY GOOD" score in the Highway an"
  ├─ Rephrased: "What is the grading requirement to achieve a "VERY GOOD" score in the Highway and Interurb"
  ├─ Retrieved Chunks (10): ['c000403', 'c000392', 'c000390', 'c000441', 'c000447', 'c000424']
  ├─ ReAct Steps: 0 | Latency: 4.38s (Retrieval: 0.22s | Gen: 4.16s)
  └─ Answer Preview: Error during answer generation: Client error '404 Not Found' for url 'http://localhost:8000/v1/chat/completions' For more information check:...

[2026-08-30T20:21:05.610865] [SUCCESS] Query #12: "What specific color must be used on the Continuous System Status Indicator to de"
  ├─ Rephrased: "What specific color must be used on the Continuous System Status Indicator to denote Assis"
  ├─ Retrieved Chunks (10): ['c000412', 'c000410', 'c000411', 'c000413', 'c000284', 'c000404']
  ├─ ReAct Steps: 0 | Latency: 3.34s (Retrieval: 0.20s | Gen: 3.14s)
  └─ Answer Preview: Error during answer generation: Client error '404 Not Found' for url 'http://localhost:8000/v1/chat/completions' For more information check:...

[2026-08-30T20:21:05.611137] [SUCCESS] Query #10: "How many points are awarded if the marketing material correctly describes the sy"
  ├─ Rephrased: "How many points are awarded if the marketing material correctly describes the system funct"
  ├─ Retrieved Chunks (10): ['c000407', 'c000470', 'c000413', 'c000450', 'c000447', 'c000405']
  ├─ ReAct Steps: 0 | Latency: 3.74s (Retrieval: 0.19s | Gen: 3.55s)
  └─ Answer Preview: Error during answer generation: Client error '404 Not Found' for url 'http://localhost:8000/v1/chat/completions' For more information check:...

[2026-08-30T20:21:05.611378] [SUCCESS] Query #9: "What words are strictly forbidden from being used in a system name under the Ass"
  ├─ Rephrased: "What words are strictly forbidden from being used in a system name under the Assisted Driv"
  ├─ Retrieved Chunks (10): ['c000406', 'c000401', 'c000420', 'c000418', 'c000410', 'c000413']
  ├─ ReAct Steps: 0 | Latency: 3.95s (Retrieval: 0.20s | Gen: 3.75s)
  └─ Answer Preview: Error during answer generation: Client error '404 Not Found' for url 'http://localhost:8000/v1/chat/completions' For more information check:...

[2026-08-30T20:21:05.611604] [SUCCESS] Query #8: "How many points are awarded if a system name contains the word "assistant", "ass"
  ├─ Rephrased: "How many points are awarded if a system name contains the word "assistant", "assistance", "
  ├─ Retrieved Chunks (10): ['c000406', 'c000408', 'c000409', 'c000410', 'c000413', 'c000401']
  ├─ ReAct Steps: 0 | Latency: 4.16s (Retrieval: 0.20s | Gen: 3.96s)
  └─ Answer Preview: Error during answer generation: Client error '404 Not Found' for url 'http://localhost:8000/v1/chat/completions' For more information check:...

[2026-08-30T20:21:05.611863] [SUCCESS] Query #11: "What is the total point value available for the Continuous System Status Indicat"
  ├─ Rephrased: "What is the total point value available for the Continuous System Status Indicator?"
  ├─ Retrieved Chunks (10): ['c000412', 'c000410', 'c000413', 'c000404', 'c000411', 'c000284']
  ├─ ReAct Steps: 0 | Latency: 3.54s (Retrieval: 0.19s | Gen: 3.35s)
  └─ Answer Preview: Error during answer generation: Client error '404 Not Found' for url 'http://localhost:8000/v1/chat/completions' For more information check:...

[2026-08-30T20:21:10.011484] [SUCCESS] Query #16: "How many repetitive visual distraction instances lead to a controllable Assisted"
  ├─ Rephrased: "How many repetitive visual distraction instances lead to a controllable Assisted Mode lock"
  ├─ Retrieved Chunks (10): ['c000423', 'c000417', 'c000418', 'c000415', 'c000419', 'c000416']
  ├─ ReAct Steps: 0 | Latency: 3.73s (Retrieval: 0.18s | Gen: 3.55s)
  └─ Answer Preview: Error during answer generation: Client error '404 Not Found' for url 'http://localhost:8000/v1/chat/completions' For more information check:...

[2026-08-30T20:21:10.012063] [SUCCESS] Query #15: "How soon must Assisted Mode be deactivated if the Driver State Monitoring system"
  ├─ Rephrased: "How soon must Assisted Mode be deactivated if the Driver State Monitoring system becomes u"
  ├─ Retrieved Chunks (10): ['c000418', 'c000416', 'c000053', 'c000413', 'c000423', 'c000397']
  ├─ ReAct Steps: 0 | Latency: 3.95s (Retrieval: 0.21s | Gen: 3.74s)
  └─ Answer Preview: Error during answer generation: Client error '404 Not Found' for url 'http://localhost:8000/v1/chat/completions' For more information check:...

[2026-08-30T20:21:10.012313] [SUCCESS] Query #13: "What is the recommended decibel range for an additional acoustic indication duri"
  ├─ Rephrased: "What is the recommended decibel range for an additional acoustic indication during a syste"
  ├─ Retrieved Chunks (10): ['c000413', 'c000410', 'c000470', 'c000411', 'c000418', 'c000454']
  ├─ ReAct Steps: 0 | Latency: 4.40s (Retrieval: 0.20s | Gen: 4.20s)
  └─ Answer Preview: Error during answer generation: Client error '404 Not Found' for url 'http://localhost:8000/v1/chat/completions' For more information check:...

[2026-08-30T20:21:10.012554] [SUCCESS] Query #14: "How many points are awarded for a system that robustly detects if the driver's h"
  ├─ Rephrased: "How many points are awarded for a system that robustly detects if the driver's hands are o"
  ├─ Retrieved Chunks (10): ['c000416', 'c000418', 'c000423', 'c000413', 'c000417', 'c000401']
  ├─ ReAct Steps: 0 | Latency: 4.19s (Retrieval: 0.22s | Gen: 3.96s)
  └─ Answer Preview: Error during answer generation: Client error '404 Not Found' for url 'http://localhost:8000/v1/chat/completions' For more information check:...

[2026-08-30T20:21:10.012785] [SUCCESS] Query #17: "What is the maximum time window within which repetitive distractions will trigge"
  ├─ Rephrased: "What is the maximum time window within which repetitive distractions will trigger an Assis"
  ├─ Retrieved Chunks (10): ['c000423', 'c000418', 'c000419', 'c000416', 'c000330', 'c000451']
  ├─ ReAct Steps: 0 | Latency: 3.54s (Retrieval: 0.20s | Gen: 3.34s)
  └─ Answer Preview: Error during answer generation: Client error '404 Not Found' for url 'http://localhost:8000/v1/chat/completions' For more information check:...

[2026-08-30T20:21:10.013013] [SUCCESS] Query #18: "What frequency is applied when steering the full sine wave during the Pothole Te"
  ├─ Rephrased: "What frequency is applied when steering the full sine wave during the Pothole Test?"
  ├─ Retrieved Chunks (10): ['c000427', 'c000426', 'c000430', 'c000470', 'c000425', 'c000449']
  ├─ ReAct Steps: 0 | Latency: 3.34s (Retrieval: 0.18s | Gen: 3.16s)
  └─ Answer Preview: Error during answer generation: Client error '404 Not Found' for url 'http://localhost:8000/v1/chat/completions' For more information check:...

[2026-08-30T20:21:14.579176] [SUCCESS] Query #19: "What is the target Distance To Lane Edge (DTLE) for the steering amplitude in th"
  ├─ Rephrased: "What is the target Distance To Lane Edge (DTLE) for the steering amplitude in the Pothole "
  ├─ Retrieved Chunks (10): ['c000427', 'c000426', 'c000252', 'c000254', 'c000470', 'c000271']
  ├─ ReAct Steps: 0 | Latency: 4.57s (Retrieval: 0.24s | Gen: 4.33s)
  └─ Answer Preview: Error during answer generation: Client error '404 Not Found' for url 'http://localhost:8000/v1/chat/completions' For more information check:...

[2026-08-30T20:21:14.579976] [SUCCESS] Query #24: "What is the total maximum sub-points available for the Car-to-Car Rear Stationar"
  ├─ Rephrased: "What is the total maximum sub-points available for the Car-to-Car Rear Stationary (CCRs) t"
  ├─ Retrieved Chunks (10): ['c000460', 'c000464', 'c000468', 'c000067', 'c000276', 'c000179']
  ├─ ReAct Steps: 0 | Latency: 3.42s (Retrieval: 0.29s | Gen: 3.14s)
  └─ Answer Preview: Error during answer generation: Client error '404 Not Found' for url 'http://localhost:8000/v1/chat/completions' For more information check:...

[2026-08-30T20:21:14.580229] [SUCCESS] Query #21: "How many points are awarded for override response if a vehicle has an absolute o"
  ├─ Rephrased: "How many points are awarded for override response if a vehicle has an absolute override to"
  ├─ Retrieved Chunks (10): ['c000424', 'c000430', 'c000341', 'c000471', 'c000336', 'c000454']
  ├─ ReAct Steps: 0 | Latency: 4.09s (Retrieval: 0.20s | Gen: 3.89s)
  └─ Answer Preview: Error during answer generation: Client error '404 Not Found' for url 'http://localhost:8000/v1/chat/completions' For more information check:...

[2026-08-30T20:21:14.580608] [SUCCESS] Query #22: "How much time does a driver have to confirm an offered lower speed limit for it "
  ├─ Rephrased: "How much time does a driver have to confirm an offered lower speed limit for it to be cons"
  ├─ Retrieved Chunks (10): ['c000475', 'c000434', 'c000456', 'c000435', 'c000449', 'c000457']
  ├─ ReAct Steps: 0 | Latency: 3.88s (Retrieval: 0.21s | Gen: 3.67s)
  └─ Answer Preview: Error during answer generation: Client error '404 Not Found' for url 'http://localhost:8000/v1/chat/completions' For more information check:...

[2026-08-30T20:21:14.580854] [SUCCESS] Query #23: "What Time To Collision (TTC) is used for the Cut-out tests to verify Safety Back"
  ├─ Rephrased: "What Time To Collision (TTC) is used for the Cut-out tests to verify Safety Backup? Time T"
  ├─ Retrieved Chunks (10): ['c000467', 'c000466', 'c000461', 'c000463', 'c000327', 'c000438']
  ├─ ReAct Steps: 0 | Latency: 3.66s (Retrieval: 0.23s | Gen: 3.43s)
  └─ Answer Preview: Error during answer generation: Client error '404 Not Found' for url 'http://localhost:8000/v1/chat/completions' For more information check:...

[2026-08-30T20:21:14.581093] [SUCCESS] Query #20: "What is the target Distance To Lane Edge (DTLE) for the steering amplitude in th"
  ├─ Rephrased: "What is the target Distance To Lane Edge (DTLE) for the steering amplitude in the Partial "
  ├─ Retrieved Chunks (10): ['c000428', 'c000427', 'c000426', 'c000271', 'c000327', 'c000338']
  ├─ ReAct Steps: 0 | Latency: 4.32s (Retrieval: 0.22s | Gen: 4.10s)
  └─ Answer Preview: Error during answer generation: Client error '404 Not Found' for url 'http://localhost:8000/v1/chat/completions' For more information check:...

[2026-08-30T20:21:19.036247] [SUCCESS] Query #25: "How long must a vehicle be driven with a blocked sensor before attempting an ass"
  ├─ Rephrased: "How long must a vehicle be driven with a blocked sensor before attempting an assistance sy"
  ├─ Retrieved Chunks (10): ['c000447', 'c000448', 'c000446', 'c000449', 'c000450', 'c000443']
  ├─ ReAct Steps: 0 | Latency: 4.45s (Retrieval: 0.21s | Gen: 4.24s)
  └─ Answer Preview: Error during answer generation: Client error '404 Not Found' for url 'http://localhost:8000/v1/chat/completions' For more information check:...

[2026-08-30T20:21:19.037348] [SUCCESS] Query #26: "How many points are awarded to systems able to successfully provide a warning an"
  ├─ Rephrased: "How many points are awarded to systems able to successfully provide a warning and interven"
  ├─ Retrieved Chunks (10): ['c000452', 'c000453', 'c000451', 'c000454', 'c000419', 'c000398']
  ├─ ReAct Steps: 0 | Latency: 4.23s (Retrieval: 0.21s | Gen: 4.03s)
  └─ Answer Preview: Error during answer generation: Client error '404 Not Found' for url 'http://localhost:8000/v1/chat/completions' For more information check:...

[2026-08-30T20:21:19.037626] [SUCCESS] Query #27: "How many points are awarded to systems able to successfully provide a warning an"
  ├─ Rephrased: "How many points are awarded to systems able to successfully provide a warning and interven"
  ├─ Retrieved Chunks (10): ['c000453', 'c000452', 'c000451', 'c000454', 'c000339', 'c000419']
  ├─ ReAct Steps: 0 | Latency: 4.02s (Retrieval: 0.20s | Gen: 3.81s)
  └─ Answer Preview: Error during answer generation: Client error '404 Not Found' for url 'http://localhost:8000/v1/chat/completions' For more information check:...

[2026-08-30T20:21:19.037858] [SUCCESS] Query #29: "How many bonus points are awarded for an advanced response that changes lanes to"
  ├─ Rephrased: "How many bonus points are awarded for an advanced response that changes lanes to an emerge"
  ├─ Retrieved Chunks (10): ['c000454', 'c000398', 'c000419', 'c000413', 'c000007', 'c000452']
  ├─ ReAct Steps: 0 | Latency: 3.61s (Retrieval: 0.21s | Gen: 3.40s)
  └─ Answer Preview: Error during answer generation: Client error '404 Not Found' for url 'http://localhost:8000/v1/chat/completions' For more information check:...

[2026-08-30T20:21:19.038091] [SUCCESS] Query #28: "How many points are awarded if an unresponsive driver is detected by indirect se"
  ├─ Rephrased: "How many points are awarded if an unresponsive driver is detected by indirect sensing such"
  ├─ Retrieved Chunks (10): ['c000454', 'c000451', 'c000398', 'c000452', 'c000468', 'c000413']
  ├─ ReAct Steps: 0 | Latency: 3.81s (Retrieval: 0.19s | Gen: 3.62s)
  └─ Answer Preview: Error during answer generation: Client error '404 Not Found' for url 'http://localhost:8000/v1/chat/completions' For more information check:...

[2026-08-30T20:21:19.038304] [SUCCESS] Query #30: "To score 5 points in the S-Bend test, an LKA intervention must prevent the vehic"
  ├─ Rephrased: "To score 5 points in the S-Bend test, an LKA intervention must prevent the vehicle from cr"
  ├─ Retrieved Chunks (10): ['c000470', 'c000327', 'c000450', 'c000330', 'c000336', 'c000284']
  ├─ ReAct Steps: 0 | Latency: 3.39s (Retrieval: 0.25s | Gen: 3.14s)
  └─ Answer Preview: Error during answer generation: Client error '404 Not Found' for url 'http://localhost:8000/v1/chat/completions' For more information check:...

[2026-08-30T20:21:23.482313] [SUCCESS] Query #31: "How many points are awarded for a successful Car-to-Car intentional lane change "
  ├─ Rephrased: "How many points are awarded for a successful Car-to-Car intentional lane change test in th"
  ├─ Retrieved Chunks (10): ['c000471', 'c000454', 'c000470', 'c000067', 'c000336', 'c000281']
  ├─ ReAct Steps: 0 | Latency: 4.44s (Retrieval: 0.23s | Gen: 4.22s)
  └─ Answer Preview: Error during answer generation: Client error '404 Not Found' for url 'http://localhost:8000/v1/chat/completions' For more information check:...

[2026-08-30T20:21:23.483440] [SUCCESS] Query #36: "Which ISO standard specifies the Euro NCAP Pedestrian Target (EPTa)?"
  ├─ Rephrased: "Which ISO standard specifies the Euro NCAP Pedestrian Target (EPTa)? Euro NCAP Pedestrian "
  ├─ Retrieved Chunks (10): ['c000394', 'c000006', 'c000251', 'c000038', 'c000008', 'c000010']
  ├─ ReAct Steps: 0 | Latency: 3.36s (Retrieval: 0.22s | Gen: 3.14s)
  └─ Answer Preview: Error during answer generation: Client error '404 Not Found' for url 'http://localhost:8000/v1/chat/completions' For more information check:...

[2026-08-30T20:21:23.483720] [SUCCESS] Query #35: "Which ISO standard specifies the Euro NCAP Bicyclist Target (EBTa)?"
  ├─ Rephrased: "Which ISO standard specifies the Euro NCAP Bicyclist Target (EBTa)? Euro NCAP Bicyclist Ta"
  ├─ Retrieved Chunks (10): ['c000394', 'c000006', 'c000251', 'c000008', 'c000012', 'c000092']
  ├─ ReAct Steps: 0 | Latency: 3.60s (Retrieval: 0.23s | Gen: 3.37s)
  └─ Answer Preview: Error during answer generation: Client error '404 Not Found' for url 'http://localhost:8000/v1/chat/completions' For more information check:...

[2026-08-30T20:21:23.483962] [SUCCESS] Query #32: "By what maximum percentage can a long distraction warning timing threshold be re"
  ├─ Rephrased: "By what maximum percentage can a long distraction warning timing threshold be relaxed unde"
  ├─ Retrieved Chunks (10): ['c000419', 'c000250', 'c000452', 'c000397', 'c000418', 'c000454']
  ├─ ReAct Steps: 0 | Latency: 4.21s (Retrieval: 0.19s | Gen: 4.01s)
  └─ Answer Preview: Error during answer generation: Client error '404 Not Found' for url 'http://localhost:8000/v1/chat/completions' For more information check:...

[2026-08-30T20:21:23.484192] [SUCCESS] Query #33: "What defines a Transient driver state?"
  ├─ Rephrased: "What defines a Transient driver state?"
  ├─ Retrieved Chunks (10): ['c000341', 'c000397', 'c000398', 'c000451', 'c000339', 'c000279']
  ├─ ReAct Steps: 0 | Latency: 4.00s (Retrieval: 0.16s | Gen: 3.84s)
  └─ Answer Preview: Error during answer generation: Client error '404 Not Found' for url 'http://localhost:8000/v1/chat/completions' For more information check:...

[2026-08-30T20:21:23.484405] [SUCCESS] Query #34: "What does PBC stand for in the Frontal Collisions protocol?"
  ├─ Rephrased: "What does PBC stand for in the Frontal Collisions protocol? Peak Braking Coefficient (PBC)"
  ├─ Retrieved Chunks (10): ['c000006', 'c000270', 'c000394', 'c000251', 'c000049', 'c000008']
  ├─ ReAct Steps: 0 | Latency: 3.83s (Retrieval: 0.23s | Gen: 3.61s)
  └─ Answer Preview: Error during answer generation: Client error '404 Not Found' for url 'http://localhost:8000/v1/chat/completions' For more information check:...

[2026-08-30T20:21:27.873088] [SUCCESS] Query #40: "What is the required measurement accuracy for VUT and target speed?"
  ├─ Rephrased: "What is the required measurement accuracy for VUT and target speed? Vehicle Under Test (VU"
  ├─ Retrieved Chunks (10): ['c000268', 'c000330', 'c000305', 'c000297', 'c000314', 'c000310']
  ├─ ReAct Steps: 0 | Latency: 3.74s (Retrieval: 0.20s | Gen: 3.54s)
  └─ Answer Preview: Error during answer generation: Client error '404 Not Found' for url 'http://localhost:8000/v1/chat/completions' For more information check:...

[2026-08-30T20:21:27.873458] [SUCCESS] Query #42: "What is the maximum permitted longitudinal slope for the test track surface?"
  ├─ Rephrased: "What is the maximum permitted longitudinal slope for the test track surface?"
  ├─ Retrieved Chunks (10): ['c000049', 'c000270', 'c000178', 'c000054', 'c000051', 'c000183']
  ├─ ReAct Steps: 0 | Latency: 3.32s (Retrieval: 0.19s | Gen: 3.14s)
  └─ Answer Preview: Error during answer generation: Client error '404 Not Found' for url 'http://localhost:8000/v1/chat/completions' For more information check:...

[2026-08-30T20:21:27.873881] [SUCCESS] Query #37: "How is Vehicle width defined in the Frontal Collisions protocol?"
  ├─ Rephrased: "How is Vehicle width defined in the Frontal Collisions protocol? Vehicle width widest poin"
  ├─ Retrieved Chunks (10): ['c000008', 'c000027', 'c000251', 'c000394', 'c000037', 'c000255']
  ├─ ReAct Steps: 0 | Latency: 4.39s (Retrieval: 0.22s | Gen: 4.17s)
  └─ Answer Preview: Error during answer generation: Client error '404 Not Found' for url 'http://localhost:8000/v1/chat/completions' For more information check:...

[2026-08-30T20:21:27.874130] [SUCCESS] Query #41: "What type of filter must be applied to acceleration, yaw rate, and steering whee"
  ├─ Rephrased: "What type of filter must be applied to acceleration, yaw rate, and steering wheel velocity"
  ├─ Retrieved Chunks (10): ['c000269', 'c000048', 'c000268', 'c000330', 'c000047', 'c000284']
  ├─ ReAct Steps: 0 | Latency: 3.54s (Retrieval: 0.20s | Gen: 3.33s)
  └─ Answer Preview: Error during answer generation: Client error '404 Not Found' for url 'http://localhost:8000/v1/chat/completions' For more information check:...

[2026-08-30T20:21:27.874353] [SUCCESS] Query #39: "At what frequency must all dynamic data be sampled and recorded?"
  ├─ Rephrased: "At what frequency must all dynamic data be sampled and recorded?"
  ├─ Retrieved Chunks (10): ['c000264', 'c000042', 'c000268', 'c000020', 'c000016', 'c000253']
  ├─ ReAct Steps: 0 | Latency: 3.94s (Retrieval: 0.19s | Gen: 3.75s)
  └─ Answer Preview: Error during answer generation: Client error '404 Not Found' for url 'http://localhost:8000/v1/chat/completions' For more information check:...

[2026-08-30T20:21:27.874567] [SUCCESS] Query #38: "What does CPFA stand for?"
  ├─ Rephrased: "What does CPFA stand for? Car-to-Pedestrian Farside Adult (CPFA)"
  ├─ Retrieved Chunks (10): ['c000151', 'c000147', 'c000131', 'c000099', 'c000112', 'c000232']
  ├─ ReAct Steps: 0 | Latency: 4.16s (Retrieval: 0.21s | Gen: 3.95s)
  └─ Answer Preview: Error during answer generation: Client error '404 Not Found' for url 'http://localhost:8000/v1/chat/completions' For more information check:...

[2026-08-30T20:21:32.249792] [SUCCESS] Query #44: "What is the minimal Peak Braking Coefficient (PBC) required for the test track s"
  ├─ Rephrased: "What is the minimal Peak Braking Coefficient (PBC) required for the test track surface? Pe"
  ├─ Retrieved Chunks (10): ['c000049', 'c000270', 'c000052', 'c000012', 'c000008', 'c000251']
  ├─ ReAct Steps: 0 | Latency: 4.17s (Retrieval: 0.23s | Gen: 3.94s)
  └─ Answer Preview: Error during answer generation: Client error '404 Not Found' for url 'http://localhost:8000/v1/chat/completions' For more information check:...

[2026-08-30T20:21:32.250924] [SUCCESS] Query #46: "What is the minimum horizontal visibility at ground level required for testing?"
  ├─ Rephrased: "What is the minimum horizontal visibility at ground level required for testing?"
  ├─ Retrieved Chunks (10): ['c000272', 'c000051', 'c000458', 'c000274', 'c000055', 'c000251']
  ├─ ReAct Steps: 0 | Latency: 3.73s (Retrieval: 0.19s | Gen: 3.54s)
  └─ Answer Preview: Error during answer generation: Client error '404 Not Found' for url 'http://localhost:8000/v1/chat/completions' For more information check:...

[2026-08-30T20:21:32.251197] [SUCCESS] Query #48: "What is the minimum ambient illumination required for daylight testing?"
  ├─ Rephrased: "What is the minimum ambient illumination required for daylight testing?"
  ├─ Retrieved Chunks (10): ['c000272', 'c000051', 'c000053', 'c000274', 'c000383', 'c000329']
  ├─ ReAct Steps: 0 | Latency: 3.33s (Retrieval: 0.18s | Gen: 3.15s)
  └─ Answer Preview: Error during answer generation: Client error '404 Not Found' for url 'http://localhost:8000/v1/chat/completions' For more information check:...

[2026-08-30T20:21:32.251425] [SUCCESS] Query #47: "What is the maximum allowable wind speed during Frontal Collision testing?"
  ├─ Rephrased: "What is the maximum allowable wind speed during Frontal Collision testing?"
  ├─ Retrieved Chunks (10): ['c000183', 'c000272', 'c000007', 'c000178', 'c000053', 'c000470']
  ├─ ReAct Steps: 0 | Latency: 3.53s (Retrieval: 0.19s | Gen: 3.34s)
  └─ Answer Preview: Error during answer generation: Client error '404 Not Found' for url 'http://localhost:8000/v1/chat/completions' For more information check:...

[2026-08-30T20:21:32.251651] [SUCCESS] Query #43: "What is the maximum permitted lateral slope for the test track surface?"
  ├─ Rephrased: "What is the maximum permitted lateral slope for the test track surface?"
  ├─ Retrieved Chunks (10): ['c000049', 'c000270', 'c000178', 'c000183', 'c000054', 'c000329']
  ├─ ReAct Steps: 0 | Latency: 4.37s (Retrieval: 0.19s | Gen: 4.18s)
  └─ Answer Preview: Error during answer generation: Client error '404 Not Found' for url 'http://localhost:8000/v1/chat/completions' For more information check:...

[2026-08-30T20:21:32.251871] [SUCCESS] Query #45: "Within what ambient temperature range must Frontal Collision tests be conducted?"
  ├─ Rephrased: "Within what ambient temperature range must Frontal Collision tests be conducted?"
  ├─ Retrieved Chunks (10): ['c000272', 'c000051', 'c000319', 'c000251', 'c000008', 'c000458']
  ├─ ReAct Steps: 0 | Latency: 3.93s (Retrieval: 0.19s | Gen: 3.74s)
  └─ Answer Preview: Error during answer generation: Client error '404 Not Found' for url 'http://localhost:8000/v1/chat/completions' For more information check:...

[2026-08-30T20:25:55.513024] [SUCCESS] Query #3: "In the Assisted Driving Cut-out test, what does SOV stand for?"
  ├─ Rephrased: "SOV"
  ├─ Retrieved Chunks (10): ['c000081', 'c000394', 'c000006', 'c000082', 'c000251', 'c000027']
  ├─ ReAct Steps: 0 | Latency: 2.33s (Retrieval: 0.22s | Gen: 2.12s)
  └─ Answer Preview: SOV stands for "Secondary Other Vehicle."...

[2026-08-30T20:25:56.876322] [SUCCESS] Query #1: "What does VUT stand for in the Assisted Driving protocol?"
  ├─ Rephrased: "What does VUT stand for in the Assisted Driving protocol?"
  ├─ Retrieved Chunks (10): ['c000394', 'c000401', 'c000452', 'c000420', 'c000418', 'c000251']
  ├─ ReAct Steps: 0 | Latency: 5.57s (Retrieval: 1.63s | Gen: 3.94s)
  └─ Answer Preview: VUT stands for Vehicle under test in the Assisted Driving protocol....

[2026-08-30T20:25:56.876669] [SUCCESS] Query #2: "What does GVT stand for in the Assisted Driving protocol?"
  ├─ Rephrased: "GVT"
  ├─ Retrieved Chunks (10): ['c000041', 'c000263', 'c000095', 'c000297', 'c000010', 'c000074']
  ├─ ReAct Steps: 0 | Latency: 3.93s (Retrieval: 0.22s | Gen: 3.71s)
  └─ Answer Preview: GVT stands for Global Vehicle Target in the Assisted Driving protocol....

[2026-08-30T20:25:56.876909] [SUCCESS] Query #4: "What is the definition of the Speed Limit Information Function (SLIF)?"
  ├─ Rephrased: "What is the definition of the Speed Limit Information Function (SLIF)?"
  ├─ Retrieved Chunks (10): ['c000395', 'c000475', 'c000408', 'c000435', 'c000419', 'c000407']
  ├─ ReAct Steps: 0 | Latency: 3.47s (Retrieval: 0.34s | Gen: 3.13s)
  └─ Answer Preview: The Speed Limit Information Function (SLIF) is a system that communicates the speed limit to the driver....

[2026-08-30T20:25:56.877151] [SUCCESS] Query #6: "What is the minimum design maximum speed for a Real Motorcycle target used in Bl"
  ├─ Rephrased: "min_design_max_speed_for_real_motorcycle_blind_spot_monitoring_tests"
  ├─ Retrieved Chunks (10): ['c000330', 'c000158', 'c000004', 'c000142', 'c000123', 'c000426']
  ├─ ReAct Steps: 0 | Latency: 2.58s (Retrieval: 0.44s | Gen: 2.14s)
  └─ Answer Preview: The minimum design maximum speed for a Real Motorcycle target used in Blind-Spot Monitoring Tests is 30 km/h....

[2026-08-30T20:25:56.877370] [SUCCESS] Query #5: "How is Intelligent Adaptive Cruise Control (iACC) defined?"
  ├─ Rephrased: "iACC" OR "Intelligent Adaptive Cruise Control" OR "iACC definition" OR "Intelligent Adapti"
  ├─ Retrieved Chunks (10): ['c000395', 'c000436', 'c000392', 'c000432', 'c000331', 'c000441']
  ├─ ReAct Steps: 0 | Latency: 3.12s (Retrieval: 0.53s | Gen: 2.60s)
  └─ Answer Preview: iACC is defined as an Adaptive Cruise Control (ACC) combined with SLIF, where the speed is set by the SLIF with or without driver confirmati...

[2026-08-30T20:25:59.467929] [SUCCESS] Query #7: "What is the grading requirement to achieve a "VERY GOOD" score in the Highway an"
  ├─ Rephrased: "very_good_grade_requirements_assist_systems_highway_interurban"
  ├─ Retrieved Chunks (10): ['c000101', 'c000349', 'c000201', 'c000438', 'c000004', 'c000443']
  ├─ ReAct Steps: 0 | Latency: 3.95s (Retrieval: 1.35s | Gen: 2.60s)
  └─ Answer Preview: To achieve a "VERY GOOD" score in the Highway and Interurban Assist Systems grading, the vehicle must demonstrate that the system perception...

[2026-08-30T20:26:01.291401] [SUCCESS] Query #10: "How many points are awarded if the marketing material correctly describes the sy"
  ├─ Rephrased: "Euro NCAP vehicle testing protocol for points awarded for correctly describing system func"
  ├─ Retrieved Chunks (10): ['c000407', 'c000470', 'c000246', 'c000164', 'c000447', 'c000473']
  ├─ ReAct Steps: 0 | Latency: 2.93s (Retrieval: 0.40s | Gen: 2.53s)
  └─ Answer Preview: 5 points are awarded if the marketing material correctly describes the system functionality....

[2026-08-30T20:26:01.291736] [SUCCESS] Query #11: "What is the total point value available for the Continuous System Status Indicat"
  ├─ Rephrased: "continuous system status indicator total point value"
  ├─ Retrieved Chunks (10): ['c000410', 'c000404', 'c000412', 'c000413', 'c000411', 'c000424']
  ├─ ReAct Steps: 0 | Latency: 2.52s (Retrieval: 0.27s | Gen: 2.24s)
  └─ Answer Preview: The total point value available for the Continuous System Status Indicator is 20 points....

[2026-08-30T20:26:01.291978] [SUCCESS] Query #8: "How many points are awarded if a system name contains the word "assistant", "ass"
  ├─ Rephrased: "Euro NCAP vehicle testing protocol: points awarded for system name containing 'assistant',"
  ├─ Retrieved Chunks (10): ['c000406', 'c000408', 'c000401', 'c000413', 'c000409', 'c000420']
  ├─ ReAct Steps: 0 | Latency: 4.41s (Retrieval: 1.11s | Gen: 3.30s)
  └─ Answer Preview: 10 points are awarded if a system name contains the word "assistant", "assistance", or "assist"....

[2026-08-30T20:26:01.292207] [SUCCESS] Query #9: "What words are strictly forbidden from being used in a system name under the Ass"
  ├─ Rephrased: "assist_driving_protocol_system_name_forbidden_words"
  ├─ Retrieved Chunks (10): ['c000406', 'c000342', 'c000256', 'c000420', 'c000443', 'c000004']
  ├─ ReAct Steps: 0 | Latency: 3.29s (Retrieval: 0.35s | Gen: 2.94s)
  └─ Answer Preview: The words "auto", "automatic", "automated", "pilot", "self-drive" are strictly forbidden from being used in a system name under the Assisted...

[2026-08-30T20:26:01.292423] [SUCCESS] Query #12: "What specific color must be used on the Continuous System Status Indicator to de"
  ├─ Rephrased: "Euro NCAP vehicle testing protocol: Continuous System Status Indicator color for Assisted "
  ├─ Retrieved Chunks (10): ['c000412', 'c000410', 'c000413', 'c000411', 'c000246', 'c000473']
  ├─ ReAct Steps: 0 | Latency: 2.23s (Retrieval: 0.40s | Gen: 1.84s)
  └─ Answer Preview: The Continuous System Status Indicator must be visually indicated in green when the vehicle is in Assisted Mode....

[2026-08-30T20:26:03.341991] [SUCCESS] Query #13: "What is the recommended decibel range for an additional acoustic indication duri"
  ├─ Rephrased: "acoustic indication decibel range system status change"
  ├─ Retrieved Chunks (10): ['c000413', 'c000410', 'c000414', 'c000411', 'c000412', 'c000404']
  ├─ ReAct Steps: 0 | Latency: 3.87s (Retrieval: 1.81s | Gen: 2.06s)
  └─ Answer Preview: The recommended decibel range for an additional acoustic indication during a system status change is 50~90 dB....

[2026-08-30T20:26:06.036706] [SUCCESS] Query #17: "What is the maximum time window within which repetitive distractions will trigge"
  ├─ Rephrased: "Assisted Mode lock-out maximum time window repetitive distractions"
  ├─ Retrieved Chunks (10): ['c000423', 'c000418', 'c000416', 'c000417', 'c000415', 'c000419']
  ├─ ReAct Steps: 0 | Latency: 3.27s (Retrieval: 0.30s | Gen: 2.97s)
  └─ Answer Preview: The maximum time window within which repetitive distractions will trigger an Assisted Mode lock-out is 30 minutes....

[2026-08-30T20:26:06.037022] [SUCCESS] Query #14: "How many points are awarded for a system that robustly detects if the driver's h"
  ├─ Rephrased: "Euro NCAP vehicle testing protocol for Assisted Mode hand detection points"
  ├─ Retrieved Chunks (10): ['c000452', 'c000420', 'c000394', 'c000401', 'c000451', 'c000418']
  ├─ ReAct Steps: 0 | Latency: 4.74s (Retrieval: 0.73s | Gen: 4.02s)
  └─ Answer Preview: 5 points are awarded for a system that robustly detects if the driver's hands are on the steering wheel during Assisted Mode....

[2026-08-30T20:26:06.037235] [SUCCESS] Query #15: "How soon must Assisted Mode be deactivated if the Driver State Monitoring system"
  ├─ Rephrased: "Assisted Mode deactivation time after unavailable Driver State Monitoring system"
  ├─ Retrieved Chunks (10): ['c000418', 'c000423', 'c000416', 'c000452', 'c000252', 'c000398']
  ├─ ReAct Steps: 0 | Latency: 4.00s (Retrieval: 0.33s | Gen: 3.67s)
  └─ Answer Preview: The Driver State Monitoring system must be deactivated no later than 10 seconds from the point the DSM becomes unavailable due to a complete...

[2026-08-30T20:26:06.037436] [SUCCESS] Query #18: "What frequency is applied when steering the full sine wave during the Pothole Te"
  ├─ Rephrased: "pothole test frequency"
  ├─ Retrieved Chunks (10): ['c000427', 'c000425', 'c000428', 'c000426', 'c000429', 'c000284']
  ├─ ReAct Steps: 0 | Latency: 2.96s (Retrieval: 0.25s | Gen: 2.71s)
  └─ Answer Preview: The frequency applied when steering the full sine wave during the Pothole Test is 0.25Hz....

[2026-08-30T20:26:06.037630] [SUCCESS] Query #16: "How many repetitive visual distraction instances lead to a controllable Assisted"
  ├─ Rephrased: "How many repetitive visual distraction instances lead to a controllable Assisted Mode lock"
  ├─ Retrieved Chunks (10): ['c000423', 'c000417', 'c000418', 'c000415', 'c000419', 'c000416']
  ├─ ReAct Steps: 0 | Latency: 3.66s (Retrieval: 0.38s | Gen: 3.28s)
  └─ Answer Preview: The total score is capped to 20 points. The total score is awarded for systems that incorporate a strategy that prevents the driver to keep ...

[2026-08-30T20:26:09.260691] [SUCCESS] Query #19: "What is the target Distance To Lane Edge (DTLE) for the steering amplitude in th"
  ├─ Rephrased: "Pothole Test, Distance To Lane Edge (DTLE) target"
  ├─ Retrieved Chunks (10): ['c000252', 'c000427', 'c000428', 'c000426', 'c000327', 'c000254']
  ├─ ReAct Steps: 0 | Latency: 5.92s (Retrieval: 2.68s | Gen: 3.24s)
  └─ Answer Preview: The target Distance To Lane Edge (DTLE) for the steering amplitude in the Pothole Test is 15 cm ±5 cm....

[2026-08-30T20:26:09.261243] [SUCCESS] Query #20: "What is the target Distance To Lane Edge (DTLE) for the steering amplitude in th"
  ├─ Rephrased: "DTLE" in the Partial Lane Change Test"
  ├─ Retrieved Chunks (10): ['c000428', 'c000426', 'c000427', 'c000430', 'c000471', 'c000449']
  ├─ ReAct Steps: 0 | Latency: 3.22s (Retrieval: 0.28s | Gen: 2.95s)
  └─ Answer Preview: The target Distance To Lane Edge (DTLE) for the steering amplitude in the Partial Lane Change Test is +15 ±5 cm....

[2026-08-30T20:26:11.760642] [SUCCESS] Query #22: "How much time does a driver have to confirm an offered lower speed limit for it "
  ├─ Rephrased: "How much time does a driver have to confirm an offered lower speed limit before it is cons"
  ├─ Retrieved Chunks (10): ['c000434', 'c000475', 'c000435', 'c000456', 'c000457', 'c000427']
  ├─ ReAct Steps: 0 | Latency: 4.95s (Retrieval: 0.44s | Gen: 4.51s)
  └─ Answer Preview: The driver has 1.5 seconds after the lower limit is offered to confirm the lower speed limit....

[2026-08-30T20:26:11.760978] [SUCCESS] Query #23: "What Time To Collision (TTC) is used for the Cut-out tests to verify Safety Back"
  ├─ Rephrased: "TTC" AND "Cut-out tests" AND "verify safety backup"
  ├─ Retrieved Chunks (10): ['c000467', 'c000466', 'c000463', 'c000461', 'c000438', 'c000464']
  ├─ ReAct Steps: 0 | Latency: 4.50s (Retrieval: 0.37s | Gen: 4.13s)
  └─ Answer Preview: The Cut-out tests for Safety Backup are performed using a real car and the lead vehicle cuts out at a TTC of 2s instead of 3s as in ACC Perf...

[2026-08-30T20:26:11.761190] [SUCCESS] Query #24: "What is the total maximum sub-points available for the Car-to-Car Rear Stationar"
  ├─ Rephrased: "What is the total maximum sub-points available for the Car-to-Car Rear Stationary (CCRs) t"
  ├─ Retrieved Chunks (10): ['c000460', 'c000468', 'c000067', 'c000276', 'c000464', 'c000465']
  ├─ ReAct Steps: 0 | Latency: 4.12s (Retrieval: 0.57s | Gen: 3.55s)
  └─ Answer Preview: The total maximum sub-points available for the Car-to-Car Rear Stationary (CCRs) test in the ACC/AEB evaluation is 36 points....

[2026-08-30T20:26:11.761389] [SUCCESS] Query #21: "How many points are awarded for override response if a vehicle has an absolute o"
  ├─ Rephrased: "Euro NCAP vehicle testing protocol: points awarded for override response with absolute tor"
  ├─ Retrieved Chunks (10): ['c000471', 'c000430', 'c000336', 'c000458', 'c000424', 'c000339']
  ├─ ReAct Steps: 0 | Latency: 5.44s (Retrieval: 0.47s | Gen: 4.96s)
  └─ Answer Preview: 20 points are awarded for the reaction of the system if the following conditions are met:  - * The Lane Centering function provides continuo...

[2026-08-30T20:26:13.643649] [SUCCESS] Query #26: "How many points are awarded to systems able to successfully provide a warning an"
  ├─ Rephrased: "Euro NCAP vehicle testing protocol for microsleep warning and intervention points"
  ├─ Retrieved Chunks (10): ['c000452', 'c000453', 'c000451', 'c000339', 'c000419', 'c000333']
  ├─ ReAct Steps: 0 | Latency: 2.25s (Retrieval: 0.35s | Gen: 1.89s)
  └─ Answer Preview: 5 points are awarded to systems able to successfully provide a warning and intervention immediately after detecting a microsleep....

[2026-08-30T20:26:13.643964] [SUCCESS] Query #25: "How long must a vehicle be driven with a blocked sensor before attempting an ass"
  ├─ Rephrased: "How long must a vehicle be driven with a blocked sensor before attempting an assistance sy"
  ├─ Retrieved Chunks (10): ['c000447', 'c000448', 'c000446', 'c000449', 'c000450', 'c000443']
  ├─ ReAct Steps: 0 | Latency: 4.38s (Retrieval: 2.12s | Gen: 2.26s)
  └─ Answer Preview: The vehicle must be driven with a blocked sensor for 2 minutes before attempting an assistance system activation at start-up....

[2026-08-30T20:26:17.435973] [SUCCESS] Query #27: "How many points are awarded to systems able to successfully provide a warning an"
  ├─ Rephrased: "Euro NCAP vehicle testing protocol for vehicle systems that can provide a warning and inte"
  ├─ Retrieved Chunks (10): ['c000453', 'c000452', 'c000339', 'c000285', 'c000419', 'c000281']
  ├─ ReAct Steps: 0 | Latency: 5.67s (Retrieval: 0.91s | Gen: 4.76s)
  └─ Answer Preview: 5 points are awarded to systems able to provide a warning and intervention immediately after detecting sleep....

[2026-08-30T20:26:17.436295] [SUCCESS] Query #29: "How many bonus points are awarded for an advanced response that changes lanes to"
  ├─ Rephrased: "advanced response bonus points emergency lane unresponsive driver"
  ├─ Retrieved Chunks (10): ['c000454', 'c000451', 'c000452', 'c000007', 'c000396', 'c000398']
  ├─ ReAct Steps: 0 | Latency: 4.45s (Retrieval: 0.28s | Gen: 4.17s)
  └─ Answer Preview: 5 points are awarded for an advanced response that changes lanes to an emergency lane for an unresponsive driver....

[2026-08-30T20:26:17.436504] [SUCCESS] Query #30: "To score 5 points in the S-Bend test, an LKA intervention must prevent the vehic"
  ├─ Rephrased: "LKA_intervention_distance_S-Bend_test"
  ├─ Retrieved Chunks (10): ['c000305', 'c000327', 'c000201', 'c000191', 'c000114', 'c000310']
  ├─ ReAct Steps: 0 | Latency: 4.16s (Retrieval: 0.36s | Gen: 3.80s)
  └─ Answer Preview: To score 5 points in the S-Bend test, an LKA intervention must prevent the vehicle from crossing the lane marking by 0.5m....

[2026-08-30T20:26:17.436701] [SUCCESS] Query #28: "How many points are awarded if an unresponsive driver is detected by indirect se"
  ├─ Rephrased: "Euro NCAP indirect sensing unresponsive driver points"
  ├─ Retrieved Chunks (10): ['c000454', 'c000451', 'c000455', 'c000398', 'c000457', 'c000456']
  ├─ ReAct Steps: 0 | Latency: 4.75s (Retrieval: 0.29s | Gen: 4.46s)
  └─ Answer Preview: 10 points are awarded when the detection is enabled by indirect inputs (e.g., prolonged steering inactivity), and 10 points are also awarded...

[2026-08-30T20:26:20.245851] [SUCCESS] Query #32: "By what maximum percentage can a long distraction warning timing threshold be re"
  ├─ Rephrased: "long distraction warning timing threshold context-based vehicle response strategies maximu"
  ├─ Retrieved Chunks (10): ['c000419', 'c000452', 'c000250', 'c000397', 'c000420', 'c000418']
  ├─ ReAct Steps: 0 | Latency: 3.37s (Retrieval: 0.55s | Gen: 2.82s)
  └─ Answer Preview: The maximum percentage that a long distraction warning timing threshold can be relaxed under context-based vehicle response strategies is 15...

[2026-08-30T20:26:20.246192] [SUCCESS] Query #31: "How many points are awarded for a successful Car-to-Car intentional lane change "
  ├─ Rephrased: "safety_backup_lss_evaluation_points_for_car_to_car_intentional_lane_change"
  ├─ Retrieved Chunks (10): ['c000288', 'c000339', 'c000281', 'c000279', 'c000464', 'c000338']
  ├─ ReAct Steps: 0 | Latency: 6.60s (Retrieval: 3.22s | Gen: 3.38s)
  └─ Answer Preview: The Car-to-Car intentional lane change test is scored as follows:  - 3 points for CCRm - 3 points for CCRb - 3 points for CCRtap - 5 points ...

[2026-08-30T20:26:22.615930] [SUCCESS] Query #34: "What does PBC stand for in the Frontal Collisions protocol?"
  ├─ Rephrased: "PBC"
  ├─ Retrieved Chunks (10): ['c000270', 'c000049', 'c000006', 'c000251', 'c000250', 'c000052']
  ├─ ReAct Steps: 0 | Latency: 3.37s (Retrieval: 0.22s | Gen: 3.15s)
  └─ Answer Preview: PBC stands for Peak Braking Coefficient in the Frontal Collisions protocol....

[2026-08-30T20:26:22.616260] [SUCCESS] Query #35: "Which ISO standard specifies the Euro NCAP Bicyclist Target (EBTa)?"
  ├─ Rephrased: "Euro NCAP Bicyclist Target (EBTa) ISO standard"
  ├─ Retrieved Chunks (10): ['c000394', 'c000006', 'c000251', 'c000008', 'c000103', 'c000109']
  ├─ ReAct Steps: 0 | Latency: 3.14s (Retrieval: 0.39s | Gen: 2.75s)
  └─ Answer Preview: Euro NCAP Bicyclist Target (EBTa) is specified in ISO 19206-4:2020....

[2026-08-30T20:26:22.616476] [SUCCESS] Query #36: "Which ISO standard specifies the Euro NCAP Pedestrian Target (EPTa)?"
  ├─ Rephrased: "ISO/TS 18036:2015"
  ├─ Retrieved Chunks (10): ['c000394', 'c000006', 'c000251', 'c000016', 'c000008', 'c000103']
  ├─ ReAct Steps: 0 | Latency: 2.74s (Retrieval: 0.36s | Gen: 2.38s)
  └─ Answer Preview: The Euro NCAP Pedestrian Target (EPTa) is specified in ISO 19206-2:2018....

[2026-08-30T20:26:22.616676] [SUCCESS] Query #33: "What defines a Transient driver state?"
  ├─ Rephrased: "What defines a transient driver state according to Euro NCAP vehicle testing protocols?"
  ├─ Retrieved Chunks (10): ['c000339', 'c000341', 'c000288', 'c000053', 'c000340', 'c000333']
  ├─ ReAct Steps: 0 | Latency: 5.18s (Retrieval: 1.79s | Gen: 3.38s)
  └─ Answer Preview: A Transient driver state is defined as a driver state that is classified as inattentive, but not impaired. This includes scenarios where the...

[2026-08-30T20:26:24.866853] [SUCCESS] Query #38: "What does CPFA stand for?"
  ├─ Rephrased: "What does CPFA stand for?"
  ├─ Retrieved Chunks (10): ['c000175', 'c000151', 'c000218', 'c000163', 'c000412', 'c000359']
  ├─ ReAct Steps: 0 | Latency: 2.53s (Retrieval: 0.27s | Gen: 2.26s)
  └─ Answer Preview: CPFA stands for Car-to-Pedestrian Frontal Collision....

[2026-08-30T20:26:24.867181] [SUCCESS] Query #37: "How is Vehicle width defined in the Frontal Collisions protocol?"
  ├─ Rephrased: "Vehicle width" in the Euro NCAP Frontal Collisions protocol refers to the widest point of "
  ├─ Retrieved Chunks (10): ['c000008', 'c000251', 'c000006', 'c000394', 'c000262', 'c000039']
  ├─ ReAct Steps: 0 | Latency: 4.62s (Retrieval: 2.08s | Gen: 2.54s)
  └─ Answer Preview: Vehicle width is defined as the widest point of the vehicle ignoring the rear-view mirrors, side marker lamps, tyre pressure indicators, dir...

[2026-08-30T20:26:26.958710] [SUCCESS] Query #39: "At what frequency must all dynamic data be sampled and recorded?"
  ├─ Rephrased: "Dynamic data sampling frequency Euro NCAP"
  ├─ Retrieved Chunks (10): ['c000264', 'c000042', 'c000194', 'c000473', 'c000472', 'c000175']
  ├─ ReAct Steps: 0 | Latency: 4.34s (Retrieval: 1.21s | Gen: 3.13s)
  └─ Answer Preview: All dynamic data must be sampled and recorded at a frequency of at least 100Hz....

[2026-08-30T20:26:26.959035] [SUCCESS] Query #42: "What is the maximum permitted longitudinal slope for the test track surface?"
  ├─ Rephrased: "max_longitudinal_slope_test_track_surface"
  ├─ Retrieved Chunks (10): ['c000028', 'c000158', 'c000101', 'c000004', 'c000124', 'c000151']
  ├─ ReAct Steps: 0 | Latency: 2.43s (Retrieval: 0.33s | Gen: 2.10s)
  └─ Answer Preview: The maximum permitted longitudinal slope for the test track surface is 20 km/h....

[2026-08-30T20:26:26.959257] [SUCCESS] Query #41: "What type of filter must be applied to acceleration, yaw rate, and steering whee"
  ├─ Rephrased: "acceleration, yaw rate, steering wheel velocity data filter type"
  ├─ Retrieved Chunks (10): ['c000269', 'c000048', 'c000047', 'c000330', 'c000268', 'c000165']
  ├─ ReAct Steps: 0 | Latency: 2.79s (Retrieval: 0.35s | Gen: 2.45s)
  └─ Answer Preview: The type of filter that must be applied to acceleration, yaw rate, and steering wheel velocity data is a 12-pole phase less Butterworth filt...

[2026-08-30T20:26:26.959464] [SUCCESS] Query #40: "What is the required measurement accuracy for VUT and target speed?"
  ├─ Rephrased: "VUT vehicle under test measurement accuracy required target speed"
  ├─ Retrieved Chunks (10): ['c000047', 'c000268', 'c000284', 'c000314', 'c000010', 'c000310']
  ├─ ReAct Steps: 0 | Latency: 3.12s (Retrieval: 0.31s | Gen: 2.80s)
  └─ Answer Preview: The required measurement accuracy for VUT and target speed is at least 0.1km/h for VUT and target speed, and at least 0.03m for VUT and targ...

[2026-08-30T20:26:29.449291] [SUCCESS] Query #43: "What is the maximum permitted lateral slope for the test track surface?"
  ├─ Rephrased: "max_permitted_lateral_slope_test_track_surface"
  ├─ Retrieved Chunks (10): ['c000158', 'c000101', 'c000201', 'c000028', 'c000107', 'c000321']
  ├─ ReAct Steps: 0 | Latency: 4.58s (Retrieval: 1.76s | Gen: 2.82s)
  └─ Answer Preview: The maximum permitted lateral slope for the test track surface is ±20° (rotation around the impact point)....

[2026-08-30T20:26:30.624223] [SUCCESS] Query #44: "What is the minimal Peak Braking Coefficient (PBC) required for the test track s"
  ├─ Rephrased: "minimal peak braking coefficient required for test track surface"
  ├─ Retrieved Chunks (10): ['c000049', 'c000270', 'c000321', 'c000036', 'c000051', 'c000007']
  ├─ ReAct Steps: 0 | Latency: 3.99s (Retrieval: 0.31s | Gen: 3.68s)
  └─ Answer Preview: The minimal Peak Braking Coefficient (PBC) required for the test track surface is 0.9....

[2026-08-30T20:26:30.624568] [SUCCESS] Query #45: "Within what ambient temperature range must Frontal Collision tests be conducted?"
  ├─ Rephrased: "Euro NCAP frontal collision tests must be conducted within what ambient temperature range?"
  ├─ Retrieved Chunks (10): ['c000272', 'c000051', 'c000251', 'c000281', 'c000333', 'c000336']
  ├─ ReAct Steps: 0 | Latency: 3.66s (Retrieval: 0.37s | Gen: 3.29s)
  └─ Answer Preview: The Frontal Collision tests must be conducted in dry conditions with ambient temperature above 5°C and below 40°C....

[2026-08-30T20:26:30.624812] [SUCCESS] Query #46: "What is the minimum horizontal visibility at ground level required for testing?"
  ├─ Rephrased: "minimum_horizontal_visibility_at_ground_level_required_for_testing"
  ├─ Retrieved Chunks (10): ['c000209', 'c000114', 'c000019', 'c000026', 'c000148', 'c000028']
  ├─ ReAct Steps: 0 | Latency: 3.28s (Retrieval: 0.41s | Gen: 2.87s)
  └─ Answer Preview: The minimum horizontal visibility at ground level required for testing is 1 lux....

[2026-08-30T20:26:30.625042] [SUCCESS] Query #47: "What is the maximum allowable wind speed during Frontal Collision testing?"
  ├─ Rephrased: "max_allowable_wind_speed_during_frontal_collision_testing"
  ├─ Retrieved Chunks (10): ['c000305', 'c000201', 'c000028', 'c000310', 'c000026', 'c000321']
  ├─ ReAct Steps: 0 | Latency: 2.86s (Retrieval: 0.40s | Gen: 2.46s)
  └─ Answer Preview: The maximum allowable wind speed during Frontal Collision testing is 10 km/h....

[2026-08-30T20:26:30.625260] [SUCCESS] Query #48: "What is the minimum ambient illumination required for daylight testing?"
  ├─ Rephrased: "minimal ambient illumination daylight testing"
  ├─ Retrieved Chunks (10): ['c000051', 'c000272', 'c000049', 'c000163', 'c000322', 'c000348']
  ├─ ReAct Steps: 0 | Latency: 2.45s (Retrieval: 0.26s | Gen: 2.18s)
  └─ Answer Preview: The minimum ambient illumination required for daylight testing is 2000 lux....

[2026-08-30T20:26:32.883411] [SUCCESS] Query #49: "To what capacity must the fuel tank be filled before measuring the unladen kerb "
  ├─ Rephrased: "fuel_tank_capacity_for_unladen_kerb_mass_measurement"
  ├─ Retrieved Chunks (10): ['c000209', 'c000178', 'c000101', 'c000019', 'c000199', 'c000183']
  ├─ ReAct Steps: 0 | Latency: 3.43s (Retrieval: 1.16s | Gen: 2.27s)
  └─ Answer Preview: The unladen kerb mass must be measured with the fuel tank at its maximum capacity....

[2026-08-30T20:26:35.032284] [SUCCESS] Query #50: "What is the required interior load mass that is added to the unladen kerb mass f"
  ├─ Rephrased: "interior_load_mass_required_for_unladen_kerb_mass_testing"
  ├─ Retrieved Chunks (10): ['c000178', 'c000305', 'c000201', 'c000179', 'c000209', 'c000200']
  ├─ ReAct Steps: 0 | Latency: 4.40s (Retrieval: 0.67s | Gen: 3.73s)
  └─ Answer Preview: The required interior load mass that is added to the unladen kerb mass for testing is 100 kg....

[2026-08-30T20:26:35.032635] [SUCCESS] Query #51: "What is the Time Headway used for Car-to-Car Rear Braking (CCRb) scenarios?"
  ├─ Rephrased: "time_headway_used_for_car_to_car_rear_braking_ccrb"
  ├─ Retrieved Chunks (10): ['c000022', 'c000019', 'c000107', 'c000124', 'c000138', 'c000123']
  ├─ ReAct Steps: 0 | Latency: 3.72s (Retrieval: 0.48s | Gen: 3.24s)
  └─ Answer Preview: The Time Headway used for Car-to-Car Rear Braking (CCRb) scenarios is 0.6 seconds....

[2026-08-30T20:26:35.032877] [SUCCESS] Query #52: "What is the target deceleration used for Car-to-Car Rear Braking (CCRb) scenario"
  ├─ Rephrased: "CCRb deceleration target"
  ├─ Retrieved Chunks (10): ['c000074', 'c000092', 'c000006', 'c000394', 'c000251', 'c000129']
  ├─ ReAct Steps: 0 | Latency: 3.23s (Retrieval: 0.27s | Gen: 2.96s)
  └─ Answer Preview: The target deceleration used for Car-to-Car Rear Braking (CCRb) scenarios is -4m/s²....

[2026-08-30T20:26:35.033111] [SUCCESS] Query #54: "In the CCCscp obstructed scenario, what is the gap distance between parked obscu"
  ├─ Rephrased: "CCCscp obstructed scenario, what is the gap distance between parked obscuration vehicles?"
  ├─ Retrieved Chunks (10): ['c000103', 'c000109', 'c000052', 'c000104', 'c000251', 'c000327']
  ├─ ReAct Steps: 0 | Latency: 2.56s (Retrieval: 0.40s | Gen: 2.16s)
  └─ Answer Preview: In the CCCscp obstructed scenario, the gap distance between the parked obscuration vehicles is 2m....

[2026-08-30T20:26:35.033332] [SUCCESS] Query #53: "What is the minimum speed from which an AEB Pedestrian system must operate in th"
  ├─ Rephrased: "min_speed_AEB_Pedestrian_CPNA-75"
  ├─ Retrieved Chunks (10): ['c000098', 'c000025', 'c000026', 'c000209', 'c000060', 'c000216']
  ├─ ReAct Steps: 0 | Latency: 2.95s (Retrieval: 0.38s | Gen: 2.57s)
  └─ Answer Preview: The minimum speed from which an AEB Pedestrian system must operate in the CPNA-75 scenario is 40 km/h....

[2026-08-30T20:26:40.476836] [SUCCESS] Query #55: "What is the starting point (T0) relative to Time To Collision for most Frontal C"
  ├─ Rephrased: "T0 in Time To Collision for Frontal Collision test scenarios"
  ├─ Retrieved Chunks (10): ['c000458', 'c000192', 'c000009', 'c000319', 'c000251', 'c000178']
  ├─ ReAct Steps: 0 | Latency: 7.59s (Retrieval: 2.13s | Gen: 5.46s)
  └─ Answer Preview: The starting point (T0) relative to Time To Collision for most Frontal Collision test scenarios is the point where the VUT and test target w...

[2026-08-30T20:26:42.481920] [SUCCESS] Query #56: "What is the required VUT Time Error boundary condition for synchronization in th"
  ├─ Rephrased: "What is the required VUT Time Error boundary condition for synchronization in the CCCscp s"
  ├─ Retrieved Chunks (10): ['c000103', 'c000052', 'c000314', 'c000109', 'c000208', 'c000305']
  ├─ ReAct Steps: 0 | Latency: 7.44s (Retrieval: 2.69s | Gen: 4.76s)
  └─ Answer Preview: The required VUT Time Error boundary condition for synchronization in the CCCscp scenario is ±0.1s....

[2026-08-30T20:26:42.482282] [SUCCESS] Query #58: "What is the maximum allowed VUT lateral deviation tolerance for CPTA and CBTA sc"
  ├─ Rephrased: "cpfa_cp_cp_cp_cp_cp_cp_cp_cp_cp_cp_cp_cp_cp_cp_cp_cp_cp_cp_cp_cp_cp_cp_cp_cp_cp_cp_cp_cp_c"
  ├─ Retrieved Chunks (10): ['c000070', 'c000066', 'c000089', 'c000101', 'c000251', 'c000038']
  ├─ ReAct Steps: 0 | Latency: 3.65s (Retrieval: 0.92s | Gen: 2.73s)
  └─ Answer Preview: The maximum allowed VUT lateral deviation tolerance for CPTA and CBTA scenarios is 0.5 m....

[2026-08-30T20:26:42.482522] [SUCCESS] Query #57: "When must the direction indicator be applied before T_steer in the CCFtap scenar"
  ├─ Rephrased: "CCFtap" AND "direction indicator" AND "T_steer" AND "before" AND "scenario"
  ├─ Retrieved Chunks (10): ['c000094', 'c000096', 'c000139', 'c000053', 'c000251', 'c000095']
  ├─ ReAct Steps: 0 | Latency: 4.75s (Retrieval: 1.09s | Gen: 3.66s)
  └─ Answer Preview: The direction indicator is applied at $1.0s \pm 0.5s$ before $T_{\text{steer}}$ in the CCFtap scenario....

[2026-08-30T20:26:42.482751] [SUCCESS] Query #60: "What maximum brake level is applied by the braking robot during an FCW test?"
  ├─ Rephrased: "fcw_test_brake_level"
  ├─ Retrieved Chunks (10): ['c000107', 'c000144', 'c000191', 'c000151', 'c000066', 'c000022']
  ├─ ReAct Steps: 0 | Latency: 2.32s (Retrieval: 0.30s | Gen: 2.02s)
  └─ Answer Preview: The maximum brake level applied by the braking robot during an FCW test is N/A....

[2026-08-30T20:26:42.482983] [SUCCESS] Query #59: "What is the default delay time for the braking robot reacting to an FCW to accou"
  ├─ Rephrased: "forward_collision_warning_default_delay_time_braking_robot"
  ├─ Retrieved Chunks (10): ['c000022', 'c000107', 'c000019', 'c000199', 'c000201', 'c000106']
  ├─ ReAct Steps: 0 | Latency: 2.72s (Retrieval: 0.39s | Gen: 2.33s)
  └─ Answer Preview: The default delay time for the braking robot reacting to an FCW to account for driver reaction is 0.5 seconds....

[2026-08-30T20:26:44.762223] [SUCCESS] Query #61: "How long is the stabilization phase following the target acceleration phase in c"
  ├─ Rephrased: "crossing_scenarios_stabilization_phase_duration"
  ├─ Retrieved Chunks (10): ['c000144', 'c000022', 'c000019', 'c000107', 'c000148', 'c000152']
  ├─ ReAct Steps: 0 | Latency: 4.28s (Retrieval: 1.99s | Gen: 2.29s)
  └─ Answer Preview: The stabilization phase following the target acceleration phase in crossing scenarios is 0.5 seconds....

[2026-08-30T20:26:48.459944] [SUCCESS] Query #63: "What impact speed tolerance is applied to the verification tests?"
  ├─ Rephrased: "Euro NCAP vehicle testing protocols impact speed tolerance verification tests"
  ├─ Retrieved Chunks (10): ['c000176', 'c000312', 'c000178', 'c000001', 'c000288', 'c000314']
  ├─ ReAct Steps: 0 | Latency: 5.22s (Retrieval: 0.33s | Gen: 4.89s)
  └─ Answer Preview: The impact speed tolerance applied to the verification tests is a 2 km/h tolerance to the impact speeds of the verification test....

[2026-08-30T20:26:48.460282] [SUCCESS] Query #65: "For the AEB CCRs scenario, up to what maximum test speed must full avoidance be "
  ├─ Rephrased: "AEB CCRs up to what maximum test speed for full avoidance scoring"
  ├─ Retrieved Chunks (10): ['c000186', 'c000178', 'c000212', 'c000183', 'c000458', 'c000009']
  ├─ ReAct Steps: 0 | Latency: 4.43s (Retrieval: 0.37s | Gen: 4.06s)
  └─ Answer Preview: For the AEB CCRs scenario, full avoidance must be achieved up to 20 km/h to be eligible for scoring....

[2026-08-30T20:26:48.460498] [SUCCESS] Query #66: "What vehicle category should the smaller obstruction vehicle be according to the"
  ├─ Rephrased: "Euro NCAP Frontal Collisions protocol smaller obstruction vehicle classification"
  ├─ Retrieved Chunks (10): ['c000394', 'c000006', 'c000251', 'c000313', 'c000164', 'c000212']
  ├─ ReAct Steps: 0 | Latency: 4.05s (Retrieval: 0.34s | Gen: 3.71s)
  └─ Answer Preview: According to the Frontal Collisions protocol, the smaller obstruction vehicle should be of type "smaller obscuration vehicle" as per Appendi...

[2026-08-30T20:26:48.460702] [SUCCESS] Query #64: "If the relative impact speed reduction is evaluated to be within the red colour "
  ├─ Rephrased: "If the relative impact speed reduction is evaluated to be within the red colour band, what"
  ├─ Retrieved Chunks (10): ['c000188', 'c000201', 'c000103', 'c000276', 'c000338', 'c000207']
  ├─ ReAct Steps: 0 | Latency: 4.88s (Retrieval: 0.43s | Gen: 4.44s)
  └─ Answer Preview: If the relative impact speed reduction is evaluated to be within the red colour band, it indicates that the vehicle manufacturer has failed ...

[2026-08-30T20:26:48.460902] [SUCCESS] Query #62: "At what TTC must steady-state conditions be met for the GVT in the CCCscp scenar"
  ├─ Rephrased: "GVT in CCCscp scenario, TTC steady-state conditions"
  ├─ Retrieved Chunks (10): ['c000103', 'c000052', 'c000251', 'c000109', 'c000121', 'c000324']
  ├─ ReAct Steps: 0 | Latency: 5.97s (Retrieval: 0.74s | Gen: 5.24s)
  └─ Answer Preview: The GVT must be accelerated at a rate >1m/s² during the acceleration phase. This is followed by a 0.5s stabilization phase, after which stea...

[2026-08-30T20:26:50.415786] [SUCCESS] Query #67: "What vehicle category should the larger obstruction vehicle be according to the "
  ├─ Rephrased: "Euro NCAP Frontal Collisions protocol, larger obstruction vehicle, vehicle category"
  ├─ Retrieved Chunks (10): ['c000394', 'c000251', 'c000006', 'c000022', 'c000019', 'c000114']
  ├─ ReAct Steps: 0 | Latency: 5.65s (Retrieval: 3.69s | Gen: 1.97s)
  └─ Answer Preview: According to the Frontal Collisions protocol, the larger obstruction vehicle should be a Motorcyclist (EMT)....

[2026-08-30T20:26:52.168896] [SUCCESS] Query #71: "What does LKA stand for in the Lane Departure protocol?"
  ├─ Rephrased: "LKA"
  ├─ Retrieved Chunks (10): ['c000327', 'c000273', 'c000323', 'c000470', 'c000284', 'c000305']
  ├─ ReAct Steps: 0 | Latency: 2.21s (Retrieval: 0.22s | Gen: 1.99s)
  └─ Answer Preview: LKA stands for Lane Keep Assist....

[2026-08-30T20:26:52.169253] [SUCCESS] Query #70: "What does ELK stand for in the Lane Departure protocol?"
  ├─ Rephrased: "What does ELK stand for in the Lane Departure protocol?"
  ├─ Retrieved Chunks (10): ['c000359', 'c000246', 'c000218', 'c000305', 'c000163', 'c000175']
  ├─ ReAct Steps: 0 | Latency: 2.57s (Retrieval: 0.35s | Gen: 2.22s)
  └─ Answer Preview: ELK stands for "Electronic Lane Keeping" in the Lane Departure protocol....

[2026-08-30T20:26:52.169487] [SUCCESS] Query #69: "At what specific speed is the Peak Braking Coefficient (PBC) measured using the "
  ├─ Rephrased: "peak braking coefficient (pbc) measured using the astm reference tyre at specific speed"
  ├─ Retrieved Chunks (10): ['c000250', 'c000036', 'c000049', 'c000277', 'c000016', 'c000008']
  ├─ ReAct Steps: 0 | Latency: 2.98s (Retrieval: 0.40s | Gen: 2.58s)
  └─ Answer Preview: The Peak Braking Coefficient (PBC) is measured using the ASTM reference tyre at a speed of 64.4 km/h....

[2026-08-30T20:26:52.169710] [SUCCESS] Query #72: "What does DTLE stand for in the Lane Departure protocol?"
  ├─ Rephrased: "DTLE"
  ├─ Retrieved Chunks (10): ['c000342', 'c000427', 'c000426', 'c000343', 'c000254', 'c000330']
  ├─ ReAct Steps: 0 | Latency: 1.98s (Retrieval: 0.22s | Gen: 1.76s)
  └─ Answer Preview: DTLE stands for Distance To Lane Edge (perpendicular to the Lane Edge) in the Lane Departure protocol....

[2026-08-30T20:26:52.169928] [SUCCESS] Query #68: "According to the Lane Departure protocol, what ASTM method is used to measure th"
  ├─ Rephrased: "Peak Braking Coefficient (PBC) measured using ASTM method"
  ├─ Retrieved Chunks (10): ['c000006', 'c000250', 'c000270', 'c000251', 'c000047', 'c000017']
  ├─ ReAct Steps: 0 | Latency: 3.71s (Retrieval: 0.71s | Gen: 2.99s)
  └─ Answer Preview: The ASTM method used to measure the Peak Braking Coefficient (PBC) in the Lane Departure protocol is ASTM E1136-10 (2010)....

[2026-08-30T20:26:54.566260] [SUCCESS] Query #73: "What is the required measurement accuracy for the VUT heading angle in Lane Depa"
  ├─ Rephrased: "VUT heading angle measurement accuracy for Lane Departure tests"
  ├─ Retrieved Chunks (10): ['c000330', 'c000291', 'c000268', 'c000286', 'c000383', 'c000283']
  ├─ ReAct Steps: 0 | Latency: 4.15s (Retrieval: 1.74s | Gen: 2.41s)
  └─ Answer Preview: The required measurement accuracy for the VUT heading angle in Lane Departure tests is 0.1°....

[2026-08-30T20:26:56.208806] [SUCCESS] Query #74: "What is the specified test lane width when measured from the inside edge of the "
  ├─ Rephrased: "vut_test_lane_width"
  ├─ Retrieved Chunks (10): ['c000302', 'c000290', 'c000199', 'c000191', 'c000310', 'c000201']
  ├─ ReAct Steps: 0 | Latency: 4.04s (Retrieval: 0.61s | Gen: 3.43s)
  └─ Answer Preview: The specified test lane width when measured from the inside edge of the lane marking is 3.0m....

[2026-08-30T20:26:56.209165] [SUCCESS] Query #77: "During tyre conditioning, what is the exact diameter of the circle the vehicle m"
  ├─ Rephrased: "during_tyre_conditioning_what_is_the_exact_diameter_of_the_circle_the_vehicle_must_drive_a"
  ├─ Retrieved Chunks (10): ['c000321', 'c000007', 'c000341', 'c000279', 'c000012', 'c000322']
  ├─ ReAct Steps: 0 | Latency: 2.60s (Retrieval: 0.55s | Gen: 2.06s)
  └─ Answer Preview: The exact diameter of the circle the vehicle must drive around during tyre conditioning is 30m....

[2026-08-30T20:26:56.209403] [SUCCESS] Query #76: "What is the minimum length of lane marking that must remain ahead of the vehicle"
  ├─ Rephrased: "min_length_of_lane_marking_after_lane_departure_test"
  ├─ Retrieved Chunks (10): ['c000284', 'c000330', 'c000290', 'c000283', 'c000326', 'c000310']
  ├─ ReAct Steps: 0 | Latency: 3.03s (Retrieval: 0.42s | Gen: 2.61s)
  └─ Answer Preview: The minimum length of lane marking that must remain ahead of the vehicle after a Lane Departure test is 1m....

[2026-08-30T20:26:56.209625] [SUCCESS] Query #75: "What distance must exist between the inner edge of the lane marking and the road"
  ├─ Rephrased: "Euro NCAP vehicle testing protocol: minimum distance between lane marking and road edge"
  ├─ Retrieved Chunks (10): ['c000339', 'c000271', 'c000281', 'c000290', 'c000383', 'c000327']
  ├─ ReAct Steps: 0 | Latency: 3.42s (Retrieval: 0.38s | Gen: 3.04s)
  └─ Answer Preview: The inner edge of the lane marking shall be at 0.20 to 0.30m from the road edge (transition between paved test surface and road edge materia...

[2026-08-30T20:26:56.209848] [SUCCESS] Query #78: "At what speed must the vehicle drive during the sinusoidal tyre conditioning pas"
  ├─ Rephrased: "vehicle_speed_during_sinusoidal_tyre_conditioning_passes"
  ├─ Retrieved Chunks (10): ['c000321', 'c000191', 'c000154', 'c000091', 'c000112', 'c000195']
  ├─ ReAct Steps: 0 | Latency: 2.05s (Retrieval: 0.39s | Gen: 1.65s)
  └─ Answer Preview: The vehicle must drive at a speed of 56km/h during the sinusoidal tyre conditioning passes....

[2026-08-30T20:26:58.809913] [SUCCESS] Query #79: "What frequency is used for the sinusoidal steering input during tyre conditionin"
  ├─ Rephrased: "What frequency is used for sinusoidal steering input during tyre conditioning?"
  ├─ Retrieved Chunks (10): ['c000321', 'c000426', 'c000054', 'c000007', 'c000470', 'c000425']
  ├─ ReAct Steps: 0 | Latency: 4.24s (Retrieval: 1.63s | Gen: 2.61s)
  └─ Answer Preview: The frequency used for the sinusoidal steering input during tyre conditioning is 1Hz....

[2026-08-30T20:27:01.012758] [SUCCESS] Query #80: "How many runs must be performed for a system check before actual Lane Departure "
  ├─ Rephrased: "How many runs must be performed for a system check before actual Lane Departure testing be"
  ├─ Retrieved Chunks (10): ['c000322', 'c000329', 'c000320', 'c000053', 'c000321', 'c000272']
  ├─ ReAct Steps: 0 | Latency: 4.80s (Retrieval: 0.62s | Gen: 4.18s)
  └─ Answer Preview: Two runs must be performed for a system check before actual Lane Departure testing begins....

[2026-08-30T20:27:01.013115] [SUCCESS] Query #82: "At what lateral speed must the Continuous Intervention Driveability testing be c"
  ├─ Rephrased: "Continuous Intervention Driveability testing lateral speed"
  ├─ Retrieved Chunks (10): ['c000282', 'c000336', 'c000284', 'c000338', 'c000279', 'c000285']
  ├─ ReAct Steps: 0 | Latency: 3.79s (Retrieval: 0.29s | Gen: 3.50s)
  └─ Answer Preview: Continuous Intervention Driveability testing must be conducted at 0.5m/s lateral speed....

[2026-08-30T20:27:01.013349] [SUCCESS] Query #81: "What is the specific limit value for DTLE in Lane Departure - ELK Road Edge test"
  ├─ Rephrased: "DTLE limit value in Lane Departure - ELK Road Edge tests"
  ├─ Retrieved Chunks (10): ['c000342', 'c000291', 'c000290', 'c000343', 'c000252', 'c000250']
  ├─ ReAct Steps: 0 | Latency: 4.17s (Retrieval: 0.38s | Gen: 3.80s)
  └─ Answer Preview: The limit value for DTLE in Lane Departure - ELK Road Edge tests is set to -0.1m....

[2026-08-30T20:27:01.013580] [SUCCESS] Query #83: "What is the maximum allowed overriding torque during an active lane support syst"
  ├─ Rephrased: "max_overriding_torque_during_active_lane_support_system_intervention_satisfy_driveability_"
  ├─ Retrieved Chunks (10): ['c000191', 'c000196', 'c000338', 'c000305', 'c000201', 'c000281']
  ├─ ReAct Steps: 0 | Latency: 3.49s (Retrieval: 0.55s | Gen: 2.93s)
  └─ Answer Preview: The maximum allowed overriding torque during an active lane support system intervention to satisfy the Driveability requirement is 100 Nm....

[2026-08-30T20:27:01.013801] [SUCCESS] Query #84: "For steering response tests >=70km/h at a lateral speed of 0.2m/s, what is the m"
  ├─ Rephrased: "max_allowed_steering_wheel_velocity_for_steering_response_tests_>=70km/h_at_a_lateral_spee"
  ├─ Retrieved Chunks (10): ['c000336', 'c000283', 'c000338', 'c000284', 'c000330', 'c000368']
  ├─ ReAct Steps: 0 | Latency: 2.92s (Retrieval: 0.71s | Gen: 2.22s)
  └─ Answer Preview: For steering response tests >=70km/h at a lateral speed of 0.2m/s, the maximum allowed steering wheel velocity is ± 25 °/sec....

[2026-08-30T20:27:03.898795] [SUCCESS] Query #85: "For steering response tests >=70km/h at a lateral speed of 0.6m/s, what is the m"
  ├─ Rephrased: "max_allowed_steering_wheel_velocity_for_steering_response_tests_>=70km/h_at_a_lateral_spee"
  ├─ Retrieved Chunks (10): ['c000336', 'c000283', 'c000330', 'c000338', 'c000284', 'c000368']
  ├─ ReAct Steps: 0 | Latency: 5.09s (Retrieval: 2.19s | Gen: 2.90s)
  └─ Answer Preview: For steering response tests >=70km/h at a lateral speed of 0.6m/s, the maximum allowed steering wheel velocity is 15.0 °/s....

[2026-08-30T20:27:05.991551] [SUCCESS] Query #86: "What lateral velocity range is used for unintentional lane changes in the ELK Ca"
  ├─ Rephrased: "ELK Car-to-Car Overtaking tests lateral velocity range unintentional lane changes"
  ├─ Retrieved Chunks (10): ['c000298', 'c000306', 'c000293', 'c000318', 'c000174', 'c000324']
  ├─ ReAct Steps: 0 | Latency: 4.97s (Retrieval: 0.85s | Gen: 4.13s)
  └─ Answer Preview: The lateral velocity range used for unintentional lane changes in the ELK Car-to-Car Overtaking tests is 0.3 to 0.6 m/s....

[2026-08-30T20:27:05.991897] [SUCCESS] Query #87: "What lateral velocity range is used for intentional lane changes in the ELK Car-"
  ├─ Rephrased: "ELK Car-to-Car Overtaking tests lateral velocity range"
  ├─ Retrieved Chunks (10): ['c000302', 'c000287', 'c000310', 'c000344', 'c000318', 'c000305']
  ├─ ReAct Steps: 0 | Latency: 4.12s (Retrieval: 0.36s | Gen: 3.76s)
  └─ Answer Preview: The lateral velocity range used for intentional lane changes in the ELK Car-to-Car Overtaking tests is between 0.5 to 0.7 m/s....

[2026-08-30T20:27:05.992148] [SUCCESS] Query #88: "In the ELK Car-to-Car Oncoming scenario, what is the lateral distance of the tar"
  ├─ Rephrased: "ELK Car-to-Car Oncoming lateral distance inner side centre dashed lane marking"
  ├─ Retrieved Chunks (10): ['c000305', 'c000297', 'c000310', 'c000302', 'c000327', 'c000252']
  ├─ ReAct Steps: 0 | Latency: 3.75s (Retrieval: 0.40s | Gen: 3.35s)
  └─ Answer Preview: The lateral distance of the target's path from the inner side of the centre dashed lane marking in the ELK Car-to-Car Oncoming scenario is 1...

[2026-08-30T20:27:05.992371] [SUCCESS] Query #89: "In the ELK Car-to-Motorcyclist Oncoming scenario, what is the lateral distance o"
  ├─ Rephrased: "ELK Car-to-Motorcyclist Oncoming scenario lateral distance inner side centre dashed lane m"
  ├─ Retrieved Chunks (10): ['c000305', 'c000310', 'c000297', 'c000302', 'c000327', 'c000290']
  ├─ ReAct Steps: 0 | Latency: 3.34s (Retrieval: 0.42s | Gen: 2.92s)
  └─ Answer Preview: The lateral distance of the target's path from the inner side of the centre dashed lane marking in the ELK Car-to-Motorcyclist Oncoming scen...

[2026-08-30T20:27:05.992591] [SUCCESS] Query #90: "What is the synchronized impact location for the ELK Car-to-Car Oncoming scenari"
  ├─ Rephrased: "verified_domain:ELK, verified_domain:car-to-car, verified_domain:oncoming, verified_domain"
  ├─ Retrieved Chunks (10): ['c000305', 'c000297', 'c000344', 'c000302', 'c000310', 'c000327']
  ├─ ReAct Steps: 0 | Latency: 2.91s (Retrieval: 0.80s | Gen: 2.10s)
  └─ Answer Preview: The synchronized impact location for the ELK Car-to-Car Oncoming scenario is 110% of the impact location....

[2026-08-30T20:27:08.577920] [SUCCESS] Query #91: "What is the synchronized impact location for the ELK Car-to-Motorcyclist Oncomin"
  ├─ Rephrased: "elk_car-to-motorcyclist_oncoming_synchronized_impact_location"
  ├─ Retrieved Chunks (10): ['c000297', 'c000113', 'c000183', 'c000310', 'c000008', 'c000122']
  ├─ ReAct Steps: 0 | Latency: 4.68s (Retrieval: 2.08s | Gen: 2.60s)
  └─ Answer Preview: The synchronized impact location for the ELK Car-to-Motorcyclist Oncoming scenario is 1.5m from the inner side of the centre dashed lane mar...

[2026-08-30T20:27:10.267711] [SUCCESS] Query #94: "How many points are awarded for a PASS (Avoidance) in the ELK Car & PTW Standard"
  ├─ Rephrased: "How many points are awarded for a PASS (Avoidance) in the ELK Car & PTW Standard Range tes"
  ├─ Retrieved Chunks (10): ['c000185', 'c000168', 'c000305', 'c000067', 'c000087', 'c000316']
  ├─ ReAct Steps: 0 | Latency: 2.98s (Retrieval: 0.48s | Gen: 2.50s)
  └─ Answer Preview: 5 points are awarded for a PASS (Avoidance) in the ELK Car & PTW Standard Range tests....

[2026-08-30T20:27:10.268062] [SUCCESS] Query #95: "What percentage of the total available score in the Standard Range must be achie"
  ├─ Rephrased: "What percentage of the total available score in the Standard Range must be achieved to be "
  ├─ Retrieved Chunks (10): ['c000354', 'c000213', 'c000351', 'c000209', 'c000357', 'c000208']
  ├─ ReAct Steps: 0 | Latency: 2.49s (Retrieval: 0.44s | Gen: 2.04s)
  └─ Answer Preview: 50% of the total available score in the Standard Range must be achieved to be eligible for Extended Range scoring....

[2026-08-30T20:27:10.268299] [SUCCESS] Query #92: "What is the minimum required lateral separation between the VUT and the EMT to a"
  ├─ Rephrased: "min lateral separation between VUT and EMT avoid failing ELK test"
  ├─ Retrieved Chunks (10): ['c000327', 'c000344', 'c000305', 'c000310', 'c000383', 'c000178']
  ├─ ReAct Steps: 0 | Latency: 4.27s (Retrieval: 0.84s | Gen: 3.43s)
  └─ Answer Preview: The minimum required lateral separation between the VUT and the EMT to avoid failing the ELK test is 0.3m....

[2026-08-30T20:27:10.268520] [SUCCESS] Query #93: "At what specific TTC is an ELK test assumed to have failed if no system interven"
  ├─ Rephrased: "at what specific ttc is an elk test assumed to have failed if no system intervention is ob"
  ├─ Retrieved Chunks (10): ['c000327', 'c000328', 'c000344', 'c000305', 'c000310', 'c000330']
  ├─ ReAct Steps: 0 | Latency: 3.42s (Retrieval: 0.43s | Gen: 2.99s)
  └─ Answer Preview: The test is assumed to have failed if the TTC is submitted by the OEM is less than or equal to 0.8s....

[2026-08-30T20:27:10.268733] [SUCCESS] Query #96: "How many maximum points are available specifically for the Driveability assessme"
  ├─ Rephrased: "Euro NCAP Single Vehicle tests Driveability assessment maximum points"
  ├─ Retrieved Chunks (10): ['c000338', 'c000281', 'c000335', 'c000333', 'c000279', 'c000336']
  ├─ ReAct Steps: 0 | Latency: 2.03s (Retrieval: 0.33s | Gen: 1.70s)
  └─ Answer Preview: The maximum points available specifically for the Driveability assessment within the Single Vehicle tests are 2 points for Driveability and ...

[2026-08-30T20:27:11.590388] [SUCCESS] Query #97: "How many maximum points are available specifically for the Driver State Link ass"
  ├─ Rephrased: "Euro NCAP Single Vehicle tests Driver State Link assessment maximum points"
  ├─ Retrieved Chunks (10): ['c000279', 'c000335', 'c000339', 'c000288', 'c000333', 'c000281']
  ├─ ReAct Steps: 0 | Latency: 3.01s (Retrieval: 1.68s | Gen: 1.34s)
  └─ Answer Preview: The maximum points available specifically for the Driver State Link assessment within the Single Vehicle tests are 3 points....

[2026-08-30T20:27:12.471000] [SUCCESS] Query #99: "What does BSM stand for in the Lane Departure protocol?"
  ├─ Rephrased: "bsm_stands_for_blind_spot_monitoring"
  ├─ Retrieved Chunks (10): ['c000125', 'c000151', 'c000273', 'c000158', 'c000313', 'c000195']
  ├─ ReAct Steps: 0 | Latency: 1.53s (Retrieval: 0.31s | Gen: 1.22s)
  └─ Answer Preview: BSM stands for "Bicyclist Safety Management" in the Lane Departure protocol....

[2026-08-30T20:27:12.643983] [SUCCESS] Query #98: "How quickly must the Lane Support sensitivity revert to its nominal setting afte"
  ├─ Rephrased: "Euro NCAP vehicle testing protocol for Lane Support sensitivity reversion after Driver Sta"
  ├─ Retrieved Chunks (10): ['c000339', 'c000340', 'c000288', 'c000341', 'c000333', 'c000279']
  ├─ ReAct Steps: 0 | Latency: 2.37s (Retrieval: 0.65s | Gen: 1.72s)
  └─ Answer Preview: The Vehicle Manufacturer is encouraged to implement a system to revert the Lane Support sensitivity back to its nominal setting within 1 sec...

[2026-08-30T20:27:12.742133] [SUCCESS] Query #100: "How is a Driver Intention Monitoring system defined in the Lane Departure protoc"
  ├─ Rephrased: "Driver Intention Monitoring distinguishing intentional from unintentional lane crossing"
  ├─ Retrieved Chunks (10): ['c000252', 'c000279', 'c000341', 'c000340', 'c000288', 'c000251']
  ├─ ReAct Steps: 0 | Latency: 1.48s (Retrieval: 0.32s | Gen: 1.16s)
  └─ Answer Preview: A Driver Intention Monitoring system (DIM) is defined in the Lane Departure protocol as a system that is effective at distinguishing intenti...

[2026-08-30T20:56:50.252603] [SUCCESS] Query #5: "How is Intelligent Adaptive Cruise Control (iACC) defined?"
  ├─ Rephrased: "Intelligent Adaptive Cruise Control (iACC) definition"
  ├─ Retrieved Chunks (10): ['c000395', 'c000436', 'c000432', 'c000406', 'c000442', 'c000392']
  ├─ ReAct Steps: 0 | Latency: 3.77s (Retrieval: 0.30s | Gen: 3.47s)
  └─ Answer Preview: Error during answer generation: Client error '400 Bad Request' for url 'http://localhost:8000/v1/chat/completions' For more information chec...

[2026-08-30T20:56:50.253220] [SUCCESS] Query #6: "What is the minimum design maximum speed for a Real Motorcycle target used in Bl"
  ├─ Rephrased: "Real Motorcycle Blind-Spot Monitoring Tests minimum design maximum speed"
  ├─ Retrieved Chunks (10): ['c000251', 'c000395', 'c000007', 'c000345', 'c000311', 'c000252']
  ├─ ReAct Steps: 0 | Latency: 3.46s (Retrieval: 0.31s | Gen: 3.15s)
  └─ Answer Preview: Error during answer generation: Client error '400 Bad Request' for url 'http://localhost:8000/v1/chat/completions' For more information chec...

[2026-08-30T20:56:50.253515] [SUCCESS] Query #3: "In the Assisted Driving Cut-out test, what does SOV stand for?"
  ├─ Rephrased: "In the Assisted Driving Cut-out test, what does SOV stand for?"
  ├─ Retrieved Chunks (10): ['c000467', 'c000466', 'c000438', 'c000463', 'c000462', 'c000437']
  ├─ ReAct Steps: 0 | Latency: 4.45s (Retrieval: 0.38s | Gen: 4.07s)
  └─ Answer Preview: Error during answer generation: Client error '400 Bad Request' for url 'http://localhost:8000/v1/chat/completions' For more information chec...

[2026-08-30T20:56:50.253768] [SUCCESS] Query #1: "What does VUT stand for in the Assisted Driving protocol?"
  ├─ Rephrased: "VUT in Assisted Driving"
  ├─ Retrieved Chunks (10): ['c000418', 'c000423', 'c000401', 'c000448', 'c000449', 'c000417']
  ├─ ReAct Steps: 0 | Latency: 6.27s (Retrieval: 1.56s | Gen: 4.72s)
  └─ Answer Preview: Error during answer generation: Client error '400 Bad Request' for url 'http://localhost:8000/v1/chat/completions' For more information chec...

[2026-08-30T20:56:50.254008] [SUCCESS] Query #4: "What is the definition of the Speed Limit Information Function (SLIF)?"
  ├─ Rephrased: "speed limit information function (slif)"
  ├─ Retrieved Chunks (10): ['c000475', 'c000395', 'c000434', 'c000435', 'c000432', 'c000410']
  ├─ ReAct Steps: 0 | Latency: 4.06s (Retrieval: 0.28s | Gen: 3.78s)
  └─ Answer Preview: Error during answer generation: Client error '400 Bad Request' for url 'http://localhost:8000/v1/chat/completions' For more information chec...

[2026-08-30T20:56:50.254247] [SUCCESS] Query #2: "What does GVT stand for in the Assisted Driving protocol?"
  ├─ Rephrased: "GVT Assisted Driving"
  ├─ Retrieved Chunks (10): ['c000418', 'c000393', 'c000388', 'c000441', 'c000401', 'c000420']
  ├─ ReAct Steps: 0 | Latency: 4.70s (Retrieval: 0.24s | Gen: 4.46s)
  └─ Answer Preview: Error during answer generation: Client error '400 Bad Request' for url 'http://localhost:8000/v1/chat/completions' For more information chec...

[2026-08-30T20:56:55.060762] [SUCCESS] Query #7: "What is the grading requirement to achieve a "VERY GOOD" score in the Highway an"
  ├─ Rephrased: "Highway and Interurban Assist Systems grading requirement VERY GOOD"
  ├─ Retrieved Chunks (10): ['c000403', 'c000392', 'c000390', 'c000441', 'c000393', 'c000469']
  ├─ ReAct Steps: 0 | Latency: 4.81s (Retrieval: 0.31s | Gen: 4.49s)
  └─ Answer Preview: Error during answer generation: Client error '400 Bad Request' for url 'http://localhost:8000/v1/chat/completions' For more information chec...

[2026-08-30T20:56:55.061353] [SUCCESS] Query #8: "How many points are awarded if a system name contains the word "assistant", "ass"
  ├─ Rephrased: "points awarded system name contains assistant assistance assist"
  ├─ Retrieved Chunks (10): ['c000406', 'c000409', 'c000408', 'c000413', 'c000410', 'c000401']
  ├─ ReAct Steps: 0 | Latency: 4.48s (Retrieval: 0.27s | Gen: 4.21s)
  └─ Answer Preview: Error during answer generation: Client error '400 Bad Request' for url 'http://localhost:8000/v1/chat/completions' For more information chec...

[2026-08-30T20:56:55.061649] [SUCCESS] Query #9: "What words are strictly forbidden from being used in a system name under the Ass"
  ├─ Rephrased: "assisted driving protocol prohibited words"
  ├─ Retrieved Chunks (10): ['c000388', 'c000418', 'c000401', 'c000420', 'c000390', 'c000442']
  ├─ ReAct Steps: 0 | Latency: 4.20s (Retrieval: 0.25s | Gen: 3.95s)
  └─ Answer Preview: Error during answer generation: Client error '400 Bad Request' for url 'http://localhost:8000/v1/chat/completions' For more information chec...

[2026-08-30T20:56:55.061881] [SUCCESS] Query #11: "What is the total point value available for the Continuous System Status Indicat"
  ├─ Rephrased: "Continuous System Status Indicator total points"
  ├─ Retrieved Chunks (10): ['c000412', 'c000410', 'c000404', 'c000413', 'c000411', 'c000429']
  ├─ ReAct Steps: 0 | Latency: 3.70s (Retrieval: 0.26s | Gen: 3.44s)
  └─ Answer Preview: Error during answer generation: Client error '400 Bad Request' for url 'http://localhost:8000/v1/chat/completions' For more information chec...

[2026-08-30T20:56:55.062110] [SUCCESS] Query #12: "What specific color must be used on the Continuous System Status Indicator to de"
  ├─ Rephrased: "Assisted Mode Continuous System Status Indicator color"
  ├─ Retrieved Chunks (10): ['c000412', 'c000410', 'c000404', 'c000411', 'c000413', 'c000423']
  ├─ ReAct Steps: 0 | Latency: 3.43s (Retrieval: 0.28s | Gen: 3.14s)
  └─ Answer Preview: Error during answer generation: Client error '400 Bad Request' for url 'http://localhost:8000/v1/chat/completions' For more information chec...

[2026-08-30T20:56:55.062330] [SUCCESS] Query #10: "How many points are awarded if the marketing material correctly describes the sy"
  ├─ Rephrased: "Marketing material description points VUT"
  ├─ Retrieved Chunks (10): ['c000407', 'c000447', 'c000449', 'c000448', 'c000450', 'c000404']
  ├─ ReAct Steps: 0 | Latency: 3.94s (Retrieval: 0.23s | Gen: 3.71s)
  └─ Answer Preview: Error during answer generation: Client error '400 Bad Request' for url 'http://localhost:8000/v1/chat/completions' For more information chec...

[2026-08-30T20:57:00.045878] [SUCCESS] Query #16: "How many repetitive visual distraction instances lead to a controllable Assisted"
  ├─ Rephrased: "repetitive visual distraction instances leading to controllable Assisted Mode lock-out"
  ├─ Retrieved Chunks (10): ['c000423', 'c000417', 'c000415', 'c000418', 'c000416', 'c000419']
  ├─ ReAct Steps: 0 | Latency: 4.05s (Retrieval: 0.34s | Gen: 3.71s)
  └─ Answer Preview: Error during answer generation: Client error '400 Bad Request' for url 'http://localhost:8000/v1/chat/completions' For more information chec...

[2026-08-30T20:57:00.046446] [SUCCESS] Query #14: "How many points are awarded for a system that robustly detects if the driver's h"
  ├─ Rephrased: "Assisted Mode steering wheel detection points"
  ├─ Retrieved Chunks (10): ['c000416', 'c000451', 'c000423', 'c000418', 'c000420', 'c000454']
  ├─ ReAct Steps: 0 | Latency: 4.68s (Retrieval: 0.27s | Gen: 4.41s)
  └─ Answer Preview: Error during answer generation: Client error '400 Bad Request' for url 'http://localhost:8000/v1/chat/completions' For more information chec...

[2026-08-30T20:57:00.046697] [SUCCESS] Query #13: "What is the recommended decibel range for an additional acoustic indication duri"
  ├─ Rephrased: "recommended decibel range additional acoustic indication system status change"
  ├─ Retrieved Chunks (10): ['c000413', 'c000410', 'c000411', 'c000414', 'c000412', 'c000444']
  ├─ ReAct Steps: 0 | Latency: 4.98s (Retrieval: 0.29s | Gen: 4.70s)
  └─ Answer Preview: Error during answer generation: Client error '400 Bad Request' for url 'http://localhost:8000/v1/chat/completions' For more information chec...

[2026-08-30T20:57:00.046931] [SUCCESS] Query #17: "What is the maximum time window within which repetitive distractions will trigge"
  ├─ Rephrased: "Assisted Mode lock-out time window repetitive distractions"
  ├─ Retrieved Chunks (10): ['c000423', 'c000418', 'c000416', 'c000415', 'c000417', 'c000419']
  ├─ ReAct Steps: 0 | Latency: 3.70s (Retrieval: 0.28s | Gen: 3.43s)
  └─ Answer Preview: Error during answer generation: Client error '400 Bad Request' for url 'http://localhost:8000/v1/chat/completions' For more information chec...

[2026-08-30T20:57:00.047160] [SUCCESS] Query #18: "What frequency is applied when steering the full sine wave during the Pothole Te"
  ├─ Rephrased: "full sine wave steering Pothole Test frequency"
  ├─ Retrieved Chunks (10): ['c000427', 'c000426', 'c000425', 'c000470', 'c000430', 'c000429']
  ├─ ReAct Steps: 0 | Latency: 3.42s (Retrieval: 0.27s | Gen: 3.14s)
  └─ Answer Preview: Error during answer generation: Client error '400 Bad Request' for url 'http://localhost:8000/v1/chat/completions' For more information chec...

[2026-08-30T20:57:00.047392] [SUCCESS] Query #15: "How soon must Assisted Mode be deactivated if the Driver State Monitoring system"
  ├─ Rephrased: "Assisted Mode deactivation timing Driver State Monitoring unavailable complete blockage"
  ├─ Retrieved Chunks (10): ['c000418', 'c000416', 'c000419', 'c000397', 'c000451', 'c000420']
  ├─ ReAct Steps: 0 | Latency: 4.40s (Retrieval: 0.33s | Gen: 4.07s)
  └─ Answer Preview: Error during answer generation: Client error '400 Bad Request' for url 'http://localhost:8000/v1/chat/completions' For more information chec...

[2026-08-30T20:57:04.947479] [SUCCESS] Query #21: "How many points are awarded for override response if a vehicle has an absolute o"
  ├─ Rephrased: "absolute override torque <5Nm, override response points"
  ├─ Retrieved Chunks (10): ['c000424', 'c000430', 'c000429', 'c000471', 'c000427', 'c000428']
  ├─ ReAct Steps: 0 | Latency: 4.28s (Retrieval: 0.31s | Gen: 3.97s)
  └─ Answer Preview: Error during answer generation: Client error '400 Bad Request' for url 'http://localhost:8000/v1/chat/completions' For more information chec...

[2026-08-30T20:57:04.948603] [SUCCESS] Query #24: "What is the total maximum sub-points available for the Car-to-Car Rear Stationar"
  ├─ Rephrased: "total maximum sub-points CCRS ACC/AEB"
  ├─ Retrieved Chunks (10): ['c000460', 'c000468', 'c000465', 'c000464', 'c000220', 'c000274']
  ├─ ReAct Steps: 0 | Latency: 3.45s (Retrieval: 0.30s | Gen: 3.14s)
  └─ Answer Preview: Error during answer generation: Client error '400 Bad Request' for url 'http://localhost:8000/v1/chat/completions' For more information chec...

[2026-08-30T20:57:04.948859] [SUCCESS] Query #19: "What is the target Distance To Lane Edge (DTLE) for the steering amplitude in th"
  ├─ Rephrased: "target DTLE for steering amplitude in pothole test"
  ├─ Retrieved Chunks (10): ['c000427', 'c000428', 'c000426', 'c000470', 'c000425', 'c000449']
  ├─ ReAct Steps: 0 | Latency: 4.90s (Retrieval: 0.30s | Gen: 4.60s)
  └─ Answer Preview: Error during answer generation: Client error '400 Bad Request' for url 'http://localhost:8000/v1/chat/completions' For more information chec...

[2026-08-30T20:57:04.949107] [SUCCESS] Query #23: "What Time To Collision (TTC) is used for the Cut-out tests to verify Safety Back"
  ├─ Rephrased: "Cut-out tests TTC safety backup"
  ├─ Retrieved Chunks (10): ['c000467', 'c000466', 'c000463', 'c000461', 'c000438', 'c000462']
  ├─ ReAct Steps: 0 | Latency: 3.70s (Retrieval: 0.24s | Gen: 3.46s)
  └─ Answer Preview: Error during answer generation: Client error '400 Bad Request' for url 'http://localhost:8000/v1/chat/completions' For more information chec...

[2026-08-30T20:57:04.949332] [SUCCESS] Query #22: "How much time does a driver have to confirm an offered lower speed limit for it "
  ├─ Rephrased: "Lower speed limit confirmation time adopted"
  ├─ Retrieved Chunks (10): ['c000475', 'c000434', 'c000435', 'c000450', 'c000395', 'c000432']
  ├─ ReAct Steps: 0 | Latency: 3.96s (Retrieval: 0.25s | Gen: 3.71s)
  └─ Answer Preview: Error during answer generation: Client error '400 Bad Request' for url 'http://localhost:8000/v1/chat/completions' For more information chec...

[2026-08-30T20:57:04.949554] [SUCCESS] Query #20: "What is the target Distance To Lane Edge (DTLE) for the steering amplitude in th"
  ├─ Rephrased: "target DTLE for steering amplitude in Partial Lane Change Test"
  ├─ Retrieved Chunks (10): ['c000428', 'c000427', 'c000426', 'c000430', 'c000470', 'c000471']
  ├─ ReAct Steps: 0 | Latency: 4.59s (Retrieval: 0.30s | Gen: 4.29s)
  └─ Answer Preview: Error during answer generation: Client error '400 Bad Request' for url 'http://localhost:8000/v1/chat/completions' For more information chec...

[2026-08-30T20:57:09.872714] [SUCCESS] Query #29: "How many bonus points are awarded for an advanced response that changes lanes to"
  ├─ Rephrased: "Emergency lane, unresponsive driver, bonus points, lane change, advanced response, CPFA"
  ├─ Retrieved Chunks (10): ['c000454', 'c000451', 'c000452', 'c000007', 'c000398', 'c000330']
  ├─ ReAct Steps: 0 | Latency: 3.86s (Retrieval: 0.40s | Gen: 3.46s)
  └─ Answer Preview: Error during answer generation: All connection attempts failed...

[2026-08-30T20:57:09.874384] [SUCCESS] Query #30: "To score 5 points in the S-Bend test, an LKA intervention must prevent the vehic"
  ├─ Rephrased: "5-point S-Bend test LKA intervention threshold"
  ├─ Retrieved Chunks (10): ['c000470', 'c000383', 'c000327', 'c000330', 'c000284', 'c000273']
  ├─ ReAct Steps: 0 | Latency: 3.45s (Retrieval: 0.31s | Gen: 3.14s)
  └─ Answer Preview: Error during answer generation: All connection attempts failed...

[2026-08-30T20:57:09.874654] [SUCCESS] Query #25: "How long must a vehicle be driven with a blocked sensor before attempting an ass"
  ├─ Rephrased: "blocked sensor duration at start-up"
  ├─ Retrieved Chunks (10): ['c000447', 'c000449', 'c000443', 'c000448', 'c000446', 'c000450']
  ├─ ReAct Steps: 0 | Latency: 4.92s (Retrieval: 0.24s | Gen: 4.68s)
  └─ Answer Preview: Error during answer generation: All connection attempts failed...

[2026-08-30T20:57:09.874906] [SUCCESS] Query #27: "How many points are awarded to systems able to successfully provide a warning an"
  ├─ Rephrased: "Sleep Detection Points"
  ├─ Retrieved Chunks (10): ['c000453', 'c000451', 'c000452', 'c000454', 'c000398', 'c000007']
  ├─ ReAct Steps: 0 | Latency: 4.41s (Retrieval: 0.22s | Gen: 4.18s)
  └─ Answer Preview: Error during answer generation: All connection attempts failed...

[2026-08-30T20:57:09.875158] [SUCCESS] Query #28: "How many points are awarded if an unresponsive driver is detected by indirect se"
  ├─ Rephrased: "Indirect sensing prolonged steering inactivity unresponsive driver points"
  ├─ Retrieved Chunks (10): ['c000454', 'c000451', 'c000398', 'c000457', 'c000455', 'c000452']
  ├─ ReAct Steps: 0 | Latency: 4.17s (Retrieval: 0.30s | Gen: 3.87s)
  └─ Answer Preview: Error during answer generation: All connection attempts failed...

[2026-08-30T20:57:09.875456] [SUCCESS] Query #26: "How many points are awarded to systems able to successfully provide a warning an"
  ├─ Rephrased: "Microsleep warning and intervention points"
  ├─ Retrieved Chunks (10): ['c000452', 'c000451', 'c000419', 'c000453', 'c000398', 'c000447']
  ├─ ReAct Steps: 0 | Latency: 4.67s (Retrieval: 0.26s | Gen: 4.42s)
  └─ Answer Preview: Error during answer generation: All connection attempts failed...

[2026-08-30T20:57:14.298221] [SUCCESS] Query #31: "How many points are awarded for a successful Car-to-Car intentional lane change "
  ├─ Rephrased: "How many points are awarded for a successful Car-to-Car intentional lane change test in th"
  ├─ Retrieved Chunks (10): ['c000471', 'c000454', 'c000470', 'c000067', 'c000336', 'c000281']
  ├─ ReAct Steps: 0 | Latency: 4.42s (Retrieval: 0.22s | Gen: 4.19s)
  └─ Answer Preview: Error during answer generation: All connection attempts failed...

[2026-08-30T20:57:14.298603] [SUCCESS] Query #33: "What defines a Transient driver state?"
  ├─ Rephrased: "What defines a Transient driver state?"
  ├─ Retrieved Chunks (10): ['c000341', 'c000397', 'c000398', 'c000451', 'c000339', 'c000279']
  ├─ ReAct Steps: 0 | Latency: 3.99s (Retrieval: 0.16s | Gen: 3.83s)
  └─ Answer Preview: Error during answer generation: All connection attempts failed...

[2026-08-30T20:57:14.298853] [SUCCESS] Query #32: "By what maximum percentage can a long distraction warning timing threshold be re"
  ├─ Rephrased: "By what maximum percentage can a long distraction warning timing threshold be relaxed unde"
  ├─ Retrieved Chunks (10): ['c000419', 'c000250', 'c000452', 'c000397', 'c000418', 'c000454']
  ├─ ReAct Steps: 0 | Latency: 4.18s (Retrieval: 0.19s | Gen: 4.00s)
  └─ Answer Preview: Error during answer generation: All connection attempts failed...

[2026-08-30T20:57:14.299102] [SUCCESS] Query #34: "What does PBC stand for in the Frontal Collisions protocol?"
  ├─ Rephrased: "What does PBC stand for in the Frontal Collisions protocol? Peak Braking Coefficient (PBC)"
  ├─ Retrieved Chunks (10): ['c000006', 'c000270', 'c000394', 'c000251', 'c000049', 'c000008']
  ├─ ReAct Steps: 0 | Latency: 3.82s (Retrieval: 0.22s | Gen: 3.60s)
  └─ Answer Preview: Error during answer generation: All connection attempts failed...

[2026-08-30T20:57:14.299335] [SUCCESS] Query #35: "Which ISO standard specifies the Euro NCAP Bicyclist Target (EBTa)?"
  ├─ Rephrased: "Which ISO standard specifies the Euro NCAP Bicyclist Target (EBTa)? Euro NCAP Bicyclist Ta"
  ├─ Retrieved Chunks (10): ['c000394', 'c000006', 'c000251', 'c000008', 'c000012', 'c000092']
  ├─ ReAct Steps: 0 | Latency: 3.59s (Retrieval: 0.23s | Gen: 3.36s)
  └─ Answer Preview: Error during answer generation: All connection attempts failed...

[2026-08-30T20:57:14.299630] [SUCCESS] Query #36: "Which ISO standard specifies the Euro NCAP Pedestrian Target (EPTa)?"
  ├─ Rephrased: "Which ISO standard specifies the Euro NCAP Pedestrian Target (EPTa)? Euro NCAP Pedestrian "
  ├─ Retrieved Chunks (10): ['c000394', 'c000006', 'c000251', 'c000038', 'c000008', 'c000010']
  ├─ ReAct Steps: 0 | Latency: 3.35s (Retrieval: 0.22s | Gen: 3.13s)
  └─ Answer Preview: Error during answer generation: All connection attempts failed...

[2026-08-30T20:57:18.679787] [SUCCESS] Query #37: "How is Vehicle width defined in the Frontal Collisions protocol?"
  ├─ Rephrased: "How is Vehicle width defined in the Frontal Collisions protocol? Vehicle width widest poin"
  ├─ Retrieved Chunks (10): ['c000008', 'c000027', 'c000251', 'c000394', 'c000037', 'c000255']
  ├─ ReAct Steps: 0 | Latency: 4.38s (Retrieval: 0.22s | Gen: 4.16s)
  └─ Answer Preview: Error during answer generation: All connection attempts failed...

[2026-08-30T20:57:18.680164] [SUCCESS] Query #38: "What does CPFA stand for?"
  ├─ Rephrased: "What does CPFA stand for? Car-to-Pedestrian Farside Adult (CPFA)"
  ├─ Retrieved Chunks (10): ['c000151', 'c000147', 'c000131', 'c000099', 'c000112', 'c000232']
  ├─ ReAct Steps: 0 | Latency: 4.15s (Retrieval: 0.21s | Gen: 3.94s)
  └─ Answer Preview: Error during answer generation: All connection attempts failed...

[2026-08-30T20:57:18.680436] [SUCCESS] Query #39: "At what frequency must all dynamic data be sampled and recorded?"
  ├─ Rephrased: "At what frequency must all dynamic data be sampled and recorded?"
  ├─ Retrieved Chunks (10): ['c000264', 'c000042', 'c000268', 'c000020', 'c000016', 'c000253']
  ├─ ReAct Steps: 0 | Latency: 3.93s (Retrieval: 0.18s | Gen: 3.75s)
  └─ Answer Preview: Error during answer generation: All connection attempts failed...

[2026-08-30T20:57:18.680742] [SUCCESS] Query #42: "What is the maximum permitted longitudinal slope for the test track surface?"
  ├─ Rephrased: "What is the maximum permitted longitudinal slope for the test track surface?"
  ├─ Retrieved Chunks (10): ['c000049', 'c000270', 'c000178', 'c000054', 'c000051', 'c000183']
  ├─ ReAct Steps: 0 | Latency: 3.32s (Retrieval: 0.18s | Gen: 3.14s)
  └─ Answer Preview: Error during answer generation: All connection attempts failed...

[2026-08-30T20:57:18.680997] [SUCCESS] Query #40: "What is the required measurement accuracy for VUT and target speed?"
  ├─ Rephrased: "What is the required measurement accuracy for VUT and target speed? Vehicle Under Test (VU"
  ├─ Retrieved Chunks (10): ['c000268', 'c000330', 'c000305', 'c000297', 'c000314', 'c000310']
  ├─ ReAct Steps: 0 | Latency: 3.74s (Retrieval: 0.20s | Gen: 3.54s)
  └─ Answer Preview: Error during answer generation: All connection attempts failed...

[2026-08-30T20:57:18.681244] [SUCCESS] Query #41: "What type of filter must be applied to acceleration, yaw rate, and steering whee"
  ├─ Rephrased: "What type of filter must be applied to acceleration, yaw rate, and steering wheel velocity"
  ├─ Retrieved Chunks (10): ['c000269', 'c000048', 'c000268', 'c000330', 'c000047', 'c000284']
  ├─ ReAct Steps: 0 | Latency: 3.53s (Retrieval: 0.20s | Gen: 3.33s)
  └─ Answer Preview: Error during answer generation: All connection attempts failed...

[2026-08-30T20:57:23.029707] [SUCCESS] Query #43: "What is the maximum permitted lateral slope for the test track surface?"
  ├─ Rephrased: "What is the maximum permitted lateral slope for the test track surface?"
  ├─ Retrieved Chunks (10): ['c000049', 'c000270', 'c000178', 'c000183', 'c000054', 'c000329']
  ├─ ReAct Steps: 0 | Latency: 4.34s (Retrieval: 0.19s | Gen: 4.15s)
  └─ Answer Preview: Error during answer generation: All connection attempts failed...

[2026-08-30T20:57:23.030095] [SUCCESS] Query #45: "Within what ambient temperature range must Frontal Collision tests be conducted?"
  ├─ Rephrased: "Within what ambient temperature range must Frontal Collision tests be conducted?"
  ├─ Retrieved Chunks (10): ['c000272', 'c000051', 'c000319', 'c000251', 'c000008', 'c000458']
  ├─ ReAct Steps: 0 | Latency: 3.90s (Retrieval: 0.19s | Gen: 3.71s)
  └─ Answer Preview: Error during answer generation: All connection attempts failed...

[2026-08-30T20:57:23.030370] [SUCCESS] Query #44: "What is the minimal Peak Braking Coefficient (PBC) required for the test track s"
  ├─ Rephrased: "What is the minimal Peak Braking Coefficient (PBC) required for the test track surface? Pe"
  ├─ Retrieved Chunks (10): ['c000049', 'c000270', 'c000052', 'c000012', 'c000008', 'c000251']
  ├─ ReAct Steps: 0 | Latency: 4.14s (Retrieval: 0.23s | Gen: 3.91s)
  └─ Answer Preview: Error during answer generation: All connection attempts failed...

[2026-08-30T20:57:23.030621] [SUCCESS] Query #46: "What is the minimum horizontal visibility at ground level required for testing?"
  ├─ Rephrased: "What is the minimum horizontal visibility at ground level required for testing?"
  ├─ Retrieved Chunks (10): ['c000272', 'c000051', 'c000458', 'c000274', 'c000055', 'c000251']
  ├─ ReAct Steps: 0 | Latency: 3.70s (Retrieval: 0.19s | Gen: 3.52s)
  └─ Answer Preview: Error during answer generation: All connection attempts failed...

[2026-08-30T20:57:23.030853] [SUCCESS] Query #47: "What is the maximum allowable wind speed during Frontal Collision testing?"
  ├─ Rephrased: "What is the maximum allowable wind speed during Frontal Collision testing?"
  ├─ Retrieved Chunks (10): ['c000183', 'c000272', 'c000007', 'c000178', 'c000053', 'c000470']
  ├─ ReAct Steps: 0 | Latency: 3.51s (Retrieval: 0.19s | Gen: 3.32s)
  └─ Answer Preview: Error during answer generation: All connection attempts failed...

[2026-08-30T20:57:23.031158] [SUCCESS] Query #48: "What is the minimum ambient illumination required for daylight testing?"
  ├─ Rephrased: "What is the minimum ambient illumination required for daylight testing?"
  ├─ Retrieved Chunks (10): ['c000272', 'c000051', 'c000053', 'c000274', 'c000383', 'c000329']
  ├─ ReAct Steps: 0 | Latency: 3.31s (Retrieval: 0.18s | Gen: 3.13s)
  └─ Answer Preview: Error during answer generation: All connection attempts failed...

[2026-08-30T20:57:27.606854] [SUCCESS] Query #49: "To what capacity must the fuel tank be filled before measuring the unladen kerb "
  ├─ Rephrased: "To what capacity must the fuel tank be filled before measuring the unladen kerb mass?"
  ├─ Retrieved Chunks (10): ['c000055', 'c000274', 'c000276', 'c000056', 'c000178', 'c000053']
  ├─ ReAct Steps: 0 | Latency: 4.57s (Retrieval: 0.20s | Gen: 4.37s)
  └─ Answer Preview: Error during answer generation: All connection attempts failed...

[2026-08-30T20:57:27.607242] [SUCCESS] Query #51: "What is the Time Headway used for Car-to-Car Rear Braking (CCRb) scenarios?"
  ├─ Rephrased: "What is the Time Headway used for Car-to-Car Rear Braking (CCRb) scenarios? Car-to-Car Rea"
  ├─ Retrieved Chunks (10): ['c000399', 'c000074', 'c000028', 'c000012', 'c000092', 'c000064']
  ├─ ReAct Steps: 0 | Latency: 4.15s (Retrieval: 0.25s | Gen: 3.90s)
  └─ Answer Preview: Error during answer generation: All connection attempts failed...

[2026-08-30T20:57:27.607501] [SUCCESS] Query #50: "What is the required interior load mass that is added to the unladen kerb mass f"
  ├─ Rephrased: "What is the required interior load mass that is added to the unladen kerb mass for testing"
  ├─ Retrieved Chunks (10): ['c000055', 'c000276', 'c000274', 'c000056', 'c000183', 'c000178']
  ├─ ReAct Steps: 0 | Latency: 4.36s (Retrieval: 0.20s | Gen: 4.16s)
  └─ Answer Preview: Error during answer generation: All connection attempts failed...

[2026-08-30T20:57:27.607736] [SUCCESS] Query #52: "What is the target deceleration used for Car-to-Car Rear Braking (CCRb) scenario"
  ├─ Rephrased: "What is the target deceleration used for Car-to-Car Rear Braking (CCRb) scenarios? Car-to-"
  ├─ Retrieved Chunks (10): ['c000074', 'c000399', 'c000012', 'c000092', 'c000028', 'c000064']
  ├─ ReAct Steps: 0 | Latency: 3.89s (Retrieval: 0.27s | Gen: 3.62s)
  └─ Answer Preview: Error during answer generation: All connection attempts failed...

[2026-08-30T20:57:27.607971] [SUCCESS] Query #53: "What is the minimum speed from which an AEB Pedestrian system must operate in th"
  ├─ Rephrased: "What is the minimum speed from which an AEB Pedestrian system must operate in the CPNA-75 "
  ├─ Retrieved Chunks (10): ['c000186', 'c000183', 'c000007', 'c000050', 'c000182', 'c000012']
  ├─ ReAct Steps: 0 | Latency: 3.61s (Retrieval: 0.23s | Gen: 3.38s)
  └─ Answer Preview: Error during answer generation: All connection attempts failed...

[2026-08-30T20:57:27.608271] [SUCCESS] Query #54: "In the CCCscp obstructed scenario, what is the gap distance between parked obscu"
  ├─ Rephrased: "In the CCCscp obstructed scenario, what is the gap distance between parked obscuration veh"
  ├─ Retrieved Chunks (10): ['c000104', 'c000103', 'c000052', 'c000012', 'c000109', 'c000102']
  ├─ ReAct Steps: 0 | Latency: 3.37s (Retrieval: 0.24s | Gen: 3.13s)
  └─ Answer Preview: Error during answer generation: All connection attempts failed...

[2026-08-30T20:57:32.217766] [SUCCESS] Query #55: "What is the starting point (T0) relative to Time To Collision for most Frontal C"
  ├─ Rephrased: "What is the starting point (T0) relative to Time To Collision for most Frontal Collision t"
  ├─ Retrieved Chunks (10): ['c000039', 'c000251', 'c000008', 'c000040', 'c000010', 'c000017']
  ├─ ReAct Steps: 0 | Latency: 4.61s (Retrieval: 0.22s | Gen: 4.39s)
  └─ Answer Preview: Error during answer generation: All connection attempts failed...

[2026-08-30T20:57:32.218158] [SUCCESS] Query #56: "What is the required VUT Time Error boundary condition for synchronization in th"
  ├─ Rephrased: "What is the required VUT Time Error boundary condition for synchronization in the CCCscp s"
  ├─ Retrieved Chunks (10): ['c000052', 'c000103', 'c000015', 'c000104', 'c000102', 'c000314']
  ├─ ReAct Steps: 0 | Latency: 4.38s (Retrieval: 0.23s | Gen: 4.14s)
  └─ Answer Preview: Error during answer generation: All connection attempts failed...

[2026-08-30T20:57:32.218416] [SUCCESS] Query #57: "When must the direction indicator be applied before T_steer in the CCFtap scenar"
  ├─ Rephrased: "When must the direction indicator be applied before T_steer in the CCFtap scenario? Car-to"
  ├─ Retrieved Chunks (10): ['c000094', 'c000096', 'c000012', 'c000017', 'c000053', 'c000139']
  ├─ ReAct Steps: 0 | Latency: 4.13s (Retrieval: 0.24s | Gen: 3.89s)
  └─ Answer Preview: Error during answer generation: All connection attempts failed...

[2026-08-30T20:57:32.218656] [SUCCESS] Query #58: "What is the maximum allowed VUT lateral deviation tolerance for CPTA and CBTA sc"
  ├─ Rephrased: "What is the maximum allowed VUT lateral deviation tolerance for CPTA and CBTA scenarios? C"
  ├─ Retrieved Chunks (10): ['c000012', 'c000006', 'c000139', 'c000394', 'c000008', 'c000251']
  ├─ ReAct Steps: 0 | Latency: 3.88s (Retrieval: 0.28s | Gen: 3.59s)
  └─ Answer Preview: Error during answer generation: All connection attempts failed...

[2026-08-30T20:57:32.218897] [SUCCESS] Query #60: "What maximum brake level is applied by the braking robot during an FCW test?"
  ├─ Rephrased: "What maximum brake level is applied by the braking robot during an FCW test? Forward Colli"
  ├─ Retrieved Chunks (10): ['c000183', 'c000184', 'c000007', 'c000178', 'c000053', 'c000012']
  ├─ ReAct Steps: 0 | Latency: 3.35s (Retrieval: 0.21s | Gen: 3.14s)
  └─ Answer Preview: Error during answer generation: All connection attempts failed...

[2026-08-30T20:57:32.219210] [SUCCESS] Query #59: "What is the default delay time for the braking robot reacting to an FCW to accou"
  ├─ Rephrased: "What is the default delay time for the braking robot reacting to an FCW to account for dri"
  ├─ Retrieved Chunks (10): ['c000053', 'c000007', 'c000184', 'c000186', 'c000178', 'c000251']
  ├─ ReAct Steps: 0 | Latency: 3.59s (Retrieval: 0.23s | Gen: 3.36s)
  └─ Answer Preview: Error during answer generation: All connection attempts failed...

[2026-08-30T20:57:36.749872] [SUCCESS] Query #61: "How long is the stabilization phase following the target acceleration phase in c"
  ├─ Rephrased: "How long is the stabilization phase following the target acceleration phase in crossing sc"
  ├─ Retrieved Chunks (10): ['c000103', 'c000109', 'c000048', 'c000251', 'c000044', 'c000008']
  ├─ ReAct Steps: 0 | Latency: 4.53s (Retrieval: 0.21s | Gen: 4.32s)
  └─ Answer Preview: Error during answer generation: All connection attempts failed...

[2026-08-30T20:57:36.750272] [SUCCESS] Query #62: "At what TTC must steady-state conditions be met for the GVT in the CCCscp scenar"
  ├─ Rephrased: "At what TTC must steady-state conditions be met for the GVT in the CCCscp scenario? Car-to"
  ├─ Retrieved Chunks (10): ['c000103', 'c000052', 'c000251', 'c000109', 'c000104', 'c000015']
  ├─ ReAct Steps: 0 | Latency: 4.31s (Retrieval: 0.28s | Gen: 4.02s)
  └─ Answer Preview: Error during answer generation: All connection attempts failed...

[2026-08-30T20:57:36.750548] [SUCCESS] Query #63: "What impact speed tolerance is applied to the verification tests?"
  ├─ Rephrased: "What impact speed tolerance is applied to the verification tests?"
  ├─ Retrieved Chunks (10): ['c000176', 'c000184', 'c000007', 'c000305', 'c000178', 'c000323']
  ├─ ReAct Steps: 0 | Latency: 4.01s (Retrieval: 0.18s | Gen: 3.83s)
  └─ Answer Preview: Error during answer generation: All connection attempts failed...

[2026-08-30T20:57:36.750790] [SUCCESS] Query #64: "If the relative impact speed reduction is evaluated to be within the red colour "
  ├─ Rephrased: "If the relative impact speed reduction is evaluated to be within the red colour band, what"
  ├─ Retrieved Chunks (10): ['c000188', 'c000201', 'c000103', 'c000276', 'c000338', 'c000207']
  ├─ ReAct Steps: 0 | Latency: 3.82s (Retrieval: 0.21s | Gen: 3.62s)
  └─ Answer Preview: Error during answer generation: All connection attempts failed...

[2026-08-30T20:57:36.751038] [SUCCESS] Query #65: "For the AEB CCRs scenario, up to what maximum test speed must full avoidance be "
  ├─ Rephrased: "For the AEB CCRs scenario, up to what maximum test speed must full avoidance be achieved t"
  ├─ Retrieved Chunks (10): ['c000186', 'c000183', 'c000178', 'c000007', 'c000050', 'c000053']
  ├─ ReAct Steps: 0 | Latency: 3.61s (Retrieval: 0.27s | Gen: 3.34s)
  └─ Answer Preview: Error during answer generation: All connection attempts failed...

[2026-08-30T20:57:36.751331] [SUCCESS] Query #66: "What vehicle category should the smaller obstruction vehicle be according to the"
  ├─ Rephrased: "What vehicle category should the smaller obstruction vehicle be according to the Frontal C"
  ├─ Retrieved Chunks (10): ['c000394', 'c000022', 'c000107', 'c000063', 'c000144', 'c000141']
  ├─ ReAct Steps: 0 | Latency: 3.33s (Retrieval: 0.20s | Gen: 3.13s)
  └─ Answer Preview: Error during answer generation: All connection attempts failed...

[2026-08-30T21:02:59.696958] [SUCCESS] Query #2: "What does GVT stand for in the Assisted Driving protocol?"
  ├─ Rephrased: "GVT Assisted Driving"
  ├─ Retrieved Chunks (10): ['c000418', 'c000393', 'c000388', 'c000441', 'c000401', 'c000420']
  ├─ ReAct Steps: 0 | Latency: 2.69s (Retrieval: 0.24s | Gen: 2.45s)
  └─ Answer Preview: GVT stands for Global Vehicle Test....

[2026-08-30T21:02:59.697450] [SUCCESS] Query #1: "What does VUT stand for in the Assisted Driving protocol?"
  ├─ Rephrased: "VUT in Assisted Driving"
  ├─ Retrieved Chunks (10): ['c000418', 'c000423', 'c000401', 'c000448', 'c000449', 'c000417']
  ├─ ReAct Steps: 0 | Latency: 4.26s (Retrieval: 1.55s | Gen: 2.70s)
  └─ Answer Preview: VUT stands for Vehicle Under Test....

[2026-08-30T21:03:00.619945] [SUCCESS] Query #3: "In the Assisted Driving Cut-out test, what does SOV stand for?"
  ├─ Rephrased: "In the Assisted Driving Cut-out test, what does SOV stand for?"
  ├─ Retrieved Chunks (10): ['c000467', 'c000466', 'c000438', 'c000463', 'c000462', 'c000437']
  ├─ ReAct Steps: 0 | Latency: 3.36s (Retrieval: 0.37s | Gen: 2.99s)
  └─ Answer Preview: SOV stands for Safety On-vehicle....

[2026-08-30T21:03:00.620259] [SUCCESS] Query #4: "What is the definition of the Speed Limit Information Function (SLIF)?"
  ├─ Rephrased: "speed limit information function (slif)"
  ├─ Retrieved Chunks (10): ['c000475', 'c000395', 'c000434', 'c000435', 'c000432', 'c000410']
  ├─ ReAct Steps: 0 | Latency: 2.98s (Retrieval: 0.27s | Gen: 2.71s)
  └─ Answer Preview: The Speed Limit Information Function (SLIF) is a function with which the vehicle knows and communicates the speed limit....

[2026-08-30T21:03:00.620471] [SUCCESS] Query #6: "What is the minimum design maximum speed for a Real Motorcycle target used in Bl"
  ├─ Rephrased: "Real Motorcycle Blind-Spot Monitoring Tests minimum design maximum speed"
  ├─ Retrieved Chunks (10): ['c000251', 'c000395', 'c000007', 'c000345', 'c000311', 'c000252']
  ├─ ReAct Steps: 0 | Latency: 2.39s (Retrieval: 0.31s | Gen: 2.07s)
  └─ Answer Preview: The minimum design maximum speed for a Real Motorcycle target used in Blind-Spot Monitoring Tests is at least 80km/h by design....

[2026-08-30T21:03:00.620671] [SUCCESS] Query #5: "How is Intelligent Adaptive Cruise Control (iACC) defined?"
  ├─ Rephrased: "Intelligent Adaptive Cruise Control (iACC) definition"
  ├─ Retrieved Chunks (10): ['c000395', 'c000436', 'c000432', 'c000406', 'c000442', 'c000392']
  ├─ ReAct Steps: 0 | Latency: 2.70s (Retrieval: 0.30s | Gen: 2.40s)
  └─ Answer Preview: Intelligent Adaptive Cruise Control (iACC) is an Adaptive Cruise Control combined with the Speed Limit Information Function (SLIF), where th...

[2026-08-30T21:03:02.174389] [SUCCESS] Query #7: "What is the grading requirement to achieve a "VERY GOOD" score in the Highway an"
  ├─ Rephrased: "Highway and Interurban Assist Systems, VERY GOOD"
  ├─ Retrieved Chunks (10): ['c000403', 'c000391', 'c000388', 'c000441', 'c000393', 'c000392']
  ├─ ReAct Steps: 0 | Latency: 2.48s (Retrieval: 0.64s | Gen: 1.83s)
  └─ Answer Preview: ≥ 160 points (≥ 80%)...

[2026-08-30T21:03:02.174701] [SUCCESS] Query #8: "How many points are awarded if a system name contains the word "assistant", "ass"
  ├─ Rephrased: "points awarded system name contains assistant assistance assist"
  ├─ Retrieved Chunks (10): ['c000406', 'c000409', 'c000408', 'c000413', 'c000410', 'c000401']
  ├─ ReAct Steps: 0 | Latency: 1.82s (Retrieval: 0.26s | Gen: 1.57s)
  └─ Answer Preview: 10 points are awarded if a system name contains the word "assistant", "assistance", or "assist"...

[2026-08-30T21:03:03.647418] [SUCCESS] Query #11: "What is the total point value available for the Continuous System Status Indicat"
  ├─ Rephrased: "Continuous System Status Indicator total point value"
  ├─ Retrieved Chunks (10): ['c000412', 'c000410', 'c000404', 'c000413', 'c000411', 'c000429']
  ├─ ReAct Steps: 0 | Latency: 2.04s (Retrieval: 0.27s | Gen: 1.77s)
  └─ Answer Preview: 20...

[2026-08-30T21:03:03.647729] [SUCCESS] Query #10: "How many points are awarded if the marketing material correctly describes the sy"
  ├─ Rephrased: "Marketing material description points VUT"
  ├─ Retrieved Chunks (10): ['c000407', 'c000447', 'c000449', 'c000448', 'c000450', 'c000404']
  ├─ ReAct Steps: 0 | Latency: 2.28s (Retrieval: 0.23s | Gen: 2.05s)
  └─ Answer Preview: 5 points are awarded if the marketing material correctly describes the system functionality....

[2026-08-30T21:03:03.647941] [SUCCESS] Query #12: "What specific color must be used on the Continuous System Status Indicator to de"
  ├─ Rephrased: "Assisted Mode Continuous System Status Indicator color"
  ├─ Retrieved Chunks (10): ['c000412', 'c000410', 'c000404', 'c000411', 'c000413', 'c000423']
  ├─ ReAct Steps: 0 | Latency: 1.76s (Retrieval: 0.28s | Gen: 1.48s)
  └─ Answer Preview: The green color must be used on the Continuous System Status Indicator to denote Assisted Mode....

[2026-08-30T21:03:03.648154] [SUCCESS] Query #9: "What words are strictly forbidden from being used in a system name under the Ass"
  ├─ Rephrased: "assisted driving protocol prohibited words"
  ├─ Retrieved Chunks (10): ['c000388', 'c000418', 'c000401', 'c000420', 'c000390', 'c000442']
  ├─ ReAct Steps: 0 | Latency: 3.02s (Retrieval: 0.73s | Gen: 2.29s)
  └─ Answer Preview: The following words are strictly forbidden from being used in a system name under the Assisted Driving protocol: auto, automatic, automated,...

[2026-08-30T21:03:05.261312] [SUCCESS] Query #14: "How many points are awarded for a system that robustly detects if the driver's h"
  ├─ Rephrased: "Assisted Mode steering wheel detection points"
  ├─ Retrieved Chunks (10): ['c000416', 'c000451', 'c000423', 'c000418', 'c000420', 'c000454']
  ├─ ReAct Steps: 0 | Latency: 1.89s (Retrieval: 0.26s | Gen: 1.62s)
  └─ Answer Preview: 5 points....

[2026-08-30T21:03:05.261619] [SUCCESS] Query #13: "What is the recommended decibel range for an additional acoustic indication duri"
  ├─ Rephrased: "recommended decibel range additional acoustic indication system status change"
  ├─ Retrieved Chunks (10): ['c000413', 'c000410', 'c000411', 'c000414', 'c000412', 'c000444']
  ├─ ReAct Steps: 0 | Latency: 3.08s (Retrieval: 1.19s | Gen: 1.90s)
  └─ Answer Preview: 50 to 90 dB....

[2026-08-30T21:03:06.701070] [SUCCESS] Query #16: "How many repetitive visual distraction instances lead to a controllable Assisted"
  ├─ Rephrased: "repetitive visual distraction instances leading to controllable Assisted Mode lock-out"
  ├─ Retrieved Chunks (10): ['c000423', 'c000417', 'c000415', 'c000418', 'c000416', 'c000419']
  ├─ ReAct Steps: 0 | Latency: 2.35s (Retrieval: 0.34s | Gen: 2.01s)
  └─ Answer Preview: 3...

[2026-08-30T21:03:06.701388] [SUCCESS] Query #15: "How soon must Assisted Mode be deactivated if the Driver State Monitoring system"
  ├─ Rephrased: "Assisted Mode deactivation timing Driver State Monitoring unavailable complete blockage"
  ├─ Retrieved Chunks (10): ['c000418', 'c000416', 'c000419', 'c000397', 'c000451', 'c000420']
  ├─ ReAct Steps: 0 | Latency: 3.05s (Retrieval: 0.69s | Gen: 2.36s)
  └─ Answer Preview: No later than 10 seconds from the point the DSM becomes unavailable due to a complete blockage....

[2026-08-30T21:03:06.701605] [SUCCESS] Query #18: "What frequency is applied when steering the full sine wave during the Pothole Te"
  ├─ Rephrased: "full sine wave steering Pothole Test frequency"
  ├─ Retrieved Chunks (10): ['c000427', 'c000426', 'c000425', 'c000470', 'c000430', 'c000429']
  ├─ ReAct Steps: 0 | Latency: 1.72s (Retrieval: 0.27s | Gen: 1.45s)
  └─ Answer Preview: The frequency applied when steering the full sine wave during the Pothole Test is 0.25Hz....

[2026-08-30T21:03:06.701805] [SUCCESS] Query #17: "What is the maximum time window within which repetitive distractions will trigge"
  ├─ Rephrased: "Assisted Mode lock-out time window repetitive distractions"
  ├─ Retrieved Chunks (10): ['c000423', 'c000418', 'c000416', 'c000415', 'c000417', 'c000419']
  ├─ ReAct Steps: 0 | Latency: 2.00s (Retrieval: 0.27s | Gen: 1.73s)
  └─ Answer Preview: The maximum time window within which repetitive distractions will trigger an Assisted Mode lock-out is not greater than 30 minutes....

[2026-08-30T21:03:08.340467] [SUCCESS] Query #19: "What is the target Distance To Lane Edge (DTLE) for the steering amplitude in th"
  ├─ Rephrased: "target DTLE for steering amplitude in pothole test"
  ├─ Retrieved Chunks (10): ['c000427', 'c000428', 'c000426', 'c000470', 'c000425', 'c000449']
  ├─ ReAct Steps: 0 | Latency: 3.08s (Retrieval: 1.12s | Gen: 1.95s)
  └─ Answer Preview: -50±5 cm...

[2026-08-30T21:03:08.340783] [SUCCESS] Query #20: "What is the target Distance To Lane Edge (DTLE) for the steering amplitude in th"
  ├─ Rephrased: "target DTLE for steering amplitude in Partial Lane Change Test"
  ├─ Retrieved Chunks (10): ['c000428', 'c000427', 'c000426', 'c000430', 'c000470', 'c000471']
  ├─ ReAct Steps: 0 | Latency: 1.94s (Retrieval: 0.29s | Gen: 1.65s)
  └─ Answer Preview: The target Distance To Lane Edge (DTLE) for the steering amplitude in the Partial Lane Change Test is -50±5 cm....

[2026-08-30T21:03:10.640054] [SUCCESS] Query #23: "What Time To Collision (TTC) is used for the Cut-out tests to verify Safety Back"
  ├─ Rephrased: "Cut-out tests TTC safety backup"
  ├─ Retrieved Chunks (10): ['c000467', 'c000466', 'c000463', 'c000461', 'c000438', 'c000462']
  ├─ ReAct Steps: 0 | Latency: 2.86s (Retrieval: 0.24s | Gen: 2.62s)
  └─ Answer Preview: The lead vehicle shall cut-out at a TTC of 2s instead of 3s as in ACC Performance....

[2026-08-30T21:03:10.640362] [SUCCESS] Query #22: "How much time does a driver have to confirm an offered lower speed limit for it "
  ├─ Rephrased: "Lower speed limit confirmation time adopted"
  ├─ Retrieved Chunks (10): ['c000475', 'c000434', 'c000435', 'c000450', 'c000395', 'c000432']
  ├─ ReAct Steps: 0 | Latency: 3.10s (Retrieval: 0.23s | Gen: 2.87s)
  └─ Answer Preview: The driver must give the confirmation action 1.5 seconds after the lower limit is offered for it to be considered adopted "in time."...

[2026-08-30T21:03:10.640575] [SUCCESS] Query #24: "What is the total maximum sub-points available for the Car-to-Car Rear Stationar"
  ├─ Rephrased: "total maximum sub-points CCRS ACC/AEB"
  ├─ Retrieved Chunks (10): ['c000460', 'c000468', 'c000465', 'c000464', 'c000220', 'c000274']
  ├─ ReAct Steps: 0 | Latency: 2.61s (Retrieval: 0.30s | Gen: 2.31s)
  └─ Answer Preview: The total maximum sub-points available for the Car-to-Car Rear Stationary (CCRs) test in the ACC/AEB evaluation is 8....

[2026-08-30T21:03:10.640782] [SUCCESS] Query #21: "How many points are awarded for override response if a vehicle has an absolute o"
  ├─ Rephrased: "absolute override torque <5Nm, override response points"
  ├─ Retrieved Chunks (10): ['c000424', 'c000430', 'c000429', 'c000471', 'c000427', 'c000428']
  ├─ ReAct Steps: 0 | Latency: 3.94s (Retrieval: 0.82s | Gen: 3.12s)
  └─ Answer Preview: 20 points are awarded for the reaction of the system if the following conditions are met: the Lane Centering function provides continuous st...

[2026-08-30T21:03:12.615786] [SUCCESS] Query #25: "How long must a vehicle be driven with a blocked sensor before attempting an ass"
  ├─ Rephrased: "blocked sensor duration at start-up"
  ├─ Retrieved Chunks (10): ['c000447', 'c000449', 'c000443', 'c000448', 'c000446', 'c000450']
  ├─ ReAct Steps: 0 | Latency: 4.27s (Retrieval: 2.03s | Gen: 2.25s)
  └─ Answer Preview: A vehicle must be driven for 2 minutes with the sensor blocked at start-up before attempting an assistance system activation....

[2026-08-30T21:03:12.616098] [SUCCESS] Query #26: "How many points are awarded to systems able to successfully provide a warning an"
  ├─ Rephrased: "Microsleep warning and intervention points"
  ├─ Retrieved Chunks (10): ['c000452', 'c000451', 'c000419', 'c000453', 'c000398', 'c000447']
  ├─ ReAct Steps: 0 | Latency: 2.24s (Retrieval: 0.25s | Gen: 1.99s)
  └─ Answer Preview: 5 points are awarded to systems able to provide a visual + acoustic/haptic warning and increase the ACC time headway immediately after detec...

[2026-08-30T21:03:13.818103] [SUCCESS] Query #27: "How many points are awarded to systems able to successfully provide a warning an"
  ├─ Rephrased: "Sleep Detection Points"
  ├─ Retrieved Chunks (10): ['c000453', 'c000451', 'c000452', 'c000454', 'c000398', 'c000007']
  ├─ ReAct Steps: 0 | Latency: 3.17s (Retrieval: 0.95s | Gen: 2.23s)
  └─ Answer Preview: 5 points are awarded for systems able to provide a visual + acoustic/haptic warning AND increase the ACC time headway (and/or other interven...

[2026-08-30T21:03:15.462450] [SUCCESS] Query #29: "How many bonus points are awarded for an advanced response that changes lanes to"
  ├─ Rephrased: "Emergency lane, unresponsive driver, bonus points, lane change, advanced response, CPFA"
  ├─ Retrieved Chunks (10): ['c000454', 'c000451', 'c000452', 'c000007', 'c000398', 'c000330']
  ├─ ReAct Steps: 0 | Latency: 3.57s (Retrieval: 0.40s | Gen: 3.17s)
  └─ Answer Preview: 5 points...

[2026-08-30T21:03:15.462759] [SUCCESS] Query #30: "To score 5 points in the S-Bend test, an LKA intervention must prevent the vehic"
  ├─ Rephrased: "5-point S-Bend test LKA intervention threshold"
  ├─ Retrieved Chunks (10): ['c000470', 'c000383', 'c000327', 'c000330', 'c000284', 'c000273']
  ├─ ReAct Steps: 0 | Latency: 3.16s (Retrieval: 0.31s | Gen: 2.86s)
  └─ Answer Preview: 0.4m...

[2026-08-30T21:03:15.462974] [SUCCESS] Query #32: "By what maximum percentage can a long distraction warning timing threshold be re"
  ├─ Rephrased: "context-based vehicle response strategies,long distraction warning timing threshold,maximu"
  ├─ Retrieved Chunks (10): ['c000419', 'c000452', 'c000250', 'c000397', 'c000420', 'c000418']
  ├─ ReAct Steps: 0 | Latency: 2.00s (Retrieval: 0.34s | Gen: 1.66s)
  └─ Answer Preview: 150%...

[2026-08-30T21:03:15.463181] [SUCCESS] Query #31: "How many points are awarded for a successful Car-to-Car intentional lane change "
  ├─ Rephrased: "Car-to-Car intentional lane change test points Safety Backup LSS"
  ├─ Retrieved Chunks (10): ['c000471', 'c000443', 'c000470', 'c000293', 'c000438', 'c000464']
  ├─ ReAct Steps: 0 | Latency: 2.85s (Retrieval: 0.84s | Gen: 2.01s)
  └─ Answer Preview: 2.5 points are awarded for Car-to-Car intentional lane change tests....

[2026-08-30T21:03:15.463375] [SUCCESS] Query #28: "How many points are awarded if an unresponsive driver is detected by indirect se"
  ├─ Rephrased: "Unresponsive driver indirect sensing prolonged steering inactivity points"
  ├─ Retrieved Chunks (10): ['c000454', 'c000451', 'c000455', 'c000398', 'c000456', 'c000457']
  ├─ ReAct Steps: 0 | Latency: 3.86s (Retrieval: 0.28s | Gen: 3.58s)
  └─ Answer Preview: 10 points are awarded when the detection is enabled by indirect inputs (e.g., prolonged steering inactivity), and 10 points are also awarded...

[2026-08-30T21:03:17.686817] [SUCCESS] Query #33: "What defines a Transient driver state?"
  ├─ Rephrased: "Transient driver state defines a driver's ability to respond to unexpected hazards in real"
  ├─ Retrieved Chunks (10): ['c000398', 'c000397', 'c000341', 'c000451', 'c000339', 'c000452']
  ├─ ReAct Steps: 0 | Latency: 3.87s (Retrieval: 1.63s | Gen: 2.24s)
  └─ Answer Preview: A Transient driver state is a temporary episode of sleep after fatigue builds-up, which may last up to several seconds....

[2026-08-30T21:03:19.407042] [SUCCESS] Query #38: "What does CPFA stand for?"
  ├─ Rephrased: "CPFA car-to-pedestrian farside adult"
  ├─ Retrieved Chunks (10): ['c000151', 'c000147', 'c000012', 'c000131', 'c000099', 'c000129']
  ├─ ReAct Steps: 0 | Latency: 2.06s (Retrieval: 0.33s | Gen: 1.73s)
  └─ Answer Preview: CPFA stands for Car-to-Pedestrian Crossing....

[2026-08-30T21:03:19.407344] [SUCCESS] Query #35: "Which ISO standard specifies the Euro NCAP Bicyclist Target (EBTa)?"
  ├─ Rephrased: "ISO 4501 specifies the Euro NCAP Bicyclist Target (EBTa)"
  ├─ Retrieved Chunks (10): ['c000394', 'c000006', 'c000251', 'c000212', 'c000010', 'c000285']
  ├─ ReAct Steps: 0 | Latency: 3.30s (Retrieval: 0.41s | Gen: 2.89s)
  └─ Answer Preview: The Euro NCAP Bicyclist Target (EBTa) is specified in ISO 19206-4:2020....

[2026-08-30T21:03:19.407590] [SUCCESS] Query #36: "Which ISO standard specifies the Euro NCAP Pedestrian Target (EPTa)?"
  ├─ Rephrased: "ISO 14112 specifies the Euro NCAP Pedestrian Target (EPTa)"
  ├─ Retrieved Chunks (10): ['c000394', 'c000006', 'c000251', 'c000038', 'c000010', 'c000212']
  ├─ ReAct Steps: 0 | Latency: 2.88s (Retrieval: 0.43s | Gen: 2.45s)
  └─ Answer Preview: The Euro NCAP Pedestrian Target (EPTa) is specified in ISO 19206-2:2018....

[2026-08-30T21:03:19.407788] [SUCCESS] Query #34: "What does PBC stand for in the Frontal Collisions protocol?"
  ├─ Rephrased: "PBC Frontal Collisions"
  ├─ Retrieved Chunks (10): ['c000006', 'c000049', 'c000036', 'c000179', 'c000029', 'c000116']
  ├─ ReAct Steps: 0 | Latency: 3.94s (Retrieval: 0.63s | Gen: 3.31s)
  └─ Answer Preview: Peak Braking Coefficient (PBC) stands for the measure of tyre to road surface friction based on the maximum deceleration of a rolling tyre, ...

[2026-08-30T21:03:19.407987] [SUCCESS] Query #37: "How is Vehicle width defined in the Frontal Collisions protocol?"
  ├─ Rephrased: "Frontal Collisions Vehicle width widest point of the vehicle ignoring rear-view mirrors"
  ├─ Retrieved Chunks (10): ['c000008', 'c000029', 'c000037', 'c000027', 'c000255', 'c000251']
  ├─ ReAct Steps: 0 | Latency: 2.44s (Retrieval: 0.36s | Gen: 2.07s)
  └─ Answer Preview: The vehicle width is defined as the widest point of the vehicle ignoring the rear-view mirrors, side marker lamps, tyre pressure indicators,...

[2026-08-30T21:03:21.116261] [SUCCESS] Query #39: "At what frequency must all dynamic data be sampled and recorded?"
  ├─ Rephrased: "All dynamic data must be sampled and recorded at 1000Hz."
  ├─ Retrieved Chunks (10): ['c000264', 'c000458', 'c000268', 'c000277', 'c000047', 'c000305']
  ├─ ReAct Steps: 0 | Latency: 3.43s (Retrieval: 1.71s | Gen: 1.72s)
  └─ Answer Preview: All dynamic data must be sampled and recorded at a frequency of at least 100Hz....

[2026-08-30T21:03:22.463386] [SUCCESS] Query #42: "What is the maximum permitted longitudinal slope for the test track surface?"
  ├─ Rephrased: "maximum permitted longitudinal slope test track surface"
  ├─ Retrieved Chunks (10): ['c000049', 'c000270', 'c000178', 'c000322', 'c000052', 'c000007']
  ├─ ReAct Steps: 0 | Latency: 2.18s (Retrieval: 0.27s | Gen: 1.92s)
  └─ Answer Preview: The maximum permitted longitudinal slope for the test track surface is ±1%....

[2026-08-30T21:03:22.463698] [SUCCESS] Query #43: "What is the maximum permitted lateral slope for the test track surface?"
  ├─ Rephrased: "maximum permitted lateral slope test track surface"
  ├─ Retrieved Chunks (10): ['c000049', 'c000270', 'c000178', 'c000183', 'c000327', 'c000322']
  ├─ ReAct Steps: 0 | Latency: 1.91s (Retrieval: 0.26s | Gen: 1.64s)
  └─ Answer Preview: The maximum permitted lateral slope for the test track surface is ±3%....

[2026-08-30T21:03:22.463905] [SUCCESS] Query #40: "What is the required measurement accuracy for VUT and target speed?"
  ├─ Rephrased: "required measurement accuracy for VUT and target speed"
  ├─ Retrieved Chunks (10): ['c000047', 'c000010', 'c000081', 'c000036', 'c000268', 'c000055']
  ├─ ReAct Steps: 0 | Latency: 3.05s (Retrieval: 0.55s | Gen: 2.50s)
  └─ Answer Preview: The required measurement accuracy for VUT and target speed is 0.1 km/h....

[2026-08-30T21:03:22.464116] [SUCCESS] Query #44: "What is the minimal Peak Braking Coefficient (PBC) required for the test track s"
  ├─ Rephrased: "minimal PBC required for test track surface"
  ├─ Retrieved Chunks (10): ['c000049', 'c000270', 'c000274', 'c000329', 'c000055', 'c000276']
  ├─ ReAct Steps: 0 | Latency: 1.63s (Retrieval: 0.28s | Gen: 1.36s)
  └─ Answer Preview: The minimal Peak Braking Coefficient (PBC) required for the test track surface is 0.9....

[2026-08-30T21:03:22.464314] [SUCCESS] Query #41: "What type of filter must be applied to acceleration, yaw rate, and steering whee"
  ├─ Rephrased: "acceleration, yaw rate, steering wheel velocity filter"
  ├─ Retrieved Chunks (10): ['c000269', 'c000048', 'c000268', 'c000330', 'c000325', 'c000286']
  ├─ ReAct Steps: 0 | Latency: 2.49s (Retrieval: 0.30s | Gen: 2.19s)
  └─ Answer Preview: A 12-pole phase less Butterworth filter with a cut off frequency of 10Hz must be applied to acceleration, yaw rate, and steering wheel veloc...

[2026-08-30T21:03:24.236354] [SUCCESS] Query #45: "Within what ambient temperature range must Frontal Collision tests be conducted?"
  ├─ Rephrased: "Frontal Collision tests ambient temperature range"
  ├─ Retrieved Chunks (10): ['c000051', 'c000272', 'c000008', 'c000251', 'c000007', 'c000209']
  ├─ ReAct Steps: 0 | Latency: 3.12s (Retrieval: 1.33s | Gen: 1.78s)
  └─ Answer Preview: Ambient temperature must be above 5°C and below 40°C....

[2026-08-30T21:03:25.476355] [SUCCESS] Query #48: "What is the minimum ambient illumination required for daylight testing?"
  ├─ Rephrased: "Minimum ambient illumination daylight testing"
  ├─ Retrieved Chunks (10): ['c000051', 'c000272', 'c000178', 'c000163', 'c000348', 'c000322']
  ├─ ReAct Steps: 0 | Latency: 2.15s (Retrieval: 0.24s | Gen: 1.91s)
  └─ Answer Preview: In excess of 2000 lux....

[2026-08-30T21:03:25.476709] [SUCCESS] Query #46: "What is the minimum horizontal visibility at ground level required for testing?"
  ├─ Rephrased: "Minimum horizontal visibility ground level testing"
  ├─ Retrieved Chunks (10): ['c000051', 'c000272', 'c000178', 'c000008', 'c000163', 'c000055']
  ├─ ReAct Steps: 0 | Latency: 3.01s (Retrieval: 0.57s | Gen: 2.43s)
  └─ Answer Preview: The minimum horizontal visibility at ground level required for testing is greater than 1km....

[2026-08-30T21:03:25.476952] [SUCCESS] Query #50: "What is the required interior load mass that is added to the unladen kerb mass f"
  ├─ Rephrased: "Required interior load mass added to unladen kerb mass for testing"
  ├─ Retrieved Chunks (10): ['c000276', 'c000056', 'c000055', 'c000274', 'c000329', 'c000178']
  ├─ ReAct Steps: 0 | Latency: 1.59s (Retrieval: 0.34s | Gen: 1.25s)
  └─ Answer Preview: The required interior load mass is 200 kg....

[2026-08-30T21:03:25.477174] [SUCCESS] Query #49: "To what capacity must the fuel tank be filled before measuring the unladen kerb "
  ├─ Rephrased: "fuel tank capacity before unladen kerb mass measurement"
  ├─ Retrieved Chunks (10): ['c000055', 'c000274', 'c000056', 'c000276', 'c000178', 'c000029']
  ├─ ReAct Steps: 0 | Latency: 1.90s (Retrieval: 0.30s | Gen: 1.60s)
  └─ Answer Preview: At least 90% of the tank's capacity of fuel....

[2026-08-30T21:03:25.477388] [SUCCESS] Query #47: "What is the maximum allowable wind speed during Frontal Collision testing?"
  ├─ Rephrased: "Frontal Collision, maximum wind speed"
  ├─ Retrieved Chunks (10): ['c000178', 'c000272', 'c000007', 'c000051', 'c000251', 'c000009']
  ├─ ReAct Steps: 0 | Latency: 2.42s (Retrieval: 0.26s | Gen: 2.16s)
  └─ Answer Preview: The maximum allowable wind speed during Frontal Collision testing is below 10m/s....

[2026-08-30T21:03:27.340197] [SUCCESS] Query #51: "What is the Time Headway used for Car-to-Car Rear Braking (CCRb) scenarios?"
  ├─ Rephrased: "time headway CCRb"
  ├─ Retrieved Chunks (10): ['c000074', 'c000201', 'c000092', 'c000452', 'c000200', 'c000453']
  ├─ ReAct Steps: 0 | Latency: 3.10s (Retrieval: 1.23s | Gen: 1.88s)
  └─ Answer Preview: The Time Headway used for Car-to-Car Rear Braking (CCRb) scenarios is 1.0 second....

[2026-08-30T21:03:28.527353] [SUCCESS] Query #53: "What is the minimum speed from which an AEB Pedestrian system must operate in th"
  ├─ Rephrased: "minimum speed AEB Pedestrian CPNA-75"
  ├─ Retrieved Chunks (10): ['c000186', 'c000147', 'c000178', 'c000183', 'c000134', 'c000182']
  ├─ ReAct Steps: 0 | Latency: 2.45s (Retrieval: 0.32s | Gen: 2.12s)
  └─ Answer Preview: 10 km/h...

[2026-08-30T21:03:28.527698] [SUCCESS] Query #56: "What is the required VUT Time Error boundary condition for synchronization in th"
  ├─ Rephrased: "VUT CCCscp Time Error boundary condition"
  ├─ Retrieved Chunks (10): ['c000103', 'c000023', 'c000052', 'c000109', 'c000017', 'c000179']
  ├─ ReAct Steps: 0 | Latency: 1.48s (Retrieval: 0.28s | Gen: 1.20s)
  └─ Answer Preview: ±[0.1]s...

[2026-08-30T21:03:28.527939] [SUCCESS] Query #54: "In the CCCscp obstructed scenario, what is the gap distance between parked obscu"
  ├─ Rephrased: "CCCscp parked obscuration vehicles gap distance"
  ├─ Retrieved Chunks (10): ['c000103', 'c000109', 'c000052', 'c000394', 'c000010', 'c000104']
  ├─ ReAct Steps: 0 | Latency: 2.11s (Retrieval: 0.30s | Gen: 1.81s)
  └─ Answer Preview: The gap distance between the parked obscuration vehicles is 1m....

[2026-08-30T21:03:28.528157] [SUCCESS] Query #52: "What is the target deceleration used for Car-to-Car Rear Braking (CCRb) scenario"
  ├─ Rephrased: "target-deceleration CCRb"
  ├─ Retrieved Chunks (10): ['c000074', 'c000006', 'c000092', 'c000394', 'c000200', 'c000036']
  ├─ ReAct Steps: 0 | Latency: 3.05s (Retrieval: 0.59s | Gen: 2.46s)
  └─ Answer Preview: The target deceleration for Car-to-Car Rear Braking (CCRb) scenarios is -4 m/s²....

[2026-08-30T21:03:30.183142] [SUCCESS] Query #57: "When must the direction indicator be applied before T_steer in the CCFtap scenar"
  ├─ Rephrased: "When must the direction indicator be applied before T_steer in CCFtap"
  ├─ Retrieved Chunks (10): ['c000012', 'c000051', 'c000053', 'c000272', 'c000008', 'c000094']
  ├─ ReAct Steps: 0 | Latency: 2.84s (Retrieval: 1.17s | Gen: 1.67s)
  └─ Answer Preview: The direction indicator must be applied at $1.0s \pm 0.5s$ before $T_{\text{steer}}$....

[2026-08-30T21:03:31.470436] [SUCCESS] Query #59: "What is the default delay time for the braking robot reacting to an FCW to accou"
  ├─ Rephrased: "default delay time braking robot FCW"
  ├─ Retrieved Chunks (10): ['c000009', 'c000184', 'c000183', 'c000186', 'c000053', 'c000107']
  ├─ ReAct Steps: 0 | Latency: 2.17s (Retrieval: 0.26s | Gen: 1.91s)
  └─ Answer Preview: 1.2 seconds...

[2026-08-30T21:03:31.470755] [SUCCESS] Query #61: "How long is the stabilization phase following the target acceleration phase in c"
  ├─ Rephrased: "stabilization phase duration crossing scenarios target acceleration phase"
  ├─ Retrieved Chunks (10): ['c000103', 'c000109', 'c000048', 'c000044', 'c000114', 'c000059']
  ├─ ReAct Steps: 0 | Latency: 1.60s (Retrieval: 0.29s | Gen: 1.31s)
  └─ Answer Preview: The stabilization phase following the target acceleration phase in crossing scenarios is 0.5 seconds....

[2026-08-30T21:03:31.470972] [SUCCESS] Query #60: "What maximum brake level is applied by the braking robot during an FCW test?"
  ├─ Rephrased: "maximum brake level braking robot applied FCW test"
  ├─ Retrieved Chunks (10): ['c000183', 'c000184', 'c000178', 'c000007', 'c000049', 'c000186']
  ├─ ReAct Steps: 0 | Latency: 1.90s (Retrieval: 0.28s | Gen: 1.61s)
  └─ Answer Preview: The maximum brake level applied by the braking robot during an FCW test is $-4\text{ m/s}^2$ - $0.50\text{ m/s}^2$....

[2026-08-30T21:03:32.852920] [SUCCESS] Query #62: "At what TTC must steady-state conditions be met for the GVT in the CCCscp scenar"
  ├─ Rephrased: "steady-state conditions GVT CCCscp TTC"
  ├─ Retrieved Chunks (10): ['c000052', 'c000103', 'c000324', 'c000212', 'c000109', 'c000220']
  ├─ ReAct Steps: 0 | Latency: 2.67s (Retrieval: 1.27s | Gen: 1.39s)
  └─ Answer Preview: Steady-state conditions must be met as soon as the GVT has arrived in the field of vision of the VUT, corresponding to [3.5]s TTC....

[2026-08-30T21:03:33.855232] [SUCCESS] Query #63: "What impact speed tolerance is applied to the verification tests?"
  ├─ Rephrased: "Impact speed tolerance in verification tests"
  ├─ Retrieved Chunks (10): ['c000176', 'c000323', 'c000350', 'c000305', 'c000178', 'c000314']
  ├─ ReAct Steps: 0 | Latency: 2.38s (Retrieval: 0.80s | Gen: 1.58s)
  └─ Answer Preview: A 2 km/h tolerance is applied to the impact speeds of the verification test, with the tolerance applied in both directions....

[2026-08-30T21:03:33.855568] [SUCCESS] Query #65: "For the AEB CCRs scenario, up to what maximum test speed must full avoidance be "
  ├─ Rephrased: "maximum test speed for AEB CCRs"
  ├─ Retrieved Chunks (10): ['c000212', 'c000183', 'c000186', 'c000178', 'c000182', 'c000009']
  ├─ ReAct Steps: 0 | Latency: 1.31s (Retrieval: 0.29s | Gen: 1.02s)
  └─ Answer Preview: Full avoidance must be achieved for test speeds up to and including 20 km/h for all impact locations within the Standard Range, which is ver...

[2026-08-30T21:03:34.529891] [SUCCESS] Query #55: "What is the starting point (T0) relative to Time To Collision for most Frontal C"
  ├─ Rephrased: "T0 relative Time To Collision Frontal Collision test scenarios"
  ├─ Retrieved Chunks (10): ['c000192', 'c000009', 'c000251', 'c000010', 'c000394', 'c000327']
  ├─ ReAct Steps: 0 | Latency: 7.81s (Retrieval: 0.32s | Gen: 7.49s)
  └─ Answer Preview: Error during answer generation: Client error '400 Bad Request' for url 'http://localhost:8000/v1/chat/completions' For more information chec...

[2026-08-30T21:03:36.145229] [SUCCESS] Query #67: "What vehicle category should the larger obstruction vehicle be according to the "
  ├─ Rephrased: "Frontal Collisions larger obstruction vehicle"
  ├─ Retrieved Chunks (10): ['c000114', 'c000115', 'c000225', 'c000141', 'c000192', 'c000046']
  ├─ ReAct Steps: 0 | Latency: 2.29s (Retrieval: 0.26s | Gen: 2.02s)
  └─ Answer Preview: The larger obstruction vehicle should be categorized as a "Vehicle Cat.: N1" according to the Frontal Collisions protocol....

[2026-08-30T21:03:36.145547] [SUCCESS] Query #68: "According to the Lane Departure protocol, what ASTM method is used to measure th"
  ├─ Rephrased: "Lane Departure protocol, ASTM method for Peak Braking Coefficient (PBC)"
  ├─ Retrieved Chunks (10): ['c000250', 'c000006', 'c000251', 'c000270', 'c000008', 'c000049']
  ├─ ReAct Steps: 0 | Latency: 2.01s (Retrieval: 0.39s | Gen: 1.63s)
  └─ Answer Preview: The Peak Braking Coefficient (PBC) is measured using the American Society for Testing and Materials (ASTM) E1136-10 (2010) standard referenc...

[2026-08-30T21:03:36.941931] [SUCCESS] Query #58: "What is the maximum allowed VUT lateral deviation tolerance for CPTA and CBTA sc"
  ├─ Rephrased: "maximum allowed VUT lateral deviation tolerance CPTA CBTA"
  ├─ Retrieved Chunks (10): ['c000197', 'c000200', 'c000199', 'c000180', 'c000220', 'c000201']
  ├─ ReAct Steps: 0 | Latency: 8.41s (Retrieval: 0.76s | Gen: 7.65s)
  └─ Answer Preview: Error during answer generation: Client error '400 Bad Request' for url 'http://localhost:8000/v1/chat/completions' For more information chec...

[2026-08-30T21:03:36.942266] [SUCCESS] Query #69: "At what specific speed is the Peak Braking Coefficient (PBC) measured using the "
  ├─ Rephrased: "astm reference tyre peak braking coefficient speed"
  ├─ Retrieved Chunks (10): ['c000250', 'c000006', 'c000008', 'c000012', 'c000251', 'c000103']
  ├─ ReAct Steps: 0 | Latency: 2.41s (Retrieval: 1.58s | Gen: 0.83s)
  └─ Answer Preview: 64.4 km/h...

[2026-08-30T21:03:39.846972] [SUCCESS] Query #71: "What does LKA stand for in the Lane Departure protocol?"
  ├─ Rephrased: "Lane Keeping Assist (LKA)"
  ├─ Retrieved Chunks (10): ['c000396', 'c000250', 'c000470', 'c000426', 'c000327', 'c000454']
  ├─ ReAct Steps: 0 | Latency: 3.16s (Retrieval: 0.24s | Gen: 2.92s)
  └─ Answer Preview: Lane Keeping Assist (LKA) stands for heading correction that is applied automatically by the vehicle in response to the detection of the veh...

[2026-08-30T21:03:40.604488] [SUCCESS] Query #64: "If the relative impact speed reduction is evaluated to be within the red colour "
  ├─ Rephrased: "relative impact speed reduction red band"
  ├─ Retrieved Chunks (10): ['c000188', 'c000201', 'c000200', 'c000199', 'c000010', 'c000148']
  ├─ ReAct Steps: 0 | Latency: 8.32s (Retrieval: 0.25s | Gen: 8.07s)
  └─ Answer Preview: Error during answer generation: Client error '400 Bad Request' for url 'http://localhost:8000/v1/chat/completions' For more information chec...

[2026-08-30T21:03:40.604806] [SUCCESS] Query #66: "What vehicle category should the smaller obstruction vehicle be according to the"
  ├─ Rephrased: "smaller obstruction vehicle Frontal Collisions protocol"
  ├─ Retrieved Chunks (10): ['c000394', 'c000006', 'c000251', 'c000144', 'c000141', 'c000022']
  ├─ ReAct Steps: 0 | Latency: 7.75s (Retrieval: 0.98s | Gen: 6.77s)
  └─ Answer Preview: Error during answer generation: Client error '400 Bad Request' for url 'http://localhost:8000/v1/chat/completions' For more information chec...

[2026-08-30T21:03:40.605031] [SUCCESS] Query #72: "What does DTLE stand for in the Lane Departure protocol?"
  ├─ Rephrased: "DTLE stands for Distance To Lane Edge in the Lane Departure protocol."
  ├─ Retrieved Chunks (10): ['c000327', 'c000251', 'c000342', 'c000291', 'c000290', 'c000305']
  ├─ ReAct Steps: 0 | Latency: 3.66s (Retrieval: 2.54s | Gen: 1.12s)
  └─ Answer Preview: DTLE stands for Differential Target Lateral Error....

[2026-08-30T21:03:40.605233] [SUCCESS] Query #73: "What is the required measurement accuracy for the VUT heading angle in Lane Depa"
  ├─ Rephrased: "required measurement accuracy VUT heading angle Lane Departure tests"
  ├─ Retrieved Chunks (10): ['c000330', 'c000286', 'c000268', 'c000291', 'c000284', 'c000305']
  ├─ ReAct Steps: 0 | Latency: 1.11s (Retrieval: 0.32s | Gen: 0.79s)
  └─ Answer Preview: The required measurement accuracy for the VUT heading angle in Lane Departure tests is 0.1°....

[2026-08-30T21:03:42.125399] [SUCCESS] Query #74: "What is the specified test lane width when measured from the inside edge of the "
  ├─ Rephrased: "Inside edge lane marking width"
  ├─ Retrieved Chunks (10): ['c000271', 'c000290', 'c000350', 'c000305', 'c000302', 'c000383']
  ├─ ReAct Steps: 0 | Latency: 2.28s (Retrieval: 0.74s | Gen: 1.53s)
  └─ Answer Preview: The test lane width is 3.5 to 3.7 meters when measured from the inside edge of the lane marking....

[2026-08-30T21:03:43.305334] [SUCCESS] Query #76: "What is the minimum length of lane marking that must remain ahead of the vehicle"
  ├─ Rephrased: "Minimum length lane marking remaining ahead after Lane Departure test"
  ├─ Retrieved Chunks (10): ['c000271', 'c000302', 'c000310', 'c000290', 'c000305', 'c000330']
  ├─ ReAct Steps: 0 | Latency: 2.03s (Retrieval: 0.31s | Gen: 1.71s)
  └─ Answer Preview: 20m...

[2026-08-30T21:03:43.762761] [SUCCESS] Query #77: "During tyre conditioning, what is the exact diameter of the circle the vehicle m"
  ├─ Rephrased: "Tyre conditioning circle diameter"
  ├─ Retrieved Chunks (10): ['c000054', 'c000321', 'c000178', 'c000275', 'c000183', 'c000007']
  ├─ ReAct Steps: 0 | Latency: 2.16s (Retrieval: 0.24s | Gen: 1.92s)
  └─ Answer Preview: 30m...

[2026-08-30T21:03:43.763067] [SUCCESS] Query #78: "At what speed must the vehicle drive during the sinusoidal tyre conditioning pas"
  ├─ Rephrased: "Sinusoidal tyre conditioning speed"
  ├─ Retrieved Chunks (10): ['c000178', 'c000054', 'c000321', 'c000320', 'c000007', 'c000009']
  ├─ ReAct Steps: 0 | Latency: 1.91s (Retrieval: 0.25s | Gen: 1.66s)
  └─ Answer Preview: 56km/h...

[2026-08-30T21:03:43.763275] [SUCCESS] Query #79: "What frequency is used for the sinusoidal steering input during tyre conditionin"
  ├─ Rephrased: "sinusoidal steering input frequency tyre conditioning"
  ├─ Retrieved Chunks (10): ['c000321', 'c000178', 'c000269', 'c000054', 'c000007', 'c000426']
  ├─ ReAct Steps: 0 | Latency: 1.64s (Retrieval: 0.28s | Gen: 1.36s)
  └─ Answer Preview: The sinusoidal steering input during tyre conditioning has a frequency of 1Hz....

[2026-08-30T21:03:43.763471] [SUCCESS] Query #75: "What distance must exist between the inner edge of the lane marking and the road"
  ├─ Rephrased: "Lane marking inner edge to road edge distance"
  ├─ Retrieved Chunks (10): ['c000271', 'c000290', 'c000252', 'c000302', 'c000383', 'c000342']
  ├─ ReAct Steps: 0 | Latency: 3.16s (Retrieval: 0.66s | Gen: 2.50s)
  └─ Answer Preview: The inner edge of the lane marking must be at 0.20 to 0.30m from the road edge....

[2026-08-30T21:03:45.449990] [SUCCESS] Query #80: "How many runs must be performed for a system check before actual Lane Departure "
  ├─ Rephrased: "System check runs before Lane Departure testing"
  ├─ Retrieved Chunks (10): ['c000322', 'c000329', 'c000330', 'c000053', 'c000342', 'c000273']
  ├─ ReAct Steps: 0 | Latency: 2.14s (Retrieval: 0.44s | Gen: 1.70s)
  └─ Answer Preview: Before actual Lane Departure testing begins, a maximum of ten runs must be performed for a system check....

[2026-08-30T21:03:46.661479] [SUCCESS] Query #70: "What does ELK stand for in the Lane Departure protocol?"
  ├─ Rephrased: "ELK stands for Emergency Lane Keeping in the Lane Departure protocol."
  ├─ Retrieved Chunks (10): ['c000251', 'c000250', 'c000454', 'c000458', 'c000470', 'c000394']
  ├─ ReAct Steps: 0 | Latency: 10.51s (Retrieval: 0.53s | Gen: 9.98s)
  └─ Answer Preview: Error during answer generation: Client error '400 Bad Request' for url 'http://localhost:8000/v1/chat/completions' For more information chec...

[2026-08-30T21:03:46.661818] [SUCCESS] Query #84: "For steering response tests >=70km/h at a lateral speed of 0.2m/s, what is the m"
  ├─ Rephrased: "steering response tests >=70km/h lateral speed 0.2m/s maximum allowed steering wheel veloc"
  ├─ Retrieved Chunks (10): ['c000336', 'c000283', 'c000286', 'c000268', 'c000330', 'c000284']
  ├─ ReAct Steps: 0 | Latency: 1.68s (Retrieval: 0.45s | Gen: 1.23s)
  └─ Answer Preview: ± 20 °/sec...

[2026-08-30T21:03:46.662057] [SUCCESS] Query #83: "What is the maximum allowed overriding torque during an active lane support syst"
  ├─ Rephrased: "maximum allowed overriding torque during active lane support system intervention Euro NCAP"
  ├─ Retrieved Chunks (10): ['c000336', 'c000337', 'c000279', 'c000282', 'c000339', 'c000338']
  ├─ ReAct Steps: 0 | Latency: 2.06s (Retrieval: 0.37s | Gen: 1.69s)
  └─ Answer Preview: 3.0Nm + 0.5Nm...

[2026-08-30T21:03:46.662280] [SUCCESS] Query #82: "At what lateral speed must the Continuous Intervention Driveability testing be c"
  ├─ Rephrased: "Continuous Intervention Driveability testing lateral speed"
  ├─ Retrieved Chunks (10): ['c000282', 'c000336', 'c000284', 'c000338', 'c000279', 'c000285']
  ├─ ReAct Steps: 0 | Latency: 2.33s (Retrieval: 0.26s | Gen: 2.07s)
  └─ Answer Preview: The Continuous Intervention Driveability testing must be conducted at 0.5 m/s lateral speed....

[2026-08-30T21:03:46.662500] [SUCCESS] Query #81: "What is the specific limit value for DTLE in Lane Departure - ELK Road Edge test"
  ├─ Rephrased: "specific limit value for DTLE in Lane Departure - ELK Road Edge tests"
  ├─ Retrieved Chunks (10): ['c000342', 'c000291', 'c000290', 'c000343', 'c000252', 'c000250']
  ├─ ReAct Steps: 0 | Latency: 2.90s (Retrieval: 0.55s | Gen: 2.34s)
  └─ Answer Preview: The limit value for DTLE in Lane Departure - ELK Road Edge tests is set to -0.1m....

[2026-08-30T21:03:48.907364] [SUCCESS] Query #85: "For steering response tests >=70km/h at a lateral speed of 0.6m/s, what is the m"
  ├─ Rephrased: "steering response tests >=70km/h lateral speed 0.6m/s maximum allowed steering wheel veloc"
  ├─ Retrieved Chunks (10): ['c000336', 'c000283', 'c000330', 'c000286', 'c000268', 'c000284']
  ├─ ReAct Steps: 0 | Latency: 3.46s (Retrieval: 1.20s | Gen: 2.26s)
  └─ Answer Preview: ± 40 °/sec...

[2026-08-30T21:03:50.158345] [SUCCESS] Query #89: "In the ELK Car-to-Motorcyclist Oncoming scenario, what is the lateral distance o"
  ├─ Rephrased: "ELK Car-to-Motorcyclist Oncoming scenario lateral distance inner centre dashed lane markin"
  ├─ Retrieved Chunks (10): ['c000305', 'c000310', 'c000297', 'c000302', 'c000327', 'c000383']
  ├─ ReAct Steps: 0 | Latency: 1.97s (Retrieval: 0.39s | Gen: 1.58s)
  └─ Answer Preview: 1m...

[2026-08-30T21:03:50.158678] [SUCCESS] Query #88: "In the ELK Car-to-Car Oncoming scenario, what is the lateral distance of the tar"
  ├─ Rephrased: "ELK Car-to-Car Oncoming scenario lateral distance target path inner centre dashed lane mar"
  ├─ Retrieved Chunks (10): ['c000305', 'c000297', 'c000310', 'c000302', 'c000327', 'c000139']
  ├─ ReAct Steps: 0 | Latency: 2.38s (Retrieval: 0.40s | Gen: 1.99s)
  └─ Answer Preview: 1.5m...

[2026-08-30T21:03:50.158903] [SUCCESS] Query #87: "What lateral velocity range is used for intentional lane changes in the ELK Car-"
  ├─ Rephrased: "What lateral velocity range is used for intentional lane changes in the ELK Car-to-Car Ove"
  ├─ Retrieved Chunks (10): ['c000298', 'c000252', 'c000302', 'c000310', 'c000305', 'c000327']
  ├─ ReAct Steps: 0 | Latency: 2.85s (Retrieval: 0.45s | Gen: 2.39s)
  └─ Answer Preview: 0.5 to 0.7 m/s...

[2026-08-30T21:03:50.159129] [SUCCESS] Query #86: "What lateral velocity range is used for unintentional lane changes in the ELK Ca"
  ├─ Rephrased: "What lateral velocity range is used for unintentional lane changes in the ELK Car-to-Car O"
  ├─ Retrieved Chunks (10): ['c000298', 'c000252', 'c000327', 'c000343', 'c000342', 'c000330']
  ├─ ReAct Steps: 0 | Latency: 3.49s (Retrieval: 0.64s | Gen: 2.86s)
  └─ Answer Preview: 0.3 to 0.6 m/s...

[2026-08-30T21:03:50.159348] [SUCCESS] Query #90: "What is the synchronized impact location for the ELK Car-to-Car Oncoming scenari"
  ├─ Rephrased: "synchronized impact location elk car-to-car oncoming"
  ├─ Retrieved Chunks (10): ['c000297', 'c000305', 'c000310', 'c000344', 'c000302', 'c000029']
  ├─ ReAct Steps: 0 | Latency: 1.57s (Retrieval: 0.31s | Gen: 1.26s)
  └─ Answer Preview: The synchronized impact location for the ELK Car-to-Car Oncoming scenario is 90% of the impact location....

[2026-08-30T21:03:52.299156] [SUCCESS] Query #91: "What is the synchronized impact location for the ELK Car-to-Motorcyclist Oncomin"
  ├─ Rephrased: "synchronized impact location elk car-to-motorcyclist oncoming"
  ├─ Retrieved Chunks (10): ['c000305', 'c000310', 'c000297', 'c000344', 'c000302', 'c000314']
  ├─ ReAct Steps: 0 | Latency: 3.39s (Retrieval: 1.24s | Gen: 2.15s)
  └─ Answer Preview: The synchronized impact location for the ELK Car-to-Motorcyclist Oncoming scenario is 110% of the impact location (assuming no system reacti...

[2026-08-30T21:03:53.571953] [SUCCESS] Query #94: "How many points are awarded for a PASS (Avoidance) in the ELK Car & PTW Standard"
  ├─ Rephrased: "How many points are awarded for a PASS in the ELK Car & PTW Standard Range tests"
  ├─ Retrieved Chunks (10): ['c000185', 'c000168', 'c000305', 'c000290', 'c000317', 'c000067']
  ├─ ReAct Steps: 0 | Latency: 2.41s (Retrieval: 0.42s | Gen: 1.98s)
  └─ Answer Preview: 5...

[2026-08-30T21:03:53.572265] [SUCCESS] Query #96: "How many maximum points are available specifically for the Driveability assessme"
  ├─ Rephrased: "Driveability maximum points Single Vehicle tests"
  ├─ Retrieved Chunks (10): ['c000335', 'c000279', 'c000280', 'c000163', 'c000178', 'c000281']
  ├─ ReAct Steps: 0 | Latency: 1.55s (Retrieval: 0.27s | Gen: 1.28s)
  └─ Answer Preview: 2...

[2026-08-30T21:03:53.572473] [SUCCESS] Query #93: "At what specific TTC is an ELK test assumed to have failed if no system interven"
  ├─ Rephrased: "ELK test failed at 1.5s TTC"
  ├─ Retrieved Chunks (10): ['c000327', 'c000305', 'c000290', 'c000328', 'c000319', 'c000310']
  ├─ ReAct Steps: 0 | Latency: 2.74s (Retrieval: 0.32s | Gen: 2.42s)
  └─ Answer Preview: 0.8s...

[2026-08-30T21:03:53.572680] [SUCCESS] Query #92: "What is the minimum required lateral separation between the VUT and the EMT to a"
  ├─ Rephrased: "minimum required lateral separation VUT EMT to avoid failing ELK test"
  ├─ Retrieved Chunks (10): ['c000327', 'c000344', 'c000305', 'c000310', 'c000183', 'c000314']
  ├─ ReAct Steps: 0 | Latency: 3.41s (Retrieval: 0.66s | Gen: 2.75s)
  └─ Answer Preview: The minimum required lateral separation between the VUT and the EMT to avoid failing the ELK test is 0.3 meters....

[2026-08-30T21:03:53.572871] [SUCCESS] Query #95: "What percentage of the total available score in the Standard Range must be achie"
  ├─ Rephrased: "Extended Range scoring eligibility requires achieving a percentage of the total available "
  ├─ Retrieved Chunks (10): ['c000354', 'c000213', 'c000351', 'c000208', 'c000209', 'c000357']
  ├─ ReAct Steps: 0 | Latency: 1.97s (Retrieval: 0.41s | Gen: 1.57s)
  └─ Answer Preview: ≥50% of the total available score in the Standard Range must be achieved to be eligible for Extended Range scoring....

[2026-08-30T21:03:54.709336] [SUCCESS] Query #97: "How many maximum points are available specifically for the Driver State Link ass"
  ├─ Rephrased: "Driver State Link, Single Vehicle, maximum points"
  ├─ Retrieved Chunks (10): ['c000279', 'c000341', 'c000288', 'c000339', 'c000167', 'c000163']
  ├─ ReAct Steps: 0 | Latency: 2.41s (Retrieval: 1.26s | Gen: 1.15s)
  └─ Answer Preview: The maximum points available specifically for the Driver State Link assessment within the Single Vehicle tests are 3....

[2026-08-30T21:03:55.249238] [SUCCESS] Query #99: "What does BSM stand for in the Lane Departure protocol?"
  ├─ Rephrased: "Lane Departure (BSM)"
  ├─ Retrieved Chunks (10): ['c000355', 'c000295', 'c000247', 'c000244', 'c000352', 'c000292']
  ├─ ReAct Steps: 0 | Latency: 1.10s (Retrieval: 0.25s | Gen: 0.85s)
  └─ Answer Preview: BSM stands for "Brake System Monitoring."...

[2026-08-30T21:03:55.535782] [SUCCESS] Query #98: "How quickly must the Lane Support sensitivity revert to its nominal setting afte"
  ├─ Rephrased: "Lane Support sensitivity revert speed to nominal setting after Driver Status Monitoring de"
  ├─ Retrieved Chunks (10): ['c000339', 'c000340', 'c000288', 'c000341', 'c000219', 'c000279']
  ├─ ReAct Steps: 0 | Latency: 1.96s (Retrieval: 0.56s | Gen: 1.39s)
  └─ Answer Preview: The Lane Support sensitivity must revert to its nominal setting within < 1 second after the DSM detects its performance is degraded, or the ...

[2026-08-30T21:03:55.633481] [SUCCESS] Query #100: "How is a Driver Intention Monitoring system defined in the Lane Departure protoc"
  ├─ Rephrased: "Driver Intention Monitoring in Lane Departure protocol"
  ├─ Retrieved Chunks (10): ['c000251', 'c000279', 'c000340', 'c000288', 'c000333', 'c000339']
  ├─ ReAct Steps: 0 | Latency: 1.23s (Retrieval: 0.29s | Gen: 0.94s)
  └─ Answer Preview: A Driver Intention Monitoring (DIM) system is defined as a functionality that allows tests for Driveability – Overriding Torque and Continuo...

[2026-08-30T22:34:43.341507] [SUCCESS] Query #1: "What does VUT stand for in the Assisted Driving protocol?"
  ├─ Rephrased: "VUT in Assisted Driving"
  ├─ Retrieved Chunks (10): ['c000418', 'c000423', 'c000401', 'c000448', 'c000449', 'c000417']
  ├─ ReAct Steps: 0 | Latency: 4.76s (Retrieval: 0.24s | Gen: 4.53s)
  └─ Answer Preview: VUT stands for Vehicle Under Test....

[2026-08-30T22:34:43.756467] [SUCCESS] Query #2: "What does GVT stand for in the Assisted Driving protocol?"
  ├─ Rephrased: "GVT Assisted Driving"
  ├─ Retrieved Chunks (10): ['c000418', 'c000393', 'c000388', 'c000441', 'c000401', 'c000420']
  ├─ ReAct Steps: 0 | Latency: 4.93s (Retrieval: 0.24s | Gen: 4.69s)
  └─ Answer Preview: GVT stands for "Governing Vehicle Test."...

[2026-08-30T22:34:44.320890] [SUCCESS] Query #5: "How is Intelligent Adaptive Cruise Control (iACC) defined?"
  ├─ Rephrased: "How is Intelligent Adaptive Cruise Control (iACC) defined"
  ├─ Retrieved Chunks (10): ['c000395', 'c000436', 'c000432', 'c000405', 'c000424', 'c000431']
  ├─ ReAct Steps: 0 | Latency: 5.24s (Retrieval: 0.29s | Gen: 4.95s)
  └─ Answer Preview: Intelligent Adaptive Cruise Control (iACC) is an Adaptive Cruise Control combined with the Speed Limit Information Function (SLIF), where th...

[2026-08-30T22:34:45.264604] [SUCCESS] Query #7: "What is the grading requirement to achieve a "VERY GOOD" score in the Highway an"
  ├─ Rephrased: "Highway and Interurban Assist Systems, VUT, VERY GOOD"
  ├─ Retrieved Chunks (10): ['c000403', 'c000391', 'c000441', 'c000388', 'c000392', 'c000393']
  ├─ ReAct Steps: 0 | Latency: 5.88s (Retrieval: 0.33s | Gen: 5.55s)
  └─ Answer Preview: ≥ 160 points (≥ 80%)...

[2026-08-30T22:34:45.733043] [SUCCESS] Query #15: "How soon must Assisted Mode be deactivated if the Driver State Monitoring system"
  ├─ Rephrased: "Assisted Mode deactivation timing Driver State Monitoring unavailable complete blockage"
  ├─ Retrieved Chunks (10): ['c000418', 'c000416', 'c000419', 'c000397', 'c000451', 'c000420']
  ├─ ReAct Steps: 0 | Latency: 6.01s (Retrieval: 0.32s | Gen: 5.69s)
  └─ Answer Preview: No later than 10 seconds from the point the DSM becomes unavailable due to a complete blockage....

[2026-08-30T22:34:46.426168] [SUCCESS] Query #9: "What words are strictly forbidden from being used in a system name under the Ass"
  ├─ Rephrased: "assisted driving protocol prohibited words"
  ├─ Retrieved Chunks (10): ['c000388', 'c000418', 'c000401', 'c000420', 'c000390', 'c000442']
  ├─ ReAct Steps: 0 | Latency: 6.37s (Retrieval: 0.25s | Gen: 6.12s)
  └─ Answer Preview: The following words are strictly forbidden from being used in a system name under the Assisted Driving protocol: auto, automatic, automated,...

[2026-08-30T22:34:47.041913] [SUCCESS] Query #11: "What is the total point value available for the Continuous System Status Indicat"
  ├─ Rephrased: "Continuous System Status Indicator total point value"
  ├─ Retrieved Chunks (10): ['c000412', 'c000410', 'c000404', 'c000413', 'c000411', 'c000429']
  ├─ ReAct Steps: 0 | Latency: 6.73s (Retrieval: 0.26s | Gen: 6.46s)
  └─ Answer Preview: 20...

[2026-08-30T22:34:47.703597] [SUCCESS] Query #6: "What is the minimum design maximum speed for a Real Motorcycle target used in Bl"
  ├─ Rephrased: "Real Motorcycle Blind-Spot Monitoring Tests minimum design maximum speed"
  ├─ Retrieved Chunks (10): ['c000251', 'c000395', 'c000007', 'c000345', 'c000311', 'c000252']
  ├─ ReAct Steps: 0 | Latency: 7.12s (Retrieval: 0.31s | Gen: 6.81s)
  └─ Answer Preview: The minimum design maximum speed for a Real Motorcycle target used in Blind-Spot Monitoring Tests is at least 80km/h....

[2026-08-30T22:34:48.109288] [SUCCESS] Query #8: "How many points are awarded if a system name contains the word "assistant", "ass"
  ├─ Rephrased: "points awarded system name contains assistant assistance assist"
  ├─ Retrieved Chunks (10): ['c000406', 'c000409', 'c000408', 'c000413', 'c000410', 'c000401']
  ├─ ReAct Steps: 0 | Latency: 7.20s (Retrieval: 0.26s | Gen: 6.94s)
  └─ Answer Preview: 10 points are awarded if a system name contains the word "assistant", "assistance", or "assist"...

[2026-08-30T22:34:48.567463] [SUCCESS] Query #4: "What is the definition of the Speed Limit Information Function (SLIF)?"
  ├─ Rephrased: "speed limit information function (slif)"
  ├─ Retrieved Chunks (10): ['c000475', 'c000395', 'c000434', 'c000435', 'c000432', 'c000410']
  ├─ ReAct Steps: 0 | Latency: 7.39s (Retrieval: 0.27s | Gen: 7.12s)
  └─ Answer Preview: The Speed Limit Information Function (SLIF) is a function with which the vehicle knows and communicates the speed limit....

[2026-08-30T22:34:49.086231] [SUCCESS] Query #16: "How many repetitive visual distraction instances lead to a controllable Assisted"
  ├─ Rephrased: "repetitive visual distraction instances leading to controllable Assisted Mode lock-out"
  ├─ Retrieved Chunks (10): ['c000423', 'c000417', 'c000415', 'c000418', 'c000416', 'c000419']
  ├─ ReAct Steps: 0 | Latency: 7.63s (Retrieval: 0.51s | Gen: 7.11s)
  └─ Answer Preview: 3...

[2026-08-30T22:34:49.639625] [SUCCESS] Query #3: "In the Assisted Driving Cut-out test, what does SOV stand for?"
  ├─ Rephrased: "In the Assisted Driving Cut-out test, what does SOV stand for?"
  ├─ Retrieved Chunks (10): ['c000467', 'c000466', 'c000438', 'c000463', 'c000462', 'c000437']
  ├─ ReAct Steps: 0 | Latency: 7.66s (Retrieval: 0.50s | Gen: 7.15s)
  └─ Answer Preview: SOV stands for Safety On-vehicle....

[2026-08-30T22:34:50.069364] [SUCCESS] Query #13: "What is the recommended decibel range for an additional acoustic indication duri"
  ├─ Rephrased: "recommended decibel range additional acoustic indication system status change"
  ├─ Retrieved Chunks (10): ['c000413', 'c000410', 'c000411', 'c000414', 'c000412', 'c000444']
  ├─ ReAct Steps: 0 | Latency: 7.57s (Retrieval: 0.83s | Gen: 6.74s)
  └─ Answer Preview: 50 to 90 dB....

[2026-08-30T22:34:50.840476] [SUCCESS] Query #10: "How many points are awarded if the marketing material correctly describes the sy"
  ├─ Rephrased: "Marketing material description points VUT"
  ├─ Retrieved Chunks (10): ['c000407', 'c000447', 'c000449', 'c000448', 'c000450', 'c000404']
  ├─ ReAct Steps: 0 | Latency: 7.50s (Retrieval: 0.40s | Gen: 7.10s)
  └─ Answer Preview: 5 points are awarded if the marketing material correctly describes the system functionality....

[2026-08-30T22:34:51.302523] [SUCCESS] Query #14: "How many points are awarded for a system that robustly detects if the driver's h"
  ├─ Rephrased: "Assisted Mode steering wheel detection points"
  ├─ Retrieved Chunks (10): ['c000416', 'c000451', 'c000423', 'c000418', 'c000420', 'c000454']
  ├─ ReAct Steps: 0 | Latency: 7.55s (Retrieval: 0.55s | Gen: 6.99s)
  └─ Answer Preview: 5 points....

[2026-08-30T22:34:51.832496] [SUCCESS] Query #12: "What specific color must be used on the Continuous System Status Indicator to de"
  ├─ Rephrased: "Assisted Mode Continuous System Status Indicator color requirement"
  ├─ Retrieved Chunks (10): ['c000412', 'c000410', 'c000404', 'c000411', 'c000284', 'c000413']
  ├─ ReAct Steps: 0 | Latency: 6.87s (Retrieval: 0.29s | Gen: 6.58s)
  └─ Answer Preview: The color green must be used on the Continuous System Status Indicator to denote Assisted Mode....

[2026-08-30T22:34:51.832811] [SUCCESS] Query #17: "What is the maximum time window within which repetitive distractions will trigge"
  ├─ Rephrased: "Assisted Mode lock-out time window repetitive distractions"
  ├─ Retrieved Chunks (10): ['c000423', 'c000418', 'c000416', 'c000415', 'c000417', 'c000419']
  ├─ ReAct Steps: 0 | Latency: 7.51s (Retrieval: 0.63s | Gen: 6.88s)
  └─ Answer Preview: The maximum time window within which repetitive distractions will trigger an Assisted Mode lock-out is not greater than 30 minutes....

[2026-08-30T22:34:52.306952] [SUCCESS] Query #18: "What frequency is applied when steering the full sine wave during the Pothole Te"
  ├─ Rephrased: "full sine wave steering Pothole Test frequency"
  ├─ Retrieved Chunks (10): ['c000427', 'c000426', 'c000425', 'c000470', 'c000430', 'c000429']
  ├─ ReAct Steps: 0 | Latency: 7.04s (Retrieval: 0.46s | Gen: 6.59s)
  └─ Answer Preview: 0.25Hz...

[2026-08-30T22:34:53.672876] [SUCCESS] Query #19: "What is the target Distance To Lane Edge (DTLE) for the steering amplitude in th"
  ├─ Rephrased: "target DTLE for steering amplitude in pothole test"
  ├─ Retrieved Chunks (10): ['c000427', 'c000428', 'c000426', 'c000470', 'c000425', 'c000449']
  ├─ ReAct Steps: 0 | Latency: 7.94s (Retrieval: 0.68s | Gen: 7.26s)
  └─ Answer Preview: -50±5 cm...

[2026-08-30T22:34:54.682076] [SUCCESS] Query #20: "What is the target Distance To Lane Edge (DTLE) for the steering amplitude in th"
  ├─ Rephrased: "target DTLE for steering amplitude in Partial Lane Change Test"
  ├─ Retrieved Chunks (10): ['c000428', 'c000427', 'c000426', 'c000430', 'c000470', 'c000471']
  ├─ ReAct Steps: 0 | Latency: 8.26s (Retrieval: 0.60s | Gen: 7.65s)
  └─ Answer Preview: -50±5 cm...

[2026-08-30T22:34:55.259550] [SUCCESS] Query #21: "How many points are awarded for override response if a vehicle has an absolute o"
  ├─ Rephrased: "absolute override torque <5Nm, override response points"
  ├─ Retrieved Chunks (10): ['c000424', 'c000430', 'c000429', 'c000471', 'c000427', 'c000428']
  ├─ ReAct Steps: 0 | Latency: 8.22s (Retrieval: 0.65s | Gen: 7.57s)
  └─ Answer Preview: 20 points are awarded for the reaction of the system if the following conditions are met: the Lane Centering function provides continuous st...

[2026-08-30T22:34:56.007403] [SUCCESS] Query #22: "How much time does a driver have to confirm an offered lower speed limit for it "
  ├─ Rephrased: "Lower speed limit confirmation time adopted"
  ├─ Retrieved Chunks (10): ['c000475', 'c000434', 'c000435', 'c000450', 'c000395', 'c000432']
  ├─ ReAct Steps: 0 | Latency: 8.30s (Retrieval: 0.39s | Gen: 7.91s)
  └─ Answer Preview: The driver must give the confirmation action 1.5 seconds after the lower limit is offered for it to be considered adopted "in time."...

[2026-08-30T22:34:56.671692] [SUCCESS] Query #23: "What Time To Collision (TTC) is used for the Cut-out tests to verify Safety Back"
  ├─ Rephrased: "Cut-out tests TTC safety backup"
  ├─ Retrieved Chunks (10): ['c000467', 'c000466', 'c000463', 'c000461', 'c000438', 'c000462']
  ├─ ReAct Steps: 0 | Latency: 8.56s (Retrieval: 0.45s | Gen: 8.12s)
  └─ Answer Preview: The lead vehicle shall cut-out at a TTC of 2s instead of 3s as in ACC Performance....

[2026-08-30T22:34:57.390298] [SUCCESS] Query #24: "What is the total maximum sub-points available for the Car-to-Car Rear Stationar"
  ├─ Rephrased: "total maximum sub-points CCRS ACC/AEB"
  ├─ Retrieved Chunks (10): ['c000460', 'c000468', 'c000465', 'c000464', 'c000220', 'c000274']
  ├─ ReAct Steps: 0 | Latency: 8.82s (Retrieval: 0.51s | Gen: 8.32s)
  └─ Answer Preview: The total maximum sub-points available for the Car-to-Car Rear Stationary (CCRs) test in the ACC/AEB evaluation is 8....

[2026-08-30T22:34:58.192503] [SUCCESS] Query #25: "How long must a vehicle be driven with a blocked sensor before attempting an ass"
  ├─ Rephrased: "blocked sensor duration at start-up"
  ├─ Retrieved Chunks (10): ['c000447', 'c000449', 'c000443', 'c000448', 'c000446', 'c000450']
  ├─ ReAct Steps: 0 | Latency: 9.11s (Retrieval: 0.54s | Gen: 8.56s)
  └─ Answer Preview: A vehicle must be driven for 2 minutes with the sensor blocked at start-up before attempting an assistance system activation....

[2026-08-30T22:34:58.764407] [SUCCESS] Query #26: "How many points are awarded to systems able to successfully provide a warning an"
  ├─ Rephrased: "Microsleep warning and intervention points"
  ├─ Retrieved Chunks (10): ['c000452', 'c000451', 'c000419', 'c000453', 'c000398', 'c000447']
  ├─ ReAct Steps: 0 | Latency: 9.12s (Retrieval: 0.42s | Gen: 8.71s)
  └─ Answer Preview: 5 points are awarded to systems able to provide a visual + acoustic/haptic warning and increase the ACC time headway immediately after detec...

[2026-08-30T22:34:59.213055] [SUCCESS] Query #27: "How many points are awarded to systems able to successfully provide a warning an"
  ├─ Rephrased: "Sleep Detection Points"
  ├─ Retrieved Chunks (10): ['c000453', 'c000451', 'c000452', 'c000454', 'c000398', 'c000007']
  ├─ ReAct Steps: 0 | Latency: 9.14s (Retrieval: 0.76s | Gen: 8.38s)
  └─ Answer Preview: 5 points are awarded for systems able to provide a visual + acoustic/haptic warning AND increase the ACC time headway (and/or other interven...

[2026-08-30T22:34:59.706656] [SUCCESS] Query #28: "How many points are awarded if an unresponsive driver is detected by indirect se"
  ├─ Rephrased: "Unresponsive driver indirect sensing prolonged steering inactivity points"
  ├─ Retrieved Chunks (10): ['c000454', 'c000451', 'c000455', 'c000398', 'c000456', 'c000457']
  ├─ ReAct Steps: 0 | Latency: 8.87s (Retrieval: 0.45s | Gen: 8.42s)
  └─ Answer Preview: 10 points are awarded when the detection is enabled by indirect inputs (e.g., prolonged steering inactivity)....

[2026-08-30T22:35:00.246290] [SUCCESS] Query #29: "How many bonus points are awarded for an advanced response that changes lanes to"
  ├─ Rephrased: "Emergency lane, unresponsive driver, bonus points, lane change, advanced response, CPFA"
  ├─ Retrieved Chunks (10): ['c000454', 'c000451', 'c000452', 'c000007', 'c000398', 'c000330']
  ├─ ReAct Steps: 0 | Latency: 8.94s (Retrieval: 0.52s | Gen: 8.43s)
  └─ Answer Preview: 5 points...

[2026-08-30T22:35:01.028742] [SUCCESS] Query #30: "To score 5 points in the S-Bend test, an LKA intervention must prevent the vehic"
  ├─ Rephrased: "5-point S-Bend test LKA intervention threshold"
  ├─ Retrieved Chunks (10): ['c000470', 'c000383', 'c000327', 'c000330', 'c000284', 'c000273']
  ├─ ReAct Steps: 0 | Latency: 9.20s (Retrieval: 0.46s | Gen: 8.73s)
  └─ Answer Preview: 0.4m...

[2026-08-30T22:35:01.851862] [SUCCESS] Query #31: "How many points are awarded for a successful Car-to-Car intentional lane change "
  ├─ Rephrased: "Car-to-Car intentional lane change test points Safety Backup LSS"
  ├─ Retrieved Chunks (10): ['c000471', 'c000443', 'c000470', 'c000293', 'c000438', 'c000464']
  ├─ ReAct Steps: 0 | Latency: 9.54s (Retrieval: 1.35s | Gen: 8.19s)
  └─ Answer Preview: 2.5 points are awarded for intentional Car-to-Car tests....

[2026-08-30T22:35:02.119484] [SUCCESS] Query #32: "By what maximum percentage can a long distraction warning timing threshold be re"
  ├─ Rephrased: "context-based vehicle response strategies,long distraction warning timing threshold,maximu"
  ├─ Retrieved Chunks (10): ['c000419', 'c000452', 'c000250', 'c000397', 'c000420', 'c000418']
  ├─ ReAct Steps: 0 | Latency: 7.77s (Retrieval: 0.32s | Gen: 7.45s)
  └─ Answer Preview: 150%...

[2026-08-30T22:35:02.119816] [SUCCESS] Query #33: "What defines a Transient driver state?"
  ├─ Rephrased: "Transient driver state defines a driver's ability to respond to unexpected hazards in real"
  ├─ Retrieved Chunks (10): ['c000398', 'c000397', 'c000341', 'c000451', 'c000339', 'c000452']
  ├─ ReAct Steps: 0 | Latency: 8.45s (Retrieval: 0.67s | Gen: 7.78s)
  └─ Answer Preview: A Transient driver state is a temporary episode of sleep after fatigue builds-up, which may last up to several seconds....

[2026-08-30T22:35:02.789745] [SUCCESS] Query #34: "What does PBC stand for in the Frontal Collisions protocol?"
  ├─ Rephrased: "PBC Frontal Collisions"
  ├─ Retrieved Chunks (10): ['c000006', 'c000049', 'c000036', 'c000179', 'c000029', 'c000116']
  ├─ ReAct Steps: 0 | Latency: 8.11s (Retrieval: 0.57s | Gen: 7.54s)
  └─ Answer Preview: Peak Braking Coefficient (PBC) stands for the measure of tyre to road surface friction based on the maximum deceleration of a rolling tyre, ...

[2026-08-30T22:35:04.449981] [SUCCESS] Query #36: "Which ISO standard specifies the Euro NCAP Pedestrian Target (EPTa)?"
  ├─ Rephrased: "ISO 14112 specifies the Euro NCAP Pedestrian Target (EPTa)"
  ├─ Retrieved Chunks (10): ['c000394', 'c000006', 'c000251', 'c000038', 'c000010', 'c000212']
  ├─ ReAct Steps: 0 | Latency: 8.44s (Retrieval: 0.65s | Gen: 7.79s)
  └─ Answer Preview: The Euro NCAP Pedestrian Target (EPTa) is specified in ISO 19206-2:2018....

[2026-08-30T22:35:04.986611] [SUCCESS] Query #37: "How is Vehicle width defined in the Frontal Collisions protocol?"
  ├─ Rephrased: "Frontal Collisions Vehicle width widest point of the vehicle ignoring rear-view mirrors"
  ├─ Retrieved Chunks (10): ['c000008', 'c000029', 'c000037', 'c000027', 'c000255', 'c000251']
  ├─ ReAct Steps: 0 | Latency: 8.31s (Retrieval: 0.71s | Gen: 7.61s)
  └─ Answer Preview: The vehicle width is defined as the widest point of the vehicle, ignoring the rear-view mirrors, side marker lamps, tyre pressure indicators...

[2026-08-30T22:35:04.996402] [SUCCESS] Query #38: "What does CPFA stand for?"
  ├─ Rephrased: "CPFA car-to-pedestrian farside adult"
  ├─ Retrieved Chunks (10): ['c000151', 'c000147', 'c000012', 'c000131', 'c000099', 'c000129']
  ├─ ReAct Steps: 0 | Latency: 7.61s (Retrieval: 0.79s | Gen: 6.82s)
  └─ Answer Preview: CPFA stands for Car-to-Pedestrian Crossing....

[2026-08-30T22:35:04.997188] [SUCCESS] Query #39: "At what frequency must all dynamic data be sampled and recorded?"
  ├─ Rephrased: "All dynamic data must be sampled and recorded at 1000Hz"
  ├─ Retrieved Chunks (10): ['c000264', 'c000042', 'c000458', 'c000047', 'c000268', 'c000251']
  ├─ ReAct Steps: 0 | Latency: 6.80s (Retrieval: 0.56s | Gen: 6.24s)
  └─ Answer Preview: All dynamic data must be sampled and recorded at a frequency of at least 100Hz....

[2026-08-30T22:35:09.228024] [SUCCESS] Query #40: "What is the required measurement accuracy for VUT and target speed?"
  ├─ Rephrased: "required measurement accuracy for VUT and target speed"
  ├─ Retrieved Chunks (10): ['c000047', 'c000010', 'c000081', 'c000036', 'c000268', 'c000055']
  ├─ ReAct Steps: 0 | Latency: 10.46s (Retrieval: 0.44s | Gen: 10.03s)
  └─ Answer Preview: 0.1km/h...

[2026-08-30T22:35:09.228358] [SUCCESS] Query #45: "Within what ambient temperature range must Frontal Collision tests be conducted?"
  ├─ Rephrased: "Frontal Collision tests ambient temperature range"
  ├─ Retrieved Chunks (10): ['c000051', 'c000272', 'c000008', 'c000251', 'c000007', 'c000209']
  ├─ ReAct Steps: 0 | Latency: 7.38s (Retrieval: 0.26s | Gen: 7.12s)
  └─ Answer Preview: Above 5°C and below 40°C....

[2026-08-30T22:35:09.228586] [SUCCESS] Query #42: "What is the maximum permitted longitudinal slope for the test track surface?"
  ├─ Rephrased: "maximum permitted longitudinal slope test track surface"
  ├─ Retrieved Chunks (10): ['c000049', 'c000270', 'c000178', 'c000322', 'c000052', 'c000007']
  ├─ ReAct Steps: 0 | Latency: 9.52s (Retrieval: 0.53s | Gen: 8.99s)
  └─ Answer Preview: The maximum permitted longitudinal slope for the test track surface is ±1%....

[2026-08-30T22:35:09.228797] [SUCCESS] Query #43: "What is the maximum permitted lateral slope for the test track surface?"
  ├─ Rephrased: "maximum permitted lateral slope test track surface"
  ├─ Retrieved Chunks (10): ['c000049', 'c000270', 'c000178', 'c000183', 'c000327', 'c000322']
  ├─ ReAct Steps: 0 | Latency: 8.98s (Retrieval: 0.77s | Gen: 8.21s)
  └─ Answer Preview: The maximum permitted lateral slope for the test track surface is ±3%....

[2026-08-30T22:35:09.229015] [SUCCESS] Query #48: "What is the minimum ambient illumination required for daylight testing?"
  ├─ Rephrased: "Minimum ambient illumination daylight testing"
  ├─ Retrieved Chunks (10): ['c000051', 'c000272', 'c000178', 'c000163', 'c000348', 'c000322']
  ├─ ReAct Steps: 0 | Latency: 5.02s (Retrieval: 0.23s | Gen: 4.79s)
  └─ Answer Preview: In excess of 2000 lux....

[2026-08-30T22:35:09.229219] [SUCCESS] Query #50: "What is the required interior load mass that is added to the unladen kerb mass f"
  ├─ Rephrased: "Required interior load mass added to unladen kerb mass for testing"
  ├─ Retrieved Chunks (10): ['c000276', 'c000056', 'c000055', 'c000274', 'c000329', 'c000178']
  ├─ ReAct Steps: 0 | Latency: 4.78s (Retrieval: 0.53s | Gen: 4.25s)
  └─ Answer Preview: The required interior load mass is 200 kg....

[2026-08-30T22:35:09.229417] [SUCCESS] Query #46: "What is the minimum horizontal visibility at ground level required for testing?"
  ├─ Rephrased: "Horizontal visibility ground level minimum"
  ├─ Retrieved Chunks (10): ['c000051', 'c000272', 'c000178', 'c000008', 'c000209', 'c000114']
  ├─ ReAct Steps: 0 | Latency: 7.11s (Retrieval: 0.66s | Gen: 6.45s)
  └─ Answer Preview: The minimum horizontal visibility at ground level required for testing is greater than 1km....

[2026-08-30T22:35:09.229609] [SUCCESS] Query #47: "What is the maximum allowable wind speed during Frontal Collision testing?"
  ├─ Rephrased: "Frontal Collision, maximum wind speed"
  ├─ Retrieved Chunks (10): ['c000178', 'c000272', 'c000007', 'c000051', 'c000251', 'c000009']
  ├─ ReAct Steps: 0 | Latency: 6.44s (Retrieval: 0.94s | Gen: 5.50s)
  └─ Answer Preview: The maximum allowable wind speed during Frontal Collision testing is below 10m/s....

[2026-08-30T22:35:09.229806] [SUCCESS] Query #44: "What is the minimal Peak Braking Coefficient (PBC) required for the test track s"
  ├─ Rephrased: "minimal PBC required for test track surface"
  ├─ Retrieved Chunks (10): ['c000049', 'c000270', 'c000274', 'c000329', 'c000055', 'c000276']
  ├─ ReAct Steps: 0 | Latency: 8.20s (Retrieval: 0.81s | Gen: 7.39s)
  └─ Answer Preview: The minimal Peak Braking Coefficient (PBC) required for the test track surface is 0.9....

[2026-08-30T22:35:09.230019] [SUCCESS] Query #49: "To what capacity must the fuel tank be filled before measuring the unladen kerb "
  ├─ Rephrased: "fuel tank capacity before unladen kerb mass measurement"
  ├─ Retrieved Chunks (10): ['c000055', 'c000274', 'c000056', 'c000276', 'c000178', 'c000029']
  ├─ ReAct Steps: 0 | Latency: 5.48s (Retrieval: 0.45s | Gen: 5.03s)
  └─ Answer Preview: The fuel tank must be filled to at least 90% of its capacity before measuring the unladen kerb mass....

[2026-08-30T22:35:09.230210] [SUCCESS] Query #41: "What type of filter must be applied to acceleration, yaw rate, and steering whee"
  ├─ Rephrased: "acceleration, yaw rate, steering wheel velocity filter"
  ├─ Retrieved Chunks (10): ['c000269', 'c000048', 'c000268', 'c000330', 'c000325', 'c000286']
  ├─ ReAct Steps: 0 | Latency: 10.02s (Retrieval: 0.48s | Gen: 9.53s)
  └─ Answer Preview: A 12-pole phase less Butterworth filter with a cut off frequency of 10Hz must be applied to acceleration, yaw rate, and steering wheel veloc...

[2026-08-30T22:35:09.561005] [SUCCESS] Query #35: "Which ISO standard specifies the Euro NCAP Bicyclist Target (EBTa)?"
  ├─ Rephrased: "ISO 14112 specifies the Euro NCAP Bicyclist Target (EBTa)"
  ├─ Retrieved Chunks (10): ['c000394', 'c000006', 'c000251', 'c000008', 'c000010', 'c000212']
  ├─ ReAct Steps: 0 | Latency: 14.30s (Retrieval: 0.74s | Gen: 13.56s)
  └─ Answer Preview: Error during answer generation: Client error '400 Bad Request' for url 'http://localhost:8000/v1/chat/completions' For more information chec...

[2026-08-30T22:35:11.255326] [SUCCESS] Query #53: "What is the minimum speed from which an AEB Pedestrian system must operate in th"
  ├─ Rephrased: "minimum speed AEB Pedestrian CPNA-75"
  ├─ Retrieved Chunks (10): ['c000186', 'c000147', 'c000178', 'c000183', 'c000134', 'c000182']
  ├─ ReAct Steps: 0 | Latency: 2.02s (Retrieval: 0.31s | Gen: 1.72s)
  └─ Answer Preview: 10 km/h...

[2026-08-30T22:35:11.255676] [SUCCESS] Query #54: "In the CCCscp obstructed scenario, what is the gap distance between parked obscu"
  ├─ Rephrased: "CCCscp parked obscuration vehicles gap distance"
  ├─ Retrieved Chunks (10): ['c000103', 'c000109', 'c000052', 'c000394', 'c000010', 'c000104']
  ├─ ReAct Steps: 0 | Latency: 2.57s (Retrieval: 0.26s | Gen: 2.31s)
  └─ Answer Preview: The gap distance between the parked obscuration vehicles is 1m....

[2026-08-30T22:35:11.255908] [SUCCESS] Query #51: "What is the Time Headway used for Car-to-Car Rear Braking (CCRb) scenarios?"
  ├─ Rephrased: "time headway CCRb"
  ├─ Retrieved Chunks (10): ['c000074', 'c000201', 'c000092', 'c000452', 'c000200', 'c000453']
  ├─ ReAct Steps: 0 | Latency: 6.15s (Retrieval: 3.57s | Gen: 2.58s)
  └─ Answer Preview: The Time Headway used for Car-to-Car Rear Braking (CCRb) scenarios is 1.0 second....

[2026-08-30T22:35:11.256131] [SUCCESS] Query #52: "What is the target deceleration used for Car-to-Car Rear Braking (CCRb) scenario"
  ├─ Rephrased: "target-deceleration CCRb"
  ├─ Retrieved Chunks (10): ['c000074', 'c000006', 'c000092', 'c000394', 'c000200', 'c000036']
  ├─ ReAct Steps: 0 | Latency: 2.29s (Retrieval: 0.25s | Gen: 2.04s)
  └─ Answer Preview: The target deceleration for Car-to-Car Rear Braking (CCRb) scenarios is -4 m/s²....

[2026-08-30T22:35:15.465335] [SUCCESS] Query #61: "How long is the stabilization phase following the target acceleration phase in c"
  ├─ Rephrased: "stabilization phase duration crossing scenarios target acceleration phase"
  ├─ Retrieved Chunks (10): ['c000103', 'c000109', 'c000048', 'c000044', 'c000114', 'c000059']
  ├─ ReAct Steps: 0 | Latency: 4.51s (Retrieval: 0.29s | Gen: 4.22s)
  └─ Answer Preview: The stabilization phase following the target acceleration phase in crossing scenarios is 0.5 seconds....

[2026-08-30T22:35:18.383068] [SUCCESS] Query #56: "What is the required VUT Time Error boundary condition for synchronization in th"
  ├─ Rephrased: "VUT CCCscp Time Error boundary condition"
  ├─ Retrieved Chunks (10): ['c000103', 'c000023', 'c000052', 'c000109', 'c000017', 'c000179']
  ├─ ReAct Steps: 0 | Latency: 6.56s (Retrieval: 0.27s | Gen: 6.28s)
  └─ Answer Preview: ±[0.1]s...

[2026-08-30T22:35:18.383396] [SUCCESS] Query #69: "At what specific speed is the Peak Braking Coefficient (PBC) measured using the "
  ├─ Rephrased: "astm reference tyre peak braking coefficient speed"
  ├─ Retrieved Chunks (10): ['c000250', 'c000006', 'c000008', 'c000012', 'c000251', 'c000103']
  ├─ ReAct Steps: 0 | Latency: 3.19s (Retrieval: 0.26s | Gen: 2.93s)
  └─ Answer Preview: 64.4 km/h...

[2026-08-30T22:35:18.383609] [SUCCESS] Query #57: "When must the direction indicator be applied before T_steer in the CCFtap scenar"
  ├─ Rephrased: "When must the direction indicator be applied before T_steer in CCFtap"
  ├─ Retrieved Chunks (10): ['c000012', 'c000051', 'c000053', 'c000272', 'c000008', 'c000094']
  ├─ ReAct Steps: 0 | Latency: 4.68s (Retrieval: 0.35s | Gen: 4.33s)
  └─ Answer Preview: The direction indicator must be applied at 1.0s ± 0.5s before T_steer....

[2026-08-30T22:35:18.383811] [SUCCESS] Query #63: "What impact speed tolerance is applied to the verification tests?"
  ├─ Rephrased: "Impact speed tolerance in verification tests"
  ├─ Retrieved Chunks (10): ['c000176', 'c000323', 'c000350', 'c000305', 'c000178', 'c000314']
  ├─ ReAct Steps: 0 | Latency: 4.93s (Retrieval: 0.24s | Gen: 4.69s)
  └─ Answer Preview: A 2 km/h tolerance is applied to the impact speeds of the verification test, with the tolerance applied in both directions....

[2026-08-30T22:35:18.384013] [SUCCESS] Query #67: "What vehicle category should the larger obstruction vehicle be according to the "
  ├─ Rephrased: "Frontal Collisions larger obstruction vehicle"
  ├─ Retrieved Chunks (10): ['c000114', 'c000115', 'c000225', 'c000141', 'c000192', 'c000046']
  ├─ ReAct Steps: 0 | Latency: 3.75s (Retrieval: 0.54s | Gen: 3.21s)
  └─ Answer Preview: The larger obstruction vehicle should be categorized as a "Vehicle Cat.: N1" according to the Frontal Collisions protocol....

[2026-08-30T22:35:18.384211] [SUCCESS] Query #65: "For the AEB CCRs scenario, up to what maximum test speed must full avoidance be "
  ├─ Rephrased: "maximum test speed for AEB CCRs"
  ├─ Retrieved Chunks (10): ['c000212', 'c000183', 'c000186', 'c000178', 'c000182', 'c000009']
  ├─ ReAct Steps: 0 | Latency: 6.84s (Retrieval: 0.27s | Gen: 6.57s)
  └─ Answer Preview: Full avoidance must be achieved for test speeds up to and including 20 km/h for all impact locations within the Standard Range, which is ver...

[2026-08-30T22:35:18.384408] [SUCCESS] Query #62: "At what TTC must steady-state conditions be met for the GVT in the CCCscp scenar"
  ├─ Rephrased: "steady-state conditions GVT CCCscp TTC"
  ├─ Retrieved Chunks (10): ['c000052', 'c000103', 'c000324', 'c000212', 'c000109', 'c000220']
  ├─ ReAct Steps: 0 | Latency: 4.32s (Retrieval: 0.28s | Gen: 4.05s)
  └─ Answer Preview: Steady-state conditions must be met as soon as the GVT has arrived in the field of vision of the VUT, corresponding to [3.5]s TTC....

[2026-08-30T22:35:18.384597] [SUCCESS] Query #60: "What maximum brake level is applied by the braking robot during an FCW test?"
  ├─ Rephrased: "maximum brake level braking robot applied FCW test"
  ├─ Retrieved Chunks (10): ['c000183', 'c000184', 'c000178', 'c000007', 'c000049', 'c000186']
  ├─ ReAct Steps: 0 | Latency: 5.21s (Retrieval: 0.27s | Gen: 4.94s)
  └─ Answer Preview: The maximum brake level applied by the braking robot during an FCW test is $-4\text{ m/s}^2$ - $0.50\text{ m/s}^2$....

[2026-08-30T22:35:18.384781] [SUCCESS] Query #68: "According to the Lane Departure protocol, what ASTM method is used to measure th"
  ├─ Rephrased: "Lane Departure protocol, ASTM method for Peak Braking Coefficient (PBC)"
  ├─ Retrieved Chunks (10): ['c000250', 'c000006', 'c000251', 'c000270', 'c000008', 'c000049']
  ├─ ReAct Steps: 0 | Latency: 6.27s (Retrieval: 0.37s | Gen: 5.91s)
  └─ Answer Preview: The Peak Braking Coefficient (PBC) is measured using the American Society for Testing and Materials (ASTM) E1136-10 (2010) standard referenc...

[2026-08-30T22:35:19.851970] [SUCCESS] Query #71: "What does LKA stand for in the Lane Departure protocol?"
  ├─ Rephrased: "Lane Keeping Assist (LKA)"
  ├─ Retrieved Chunks (10): ['c000396', 'c000250', 'c000470', 'c000426', 'c000327', 'c000454']
  ├─ ReAct Steps: 0 | Latency: 4.23s (Retrieval: 2.70s | Gen: 1.53s)
  └─ Answer Preview: Lane Keeping Assist (LKA) stands for the heading correction that is applied automatically by the vehicle in response to the detection of the...

[2026-08-30T22:35:21.887305] [SUCCESS] Query #64: "If the relative impact speed reduction is evaluated to be within the red colour "
  ├─ Rephrased: "relative impact speed reduction red band"
  ├─ Retrieved Chunks (10): ['c000188', 'c000201', 'c000200', 'c000199', 'c000010', 'c000148']
  ├─ ReAct Steps: 0 | Latency: 11.20s (Retrieval: 0.25s | Gen: 10.94s)
  └─ Answer Preview: Error during answer generation: Client error '400 Bad Request' for url 'http://localhost:8000/v1/chat/completions' For more information chec...

[2026-08-30T22:35:21.889571] [SUCCESS] Query #55: "What is the starting point (T0) relative to Time To Collision for most Frontal C"
  ├─ Rephrased: "T0 relative Time To Collision Frontal Collision test scenarios"
  ├─ Retrieved Chunks (10): ['c000192', 'c000009', 'c000251', 'c000010', 'c000394', 'c000327']
  ├─ ReAct Steps: 0 | Latency: 12.12s (Retrieval: 0.91s | Gen: 11.21s)
  └─ Answer Preview: Error during answer generation: Client error '400 Bad Request' for url 'http://localhost:8000/v1/chat/completions' For more information chec...

[2026-08-30T22:35:21.891696] [SUCCESS] Query #66: "What vehicle category should the smaller obstruction vehicle be according to the"
  ├─ Rephrased: "smaller obstruction vehicle Frontal Collisions protocol"
  ├─ Retrieved Chunks (10): ['c000394', 'c000006', 'c000251', 'c000144', 'c000141', 'c000022']
  ├─ ReAct Steps: 0 | Latency: 10.64s (Retrieval: 0.27s | Gen: 10.36s)
  └─ Answer Preview: Error during answer generation: Client error '400 Bad Request' for url 'http://localhost:8000/v1/chat/completions' For more information chec...

[2026-08-30T22:35:21.894333] [SUCCESS] Query #70: "What does ELK stand for in the Lane Departure protocol?"
  ├─ Rephrased: "ELK stands for Emergency Lane Keeping in the Lane Departure protocol."
  ├─ Retrieved Chunks (10): ['c000251', 'c000250', 'c000454', 'c000458', 'c000470', 'c000394']
  ├─ ReAct Steps: 0 | Latency: 9.41s (Retrieval: 0.34s | Gen: 9.07s)
  └─ Answer Preview: Error during answer generation: Client error '400 Bad Request' for url 'http://localhost:8000/v1/chat/completions' For more information chec...

[2026-08-30T22:35:21.896549] [SUCCESS] Query #58: "What is the maximum allowed VUT lateral deviation tolerance for CPTA and CBTA sc"
  ├─ Rephrased: "maximum allowed VUT lateral deviation tolerance CPTA CBTA"
  ├─ Retrieved Chunks (10): ['c000197', 'c000200', 'c000199', 'c000180', 'c000220', 'c000201']
  ├─ ReAct Steps: 0 | Latency: 9.06s (Retrieval: 0.32s | Gen: 8.74s)
  └─ Answer Preview: Error during answer generation: Client error '400 Bad Request' for url 'http://localhost:8000/v1/chat/completions' For more information chec...

[2026-08-30T22:35:21.899112] [SUCCESS] Query #59: "What is the default delay time for the braking robot reacting to an FCW to accou"
  ├─ Rephrased: "default delay time braking robot FCW driver reaction"
  ├─ Retrieved Chunks (10): ['c000394', 'c000053', 'c000144', 'c000251', 'c000008', 'c000186']
  ├─ ReAct Steps: 0 | Latency: 7.55s (Retrieval: 0.28s | Gen: 7.27s)
  └─ Answer Preview: Error during answer generation: Client error '400 Bad Request' for url 'http://localhost:8000/v1/chat/completions' For more information chec...

[2026-08-30T22:35:25.049817] [SUCCESS] Query #76: "What is the minimum length of lane marking that must remain ahead of the vehicle"
  ├─ Rephrased: "Minimum length lane marking remaining ahead after Lane Departure test"
  ├─ Retrieved Chunks (10): ['c000271', 'c000302', 'c000310', 'c000290', 'c000305', 'c000330']
  ├─ ReAct Steps: 0 | Latency: 5.20s (Retrieval: 0.30s | Gen: 4.90s)
  └─ Answer Preview: 20m...

[2026-08-30T22:35:25.050154] [SUCCESS] Query #78: "At what speed must the vehicle drive during the sinusoidal tyre conditioning pas"
  ├─ Rephrased: "Sinusoidal tyre conditioning speed"
  ├─ Retrieved Chunks (10): ['c000178', 'c000054', 'c000321', 'c000320', 'c000007', 'c000009']
  ├─ ReAct Steps: 0 | Latency: 4.89s (Retrieval: 0.24s | Gen: 4.65s)
  └─ Answer Preview: 56km/h...

[2026-08-30T22:35:25.050375] [SUCCESS] Query #77: "During tyre conditioning, what is the exact diameter of the circle the vehicle m"
  ├─ Rephrased: "Tyre conditioning circle diameter"
  ├─ Retrieved Chunks (10): ['c000054', 'c000321', 'c000178', 'c000275', 'c000183', 'c000007']
  ├─ ReAct Steps: 0 | Latency: 4.27s (Retrieval: 0.23s | Gen: 4.04s)
  └─ Answer Preview: 30m...

[2026-08-30T22:35:25.050582] [SUCCESS] Query #79: "What frequency is used for the sinusoidal steering input during tyre conditionin"
  ├─ Rephrased: "sinusoidal steering input frequency tyre conditioning"
  ├─ Retrieved Chunks (10): ['c000321', 'c000178', 'c000269', 'c000054', 'c000007', 'c000426']
  ├─ ReAct Steps: 0 | Latency: 5.47s (Retrieval: 0.26s | Gen: 5.21s)
  └─ Answer Preview: The sinusoidal steering input has a frequency of 1Hz....

[2026-08-30T22:35:25.050782] [SUCCESS] Query #73: "What is the required measurement accuracy for the VUT heading angle in Lane Depa"
  ├─ Rephrased: "required measurement accuracy VUT heading angle Lane Departure tests"
  ├─ Retrieved Chunks (10): ['c000330', 'c000286', 'c000268', 'c000291', 'c000284', 'c000305']
  ├─ ReAct Steps: 0 | Latency: 5.79s (Retrieval: 0.31s | Gen: 5.48s)
  └─ Answer Preview: The required measurement accuracy for the VUT heading angle in Lane Departure tests is 0.1°....

[2026-08-30T22:35:25.051021] [SUCCESS] Query #80: "How many runs must be performed for a system check before actual Lane Departure "
  ├─ Rephrased: "System check runs before Lane Departure testing"
  ├─ Retrieved Chunks (10): ['c000322', 'c000329', 'c000330', 'c000053', 'c000342', 'c000273']
  ├─ ReAct Steps: 0 | Latency: 3.71s (Retrieval: 0.26s | Gen: 3.44s)
  └─ Answer Preview: Before actual Lane Departure testing begins, a maximum of ten runs must be performed for a system check....

[2026-08-30T22:35:25.051315] [SUCCESS] Query #81: "What is the specific limit value for DTLE in Lane Departure - ELK Road Edge test"
  ├─ Rephrased: "specific limit value for DTLE in Lane Departure - ELK Road Edge tests"
  ├─ Retrieved Chunks (10): ['c000342', 'c000291', 'c000290', 'c000343', 'c000252', 'c000250']
  ├─ ReAct Steps: 0 | Latency: 4.64s (Retrieval: 0.35s | Gen: 4.28s)
  └─ Answer Preview: The limit value for DTLE in Lane Departure - ELK Road Edge tests is set to -0.1m....

[2026-08-30T22:35:25.051575] [SUCCESS] Query #75: "What distance must exist between the inner edge of the lane marking and the road"
  ├─ Rephrased: "Lane marking inner edge to road edge distance"
  ├─ Retrieved Chunks (10): ['c000271', 'c000290', 'c000252', 'c000302', 'c000383', 'c000342']
  ├─ ReAct Steps: 0 | Latency: 3.98s (Retrieval: 0.26s | Gen: 3.72s)
  └─ Answer Preview: The inner edge of the lane marking must be at 0.20 to 0.30m from the road edge....

[2026-08-30T22:35:25.051819] [SUCCESS] Query #74: "What is the specified test lane width when measured from the inside edge of the "
  ├─ Rephrased: "Inside edge lane marking width"
  ├─ Retrieved Chunks (10): ['c000271', 'c000290', 'c000350', 'c000305', 'c000302', 'c000383']
  ├─ ReAct Steps: 0 | Latency: 3.43s (Retrieval: 0.23s | Gen: 3.20s)
  └─ Answer Preview: The test lane width is 3.5 to 3.7 meters when measured from the inside edge of the lane marking....

[2026-08-30T22:35:25.052070] [SUCCESS] Query #72: "What does DTLE stand for in the Lane Departure protocol?"
  ├─ Rephrased: "DTLE stands for Distance To Lane Edge in the Lane Departure protocol."
  ├─ Retrieved Chunks (10): ['c000327', 'c000251', 'c000342', 'c000291', 'c000290', 'c000305']
  ├─ ReAct Steps: 0 | Latency: 6.58s (Retrieval: 0.77s | Gen: 5.81s)
  └─ Answer Preview: DTLE stands for the limit value for DTLE in Lane Departure – ELK Road Edge tests, set to -0.1m, meaning the vehicle is only allowed to have ...

[2026-08-30T22:35:29.910630] [SUCCESS] Query #82: "At what lateral speed must the Continuous Intervention Driveability testing be c"
  ├─ Rephrased: "Continuous Intervention Driveability testing lateral speed"
  ├─ Retrieved Chunks (10): ['c000282', 'c000336', 'c000284', 'c000338', 'c000279', 'c000285']
  ├─ ReAct Steps: 0 | Latency: 7.81s (Retrieval: 2.03s | Gen: 5.77s)
  └─ Answer Preview: The Continuous Intervention Driveability testing must be conducted at a lateral speed of 0.5 m/s....

[2026-08-30T22:35:30.583445] [SUCCESS] Query #84: "For steering response tests >=70km/h at a lateral speed of 0.2m/s, what is the m"
  ├─ Rephrased: "steering response tests >=70km/h lateral speed 0.2m/s maximum allowed steering wheel veloc"
  ├─ Retrieved Chunks (10): ['c000336', 'c000283', 'c000286', 'c000268', 'c000330', 'c000284']
  ├─ ReAct Steps: 0 | Latency: 6.43s (Retrieval: 0.43s | Gen: 6.00s)
  └─ Answer Preview: ± 20 °/sec...

[2026-08-30T22:35:30.584462] [SUCCESS] Query #86: "What lateral velocity range is used for unintentional lane changes in the ELK Ca"
  ├─ Rephrased: "What lateral velocity range is used for unintentional lane changes in the ELK Car-to-Car O"
  ├─ Retrieved Chunks (10): ['c000298', 'c000252', 'c000327', 'c000343', 'c000342', 'c000330']
  ├─ ReAct Steps: 0 | Latency: 5.99s (Retrieval: 0.45s | Gen: 5.55s)
  └─ Answer Preview: 0.3 to 0.6 m/s...

[2026-08-30T22:35:30.585026] [SUCCESS] Query #83: "What is the maximum allowed overriding torque during an active lane support syst"
  ├─ Rephrased: "maximum allowed overriding torque during active lane support system intervention Driveabil"
  ├─ Retrieved Chunks (10): ['c000336', 'c000337', 'c000279', 'c000426', 'c000339', 'c000341']
  ├─ ReAct Steps: 0 | Latency: 5.53s (Retrieval: 0.29s | Gen: 5.24s)
  └─ Answer Preview: The maximum allowed overriding torque during an active lane support system intervention to satisfy the Driveability requirement is 3.0Nm + 0...

[2026-08-30T22:35:33.378603] [SUCCESS] Query #89: "In the ELK Car-to-Motorcyclist Oncoming scenario, what is the lateral distance o"
  ├─ Rephrased: "ELK Car-to-Motorcyclist Oncoming scenario lateral distance inner centre dashed lane markin"
  ├─ Retrieved Chunks (10): ['c000305', 'c000310', 'c000297', 'c000302', 'c000327', 'c000383']
  ├─ ReAct Steps: 0 | Latency: 7.21s (Retrieval: 0.38s | Gen: 6.83s)
  └─ Answer Preview: 1m...

[2026-08-30T22:35:33.378924] [SUCCESS] Query #88: "In the ELK Car-to-Car Oncoming scenario, what is the lateral distance of the tar"
  ├─ Rephrased: "ELK Car-to-Car Oncoming scenario lateral distance inner centre dashed lane marking"
  ├─ Retrieved Chunks (10): ['c000305', 'c000297', 'c000310', 'c000302', 'c000327', 'c000383']
  ├─ ReAct Steps: 0 | Latency: 7.58s (Retrieval: 0.36s | Gen: 7.22s)
  └─ Answer Preview: 1.5m...

[2026-08-30T22:35:33.379144] [SUCCESS] Query #85: "For steering response tests >=70km/h at a lateral speed of 0.6m/s, what is the m"
  ├─ Rephrased: "steering response tests >=70km/h lateral speed 0.6m/s maximum allowed steering wheel veloc"
  ├─ Retrieved Chunks (10): ['c000336', 'c000283', 'c000330', 'c000286', 'c000268', 'c000284']
  ├─ ReAct Steps: 0 | Latency: 8.02s (Retrieval: 0.43s | Gen: 7.59s)
  └─ Answer Preview: ± 40 °/sec...

[2026-08-30T22:35:33.379348] [SUCCESS] Query #96: "How many maximum points are available specifically for the Driveability assessme"
  ├─ Rephrased: "Driveability maximum points Single Vehicle tests"
  ├─ Retrieved Chunks (10): ['c000335', 'c000279', 'c000280', 'c000163', 'c000178', 'c000281']
  ├─ ReAct Steps: 0 | Latency: 5.30s (Retrieval: 0.25s | Gen: 5.05s)
  └─ Answer Preview: 2...

[2026-08-30T22:35:33.379548] [SUCCESS] Query #94: "How many points are awarded for a PASS (Avoidance) in the ELK Car & PTW Standard"
  ├─ Rephrased: "How many points are awarded for a PASS in the ELK Car & PTW Standard Range tests"
  ├─ Retrieved Chunks (10): ['c000185', 'c000168', 'c000305', 'c000290', 'c000317', 'c000067']
  ├─ ReAct Steps: 0 | Latency: 5.04s (Retrieval: 0.62s | Gen: 4.42s)
  └─ Answer Preview: 5...

[2026-08-30T22:35:33.379739] [SUCCESS] Query #87: "What lateral velocity range is used for intentional lane changes in the ELK Car-"
  ├─ Rephrased: "What lateral velocity range is used for intentional lane changes in the ELK Car-to-Car Ove"
  ├─ Retrieved Chunks (10): ['c000298', 'c000252', 'c000302', 'c000310', 'c000305', 'c000327']
  ├─ ReAct Steps: 0 | Latency: 6.82s (Retrieval: 0.43s | Gen: 6.39s)
  └─ Answer Preview: 0.5 to 0.7 m/s...

[2026-08-30T22:35:33.379934] [SUCCESS] Query #93: "At what specific TTC is an ELK test assumed to have failed if no system interven"
  ├─ Rephrased: "ELK test failed at 1.5s TTC"
  ├─ Retrieved Chunks (10): ['c000327', 'c000305', 'c000290', 'c000328', 'c000319', 'c000310']
  ├─ ReAct Steps: 0 | Latency: 3.92s (Retrieval: 0.44s | Gen: 3.48s)
  └─ Answer Preview: 0.8s...

[2026-08-30T22:35:33.380131] [SUCCESS] Query #97: "How many maximum points are available specifically for the Driver State Link ass"
  ├─ Rephrased: "Driver State Link, Single Vehicle, maximum points"
  ├─ Retrieved Chunks (10): ['c000279', 'c000341', 'c000288', 'c000339', 'c000167', 'c000163']
  ├─ ReAct Steps: 0 | Latency: 3.47s (Retrieval: 0.66s | Gen: 2.81s)
  └─ Answer Preview: The maximum points available specifically for the Driver State Link assessment within the Single Vehicle tests are 3....

[2026-08-30T22:35:33.380318] [SUCCESS] Query #95: "What percentage of the total available score in the Standard Range must be achie"
  ├─ Rephrased: "Extended Range scoring eligibility requires achieving a percentage of the total available "
  ├─ Retrieved Chunks (10): ['c000354', 'c000213', 'c000351', 'c000208', 'c000209', 'c000357']
  ├─ ReAct Steps: 0 | Latency: 5.69s (Retrieval: 0.38s | Gen: 5.31s)
  └─ Answer Preview: ≥50% of the total available score in the Standard Range must be achieved to be eligible for Extended Range scoring....

[2026-08-30T22:35:33.380518] [SUCCESS] Query #92: "What is the minimum required lateral separation between the VUT and the EMT to a"
  ├─ Rephrased: "minimum required lateral separation VUT EMT to avoid failing ELK test"
  ├─ Retrieved Chunks (10): ['c000327', 'c000344', 'c000305', 'c000310', 'c000183', 'c000314']
  ├─ ReAct Steps: 0 | Latency: 6.38s (Retrieval: 0.33s | Gen: 6.05s)
  └─ Answer Preview: The minimum required lateral separation between the VUT and the EMT to avoid failing the ELK test is 0.3 meters....

[2026-08-30T22:35:33.380703] [SUCCESS] Query #90: "What is the synchronized impact location for the ELK Car-to-Car Oncoming scenari"
  ├─ Rephrased: "synchronized impact location elk car-to-car oncoming"
  ├─ Retrieved Chunks (10): ['c000297', 'c000305', 'c000310', 'c000344', 'c000302', 'c000029']
  ├─ ReAct Steps: 0 | Latency: 4.41s (Retrieval: 0.48s | Gen: 3.93s)
  └─ Answer Preview: The synchronized impact location for the ELK Car-to-Car Oncoming scenario is 90% of the impact location....

[2026-08-30T22:35:33.380886] [SUCCESS] Query #91: "What is the synchronized impact location for the ELK Car-to-Motorcyclist Oncomin"
  ├─ Rephrased: "synchronized impact location elk car-to-motorcyclist oncoming"
  ├─ Retrieved Chunks (10): ['c000305', 'c000310', 'c000297', 'c000344', 'c000302', 'c000314']
  ├─ ReAct Steps: 0 | Latency: 6.04s (Retrieval: 0.34s | Gen: 5.70s)
  └─ Answer Preview: The synchronized impact location for the ELK Car-to-Motorcyclist Oncoming scenario is 110% of the impact location (assuming no system reacti...

[2026-08-30T22:35:33.893426] [SUCCESS] Query #99: "What does BSM stand for in the Lane Departure protocol?"
  ├─ Rephrased: "Lane Departure (BSM)"
  ├─ Retrieved Chunks (10): ['c000355', 'c000295', 'c000247', 'c000244', 'c000352', 'c000292']
  ├─ ReAct Steps: 0 | Latency: 1.06s (Retrieval: 0.24s | Gen: 0.82s)
  └─ Answer Preview: BSM stands for "Brake System Monitoring."...

[2026-08-30T22:35:34.160976] [SUCCESS] Query #98: "How quickly must the Lane Support sensitivity revert to its nominal setting afte"
  ├─ Rephrased: "Lane Support sensitivity revert speed to nominal setting after Driver Status Monitoring de"
  ├─ Retrieved Chunks (10): ['c000339', 'c000340', 'c000288', 'c000341', 'c000219', 'c000279']
  ├─ ReAct Steps: 0 | Latency: 3.46s (Retrieval: 2.12s | Gen: 1.34s)
  └─ Answer Preview: The Lane Support sensitivity must revert to its nominal setting within < 1 second after the DSM detects its performance is degraded, or the ...

[2026-08-30T22:35:34.252070] [SUCCESS] Query #100: "How is a Driver Intention Monitoring system defined in the Lane Departure protoc"
  ├─ Rephrased: "Driver Intention Monitoring in Lane Departure protocol"
  ├─ Retrieved Chunks (10): ['c000251', 'c000279', 'c000340', 'c000288', 'c000333', 'c000339']
  ├─ ReAct Steps: 0 | Latency: 1.16s (Retrieval: 0.28s | Gen: 0.88s)
  └─ Answer Preview: A Driver Intention Monitoring (DIM) system is defined as a functionality that allows tests for Driveability – Overriding Torque and Continuo...

