[2026-09-04T11:31:31.571997] [SUCCESS] Query #1: "What does VUT stand for in the Assisted Driving protocol?"
  ├─ Rephrased: "VUT Assisted Driving"
  ├─ MoE Retrieved Chunks (10): ['c000391', 'c000418', 'c000423', 'c000448', 'c000450', 'c000449']
  ├─ ReAct Steps: 0 | Latency: 15.83s (Retrieval: 1.71s | Gen: 14.13s)
  └─ Answer Preview: VUT stands for Vehicle Under Test....

[2026-09-04T11:31:34.575520] [SUCCESS] Query #2: "What does GVT stand for in the Assisted Driving protocol?"
  ├─ Rephrased: "GVT Assisted Driving"
  ├─ MoE Retrieved Chunks (10): ['c000418', 'c000401', 'c000393', 'c000263', 'c000423', 'c000391']
  ├─ ReAct Steps: 0 | Latency: 17.11s (Retrieval: 1.94s | Gen: 15.18s)
  └─ Answer Preview: GVT stands for Global Vehicle Target....

[2026-09-04T11:31:34.575839] [SUCCESS] Query #3: "In the Assisted Driving Cut-out test, what does SOV stand for?"
  ├─ Rephrased: "In the Assisted Driving Cut-out test, what does SOV stand for?"
  ├─ MoE Retrieved Chunks (10): ['c000467', 'c000466', 'c000463', 'c000438', 'c000462', 'c000437']
  ├─ ReAct Steps: 0 | Latency: 15.17s (Retrieval: 3.71s | Gen: 11.46s)
  └─ Answer Preview: SOV stands for Secondary Other Vehicle....

[2026-09-04T11:31:34.576041] [SUCCESS] Query #4: "What is the definition of the Speed Limit Information Function (SLIF)?"
  ├─ Rephrased: "speed limit information function (slif)"
  ├─ MoE Retrieved Chunks (10): ['c000475', 'c000395', 'c000434', 'c000435', 'c000432', 'c000410']
  ├─ ReAct Steps: 0 | Latency: 11.45s (Retrieval: 2.06s | Gen: 9.39s)
  └─ Answer Preview: The Speed Limit Information Function (SLIF) is a function with which the vehicle knows and communicates the speed limit....

[2026-09-04T11:31:34.576233] [SUCCESS] Query #6: "What is the minimum design maximum speed for a Real Motorcycle target used in Bl"
  ├─ Rephrased: "Real Motorcycle Blind-Spot Monitoring Tests minimum design maximum speed"
  ├─ MoE Retrieved Chunks (10): ['c000251', 'c000395', 'c000007', 'c000345', 'c000279', 'c000049']
  ├─ ReAct Steps: 0 | Latency: 7.04s (Retrieval: 3.11s | Gen: 3.93s)
  └─ Answer Preview: The minimum design maximum speed for a Real Motorcycle target used in Blind-Spot Monitoring Tests is at least 80km/h by design....

[2026-09-04T11:31:42.547461] [SUCCESS] Query #7: "What is the grading requirement to achieve a "VERY GOOD" score in the Highway an"
  ├─ Rephrased: "Highway and Interurban Assist Systems grading requirement VERY GOOD"
  ├─ MoE Retrieved Chunks (10): ['c000403', 'c000392', 'c000390', 'c000401', 'c000441', 'c000393']
  ├─ ReAct Steps: 0 | Latency: 10.97s (Retrieval: 2.98s | Gen: 7.99s)
  └─ Answer Preview: ≥ 160 points (≥ 80%)...

[2026-09-04T11:31:45.772798] [SUCCESS] Query #8: "How many points are awarded if a system name contains the word "assistant", "ass"
  ├─ Rephrased: "points awarded system name contains assistant assistance assist"
  ├─ MoE Retrieved Chunks (10): ['c000406', 'c000409', 'c000413', 'c000442', 'c000405', 'c000408']
  ├─ ReAct Steps: 0 | Latency: 11.19s (Retrieval: 2.22s | Gen: 8.97s)
  └─ Answer Preview: 10 points...

[2026-09-04T11:31:45.773113] [SUCCESS] Query #10: "How many points are awarded if the marketing material correctly describes the sy"
  ├─ Rephrased: "Marketing material description points VUT"
  ├─ MoE Retrieved Chunks (10): ['c000407', 'c000450', 'c000405', 'c000448', 'c000447', 'c000470']
  ├─ ReAct Steps: 0 | Latency: 7.27s (Retrieval: 1.80s | Gen: 5.47s)
  └─ Answer Preview: 5 points are awarded if the marketing material correctly describes the system functionality....

[2026-09-04T11:31:45.773313] [SUCCESS] Query #9: "What words are strictly forbidden from being used in a system name under the Ass"
  ├─ Rephrased: "assisted driving protocol prohibited words"
  ├─ MoE Retrieved Chunks (10): ['c000388', 'c000401', 'c000418', 'c000420', 'c000390', 'c000442']
  ├─ ReAct Steps: 0 | Latency: 8.96s (Retrieval: 1.68s | Gen: 7.28s)
  └─ Answer Preview: The following words are strictly forbidden from being used in a system name under the Assisted Driving protocol: auto, automatic, automated,...

[2026-09-04T11:31:53.297098] [SUCCESS] Query #5: "How is Intelligent Adaptive Cruise Control (iACC) defined?"
  ├─ Rephrased: "Intelligent Adaptive Cruise Control (iACC) definition"
  ├─ MoE Retrieved Chunks (10): ['c000395', 'c000432', 'c000436', 'c000442', 'c000406', 'c000431']
  ├─ ReAct Steps: 0 | Latency: 28.10s (Retrieval: 2.33s | Gen: 25.77s)
  └─ Answer Preview: Error during answer generation: Client error '400 Bad Request' for url 'http://localhost:8000/v1/chat/completions' For more information chec...

[2026-09-04T11:31:53.297455] [SUCCESS] Query #12: "What specific color must be used on the Continuous System Status Indicator to de"
  ├─ Rephrased: "Assisted Mode Continuous System Status Indicator color"
  ├─ MoE Retrieved Chunks (10): ['c000412', 'c000410', 'c000404', 'c000411', 'c000413', 'c000444']
  ├─ ReAct Steps: 0 | Latency: 10.75s (Retrieval: 3.20s | Gen: 7.55s)
  └─ Answer Preview: The green color must be used on the Continuous System Status Indicator to denote Assisted Mode....

[2026-09-04T11:31:59.083721] [SUCCESS] Query #14: "How many points are awarded for a system that robustly detects if the driver's h"
  ├─ Rephrased: "Assisted Mode steering wheel detection points"
  ├─ MoE Retrieved Chunks (10): ['c000416', 'c000451', 'c000418', 'c000420', 'c000454', 'c000423']
  ├─ ReAct Steps: 0 | Latency: 10.34s (Retrieval: 1.93s | Gen: 8.41s)
  └─ Answer Preview: 5 points....

[2026-09-04T11:31:59.084056] [SUCCESS] Query #13: "What is the recommended decibel range for an additional acoustic indication duri"
  ├─ Rephrased: "recommended decibel range additional acoustic indication system status change"
  ├─ MoE Retrieved Chunks (10): ['c000413', 'c000410', 'c000414', 'c000411', 'c000412', 'c000444']
  ├─ ReAct Steps: 0 | Latency: 13.31s (Retrieval: 2.95s | Gen: 10.35s)
  └─ Answer Preview: 50 to 90 dB....

[2026-09-04T11:31:59.084283] [SUCCESS] Query #15: "How soon must Assisted Mode be deactivated if the Driver State Monitoring system"
  ├─ Rephrased: "Assisted Mode deactivation timing Driver State Monitoring unavailable complete blockage"
  ├─ MoE Retrieved Chunks (10): ['c000418', 'c000416', 'c000419', 'c000397', 'c000420', 'c000423']
  ├─ ReAct Steps: 0 | Latency: 8.40s (Retrieval: 2.60s | Gen: 5.81s)
  └─ Answer Preview: No later than 10 seconds from the point the DSM becomes unavailable due to a complete blockage....

[2026-09-04T11:32:07.057829] [SUCCESS] Query #16: "How many repetitive visual distraction instances lead to a controllable Assisted"
  ├─ Rephrased: "repetitive visual distraction instances leading to controllable Assisted Mode lock-out"
  ├─ MoE Retrieved Chunks (10): ['c000423', 'c000418', 'c000419', 'c000417', 'c000415', 'c000416']
  ├─ ReAct Steps: 0 | Latency: 13.76s (Retrieval: 3.45s | Gen: 10.31s)
  └─ Answer Preview: 3...

[2026-09-04T11:32:07.058172] [SUCCESS] Query #17: "What is the maximum time window within which repetitive distractions will trigge"
  ├─ Rephrased: "Assisted Mode lock-out time window repetitive distractions"
  ├─ MoE Retrieved Chunks (10): ['c000423', 'c000418', 'c000415', 'c000416', 'c000417', 'c000419']
  ├─ ReAct Steps: 0 | Latency: 10.30s (Retrieval: 2.32s | Gen: 7.99s)
  └─ Answer Preview: The maximum time window within which repetitive distractions will trigger an Assisted Mode lock-out is not greater than 30 minutes....

[2026-09-04T11:32:12.494024] [SUCCESS] Query #11: "What is the total point value available for the Continuous System Status Indicat"
  ├─ Rephrased: "Continuous System Status Indicator total points"
  ├─ MoE Retrieved Chunks (10): ['c000412', 'c000410', 'c000404', 'c000411', 'c000413', 'c000443']
  ├─ ReAct Steps: 0 | Latency: 32.18s (Retrieval: 2.22s | Gen: 29.96s)
  └─ Answer Preview: Error during answer generation: Client error '400 Bad Request' for url 'http://localhost:8000/v1/chat/completions' For more information chec...

[2026-09-04T11:32:12.494869] [SUCCESS] Query #20: "What is the target Distance To Lane Edge (DTLE) for the steering amplitude in th"
  ├─ Rephrased: "target DTLE for steering amplitude in Partial Lane Change Test"
  ├─ MoE Retrieved Chunks (10): ['c000428', 'c000426', 'c000427', 'c000470', 'c000449', 'c000081']
  ├─ ReAct Steps: 0 | Latency: 7.91s (Retrieval: 2.45s | Gen: 5.46s)
  └─ Answer Preview: -50±5 cm...

[2026-09-04T11:32:12.495079] [SUCCESS] Query #18: "What frequency is applied when steering the full sine wave during the Pothole Te"
  ├─ Rephrased: "full sine wave steering frequency Pothole Test"
  ├─ MoE Retrieved Chunks (10): ['c000427', 'c000426', 'c000425', 'c000470', 'c000428', 'c000429']
  ├─ ReAct Steps: 0 | Latency: 13.41s (Retrieval: 2.66s | Gen: 10.75s)
  └─ Answer Preview: The frequency applied when steering the full sine wave during the Pothole Test is 0.25Hz....

[2026-09-04T11:32:12.495280] [SUCCESS] Query #19: "What is the target Distance To Lane Edge (DTLE) for the steering amplitude in th"
  ├─ Rephrased: "target DTLE for steering amplitude in pothole test"
  ├─ MoE Retrieved Chunks (10): ['c000427', 'c000426', 'c000428', 'c000425', 'c000470', 'c000449']
  ├─ ReAct Steps: 0 | Latency: 10.74s (Retrieval: 2.82s | Gen: 7.92s)
  └─ Answer Preview: The target Distance To Lane Edge (DTLE) for the steering amplitude in the Pothole Test is -50 ±5 cm....

[2026-09-04T11:32:22.795745] [SUCCESS] Query #22: "How much time does a driver have to confirm an offered lower speed limit for it "
  ├─ Rephrased: "Lower speed limit confirmation time adopted"
  ├─ MoE Retrieved Chunks (10): ['c000475', 'c000434', 'c000435', 'c000432', 'c000395', 'c000449']
  ├─ ReAct Steps: 0 | Latency: 12.28s (Retrieval: 1.97s | Gen: 10.31s)
  └─ Answer Preview: The driver must give the confirmation action 1.5 seconds after the lower limit is offered for it to be considered adopted "in time."...

[2026-09-04T11:32:22.796080] [SUCCESS] Query #21: "How many points are awarded for override response if a vehicle has an absolute o"
  ├─ Rephrased: "absolute override torque <5Nm, override response points"
  ├─ MoE Retrieved Chunks (10): ['c000424', 'c000430', 'c000429', 'c000403', 'c000450', 'c000441']
  ├─ ReAct Steps: 0 | Latency: 15.74s (Retrieval: 3.44s | Gen: 12.29s)
  └─ Answer Preview: 20 points are awarded for the reaction of the system if the following conditions are met: the Lane Centering function provides continuous st...

[2026-09-04T11:32:27.870687] [SUCCESS] Query #23: "What Time To Collision (TTC) is used for the Cut-out tests to verify Safety Back"
  ├─ Rephrased: "Cut-out tests TTC safety backup"
  ├─ MoE Retrieved Chunks (10): ['c000467', 'c000466', 'c000463', 'c000461', 'c000438', 'c000462']
  ├─ ReAct Steps: 0 | Latency: 15.37s (Retrieval: 3.31s | Gen: 12.06s)
  └─ Answer Preview: The lead vehicle shall cut-out at a TTC of 2s instead of 3s as in ACC Performance....

[2026-09-04T11:32:27.871002] [SUCCESS] Query #25: "How long must a vehicle be driven with a blocked sensor before attempting an ass"
  ├─ Rephrased: "blocked sensor duration at start-up"
  ├─ MoE Retrieved Chunks (10): ['c000447', 'c000449', 'c000446', 'c000450', 'c000443', 'c000448']
  ├─ ReAct Steps: 0 | Latency: 9.10s (Retrieval: 1.92s | Gen: 7.18s)
  └─ Answer Preview: A vehicle must be driven for 2 minutes at the minimum speed to activate the assistance system before attempting an activation at start-up....

[2026-09-04T11:32:27.871200] [SUCCESS] Query #24: "What is the total maximum sub-points available for the Car-to-Car Rear Stationar"
  ├─ Rephrased: "total maximum sub-points CCRS ACC/AEB"
  ├─ MoE Retrieved Chunks (10): ['c000460', 'c000464', 'c000468', 'c000437', 'c000274', 'c000201']
  ├─ ReAct Steps: 0 | Latency: 12.05s (Retrieval: 2.95s | Gen: 9.11s)
  └─ Answer Preview: The total maximum sub-points available for the Car-to-Car Rear Stationary (CCRs) test in the ACC/AEB evaluation is 8....

[2026-09-04T11:32:27.871392] [SUCCESS] Query #26: "How many points are awarded to systems able to successfully provide a warning an"
  ├─ Rephrased: "Microsleep warning and intervention points"
  ├─ MoE Retrieved Chunks (10): ['c000452', 'c000451', 'c000419', 'c000453', 'c000398', 'c000454']
  ├─ ReAct Steps: 0 | Latency: 7.17s (Retrieval: 2.08s | Gen: 5.09s)
  └─ Answer Preview: 5 points are awarded to systems able to provide a visual + acoustic/haptic warning AND increase the ACC time headway (and/or other intervent...

[2026-09-04T11:32:41.191054] [SUCCESS] Query #28: "How many points are awarded if an unresponsive driver is detected by indirect se"
  ├─ Rephrased: "Indirect sensing prolonged steering inactivity unresponsive driver points"
  ├─ MoE Retrieved Chunks (10): ['c000454', 'c000451', 'c000398', 'c000457', 'c000455', 'c000416']
  ├─ ReAct Steps: 0 | Latency: 15.67s (Retrieval: 2.34s | Gen: 13.33s)
  └─ Answer Preview: 10 points are awarded when the detection is enabled by indirect inputs (e.g., prolonged steering inactivity)....

[2026-09-04T11:32:41.191389] [SUCCESS] Query #27: "How many points are awarded to systems able to successfully provide a warning an"
  ├─ Rephrased: "Sleep Detection Points"
  ├─ MoE Retrieved Chunks (10): ['c000453', 'c000451', 'c000452', 'c000454', 'c000398', 'c000420']
  ├─ ReAct Steps: 0 | Latency: 18.39s (Retrieval: 2.71s | Gen: 15.68s)
  └─ Answer Preview: 5 points are awarded for systems able to provide a visual + acoustic/haptic warning AND increase the ACC time headway (and/or other interven...

[2026-09-04T11:32:47.480541] [SUCCESS] Query #29: "How many bonus points are awarded for an advanced response that changes lanes to"
  ├─ Rephrased: "Emergency lane, unresponsive driver, bonus points, lane change, advanced response, CPFA"
  ├─ MoE Retrieved Chunks (10): ['c000454', 'c000451', 'c000396', 'c000410', 'c000398', 'c000452']
  ├─ ReAct Steps: 0 | Latency: 19.61s (Retrieval: 4.10s | Gen: 15.50s)
  └─ Answer Preview: 5 points...

[2026-09-04T11:32:47.480890] [SUCCESS] Query #30: "To score 5 points in the S-Bend test, an LKA intervention must prevent the vehic"
  ├─ Rephrased: "5-point S-Bend test LKA intervention threshold"
  ├─ MoE Retrieved Chunks (10): ['c000470', 'c000383', 'c000327', 'c000330', 'c000336', 'c000273']
  ├─ ReAct Steps: 0 | Latency: 15.49s (Retrieval: 3.09s | Gen: 12.40s)
  └─ Answer Preview: 0.4m...

[2026-09-04T11:32:47.481123] [SUCCESS] Query #31: "How many points are awarded for a successful Car-to-Car intentional lane change "
  ├─ Rephrased: "Car-to-Car intentional lane change test points Safety Backup LSS"
  ├─ MoE Retrieved Chunks (10): ['c000471', 'c000470', 'c000339', 'c000430', 'c000461', 'c000454']
  ├─ ReAct Steps: 0 | Latency: 12.39s (Retrieval: 2.98s | Gen: 9.42s)
  └─ Answer Preview: 2.5 points...

[2026-09-04T11:32:47.481366] [SUCCESS] Query #32: "By what maximum percentage can a long distraction warning timing threshold be re"
  ├─ Rephrased: "context-based vehicle response strategies,long distraction warning timing threshold,maximu"
  ├─ MoE Retrieved Chunks (10): ['c000419', 'c000452', 'c000250', 'c000397', 'c000418', 'c000453']
  ├─ ReAct Steps: 0 | Latency: 9.40s (Retrieval: 3.10s | Gen: 6.30s)
  └─ Answer Preview: 150%...

[2026-09-04T11:33:03.178014] [SUCCESS] Query #33: "What defines a Transient driver state?"
  ├─ Rephrased: "Transient driver state defines a driver's ability to respond to unexpected hazards in real"
  ├─ MoE Retrieved Chunks (10): ['c000398', 'c000341', 'c000397', 'c000451', 'c000452', 'c000339']
  ├─ ReAct Steps: 0 | Latency: 21.98s (Retrieval: 4.18s | Gen: 17.81s)
  └─ Answer Preview: A Transient driver state is a temporary episode of sleep after fatigue builds-up, which may last up to several seconds....

[2026-09-04T11:33:03.178395] [SUCCESS] Query #34: "What does PBC stand for in the Frontal Collisions protocol?"
  ├─ Rephrased: "PBC Frontal Collisions"
  ├─ MoE Retrieved Chunks (10): ['c000006', 'c000049', 'c000038', 'c000039', 'c000394', 'c000029']
  ├─ ReAct Steps: 0 | Latency: 17.80s (Retrieval: 2.09s | Gen: 15.71s)
  └─ Answer Preview: Peak Braking Coefficient (PBC) stands for the measure of tyre to road surface friction based on the maximum deceleration of a rolling tyre, ...

[2026-09-04T11:33:10.283090] [SUCCESS] Query #38: "What does CPFA stand for?"
  ├─ Rephrased: "CPFA car-to-pedestrian farside adult"
  ├─ MoE Retrieved Chunks (10): ['c000151', 'c000129', 'c000147', 'c000012', 'c000113', 'c000132']
  ├─ ReAct Steps: 0 | Latency: 10.09s (Retrieval: 2.98s | Gen: 7.12s)
  └─ Answer Preview: CPFA stands for Car-to-Pedestrian Crossing....

[2026-09-04T11:33:10.283498] [SUCCESS] Query #35: "Which ISO standard specifies the Euro NCAP Bicyclist Target (EBTa)?"
  ├─ Rephrased: "ISO 4501 specifies the Euro NCAP Bicyclist Target (EBTa)"
  ├─ MoE Retrieved Chunks (10): ['c000394', 'c000006', 'c000251', 'c000010', 'c000109', 'c000008']
  ├─ ReAct Steps: 0 | Latency: 22.80s (Retrieval: 4.91s | Gen: 17.88s)
  └─ Answer Preview: The Euro NCAP Bicyclist Target (EBTa) is specified in ISO 19206-4:2020....

[2026-09-04T11:33:10.283746] [SUCCESS] Query #36: "Which ISO standard specifies the Euro NCAP Pedestrian Target (EPTa)?"
  ├─ Rephrased: "ISO 14112 specifies the Euro NCAP Pedestrian Target (EPTa)"
  ├─ MoE Retrieved Chunks (10): ['c000394', 'c000006', 'c000251', 'c000038', 'c000262', 'c000010']
  ├─ ReAct Steps: 0 | Latency: 17.87s (Retrieval: 4.03s | Gen: 13.85s)
  └─ Answer Preview: The Euro NCAP Pedestrian Target (EPTa) is specified in ISO 19206-2:2018....

[2026-09-04T11:33:10.283963] [SUCCESS] Query #37: "How is Vehicle width defined in the Frontal Collisions protocol?"
  ├─ Rephrased: "Frontal Collisions Vehicle width widest point of the vehicle ignoring rear-view mirrors"
  ├─ MoE Retrieved Chunks (10): ['c000008', 'c000012', 'c000037', 'c000041', 'c000027', 'c000092']
  ├─ ReAct Steps: 0 | Latency: 13.84s (Retrieval: 3.73s | Gen: 10.11s)
  └─ Answer Preview: The vehicle width is defined as the widest point of the vehicle ignoring the rear-view mirrors, side marker lamps, tyre pressure indicators,...

[2026-09-04T11:33:19.350134] [SUCCESS] Query #40: "What is the required measurement accuracy for VUT and target speed?"
  ├─ Rephrased: "required measurement accuracy for VUT and target speed"
  ├─ MoE Retrieved Chunks (10): ['c000010', 'c000047', 'c000251', 'c000042', 'c000092', 'c000103']
  ├─ ReAct Steps: 0 | Latency: 11.60s (Retrieval: 2.53s | Gen: 9.08s)
  └─ Answer Preview: 0.1km/h...

[2026-09-04T11:33:19.350464] [SUCCESS] Query #39: "At what frequency must all dynamic data be sampled and recorded?"
  ├─ Rephrased: "All dynamic data must be sampled and recorded at 1000Hz"
  ├─ MoE Retrieved Chunks (10): ['c000264', 'c000268', 'c000284', 'c000020', 'c000047', 'c000277']
  ├─ ReAct Steps: 0 | Latency: 16.17s (Retrieval: 4.55s | Gen: 11.62s)
  └─ Answer Preview: All dynamic data must be sampled and recorded at a frequency of at least 100Hz....

[2026-09-04T11:33:24.760324] [SUCCESS] Query #42: "What is the maximum permitted longitudinal slope for the test track surface?"
  ├─ Rephrased: "max permitted longitudinal slope test track surface"
  ├─ MoE Retrieved Chunks (10): ['c000270', 'c000049', 'c000051', 'c000272', 'c000054', 'c000010']
  ├─ ReAct Steps: 0 | Latency: 11.38s (Retrieval: 1.93s | Gen: 9.44s)
  └─ Answer Preview: The maximum permitted longitudinal slope for the test track surface is ±1%....

[2026-09-04T11:33:24.760645] [SUCCESS] Query #43: "What is the maximum permitted lateral slope for the test track surface?"
  ├─ Rephrased: "maximum permitted lateral slope test track surface"
  ├─ MoE Retrieved Chunks (10): ['c000049', 'c000270', 'c000055', 'c000274', 'c000321', 'c000322']
  ├─ ReAct Steps: 0 | Latency: 9.43s (Retrieval: 1.93s | Gen: 7.50s)
  └─ Answer Preview: The maximum permitted lateral slope for the test track surface is ±3%....

[2026-09-04T11:33:24.760854] [SUCCESS] Query #44: "What is the minimal Peak Braking Coefficient (PBC) required for the test track s"
  ├─ Rephrased: "minimal PBC required for test track surface"
  ├─ MoE Retrieved Chunks (10): ['c000049', 'c000270', 'c000052', 'c000321', 'c000081', 'c000274']
  ├─ ReAct Steps: 0 | Latency: 7.49s (Retrieval: 2.07s | Gen: 5.42s)
  └─ Answer Preview: The minimal Peak Braking Coefficient (PBC) required for the test track surface is 0.9....

[2026-09-04T11:33:24.761060] [SUCCESS] Query #41: "What type of filter must be applied to acceleration, yaw rate, and steering whee"
  ├─ Rephrased: "acceleration, yaw rate, steering wheel velocity filter"
  ├─ MoE Retrieved Chunks (10): ['c000269', 'c000048', 'c000167', 'c000047', 'c000330', 'c000325']
  ├─ ReAct Steps: 0 | Latency: 14.47s (Retrieval: 3.09s | Gen: 11.39s)
  └─ Answer Preview: A 12-pole phase less Butterworth filter with a cut off frequency of 10Hz must be applied to acceleration, yaw rate, and steering wheel veloc...

[2026-09-04T11:33:35.376897] [SUCCESS] Query #45: "Within what ambient temperature range must Frontal Collision tests be conducted?"
  ├─ Rephrased: "Frontal Collision tests ambient temperature range"
  ├─ MoE Retrieved Chunks (10): ['c000051', 'c000272', 'c000174', 'c000319', 'c000008', 'c000251']
  ├─ ReAct Steps: 0 | Latency: 16.02s (Retrieval: 3.30s | Gen: 12.73s)
  └─ Answer Preview: Ambient temperature must be above 5°C and below 40°C....

[2026-09-04T11:33:35.377234] [SUCCESS] Query #46: "What is the minimum horizontal visibility at ground level required for testing?"
  ├─ Rephrased: "Minimum horizontal visibility ground level testing"
  ├─ MoE Retrieved Chunks (10): ['c000051', 'c000272', 'c000053', 'c000178', 'c000049', 'c000383']
  ├─ ReAct Steps: 0 | Latency: 12.72s (Retrieval: 2.09s | Gen: 10.63s)
  └─ Answer Preview: The minimum horizontal visibility at ground level required for testing is greater than 1km....

[2026-09-04T11:33:40.682803] [SUCCESS] Query #48: "What is the minimum ambient illumination required for daylight testing?"
  ├─ Rephrased: "Minimum ambient illumination daylight testing"
  ├─ MoE Retrieved Chunks (10): ['c000051', 'c000272', 'c000049', 'c000322', 'c000163', 'c000053']
  ├─ ReAct Steps: 0 | Latency: 13.09s (Retrieval: 1.94s | Gen: 11.15s)
  └─ Answer Preview: In excess of 2000 lux....

[2026-09-04T11:33:40.683116] [SUCCESS] Query #50: "What is the required interior load mass that is added to the unladen kerb mass f"
  ├─ Rephrased: "Required interior load mass added to unladen kerb mass for testing"
  ├─ MoE Retrieved Chunks (10): ['c000055', 'c000056', 'c000276', 'c000274', 'c000178', 'c000183']
  ├─ ReAct Steps: 0 | Latency: 8.45s (Retrieval: 3.13s | Gen: 5.32s)
  └─ Answer Preview: The required interior load mass is 200 kg....

[2026-09-04T11:33:40.683318] [SUCCESS] Query #49: "To what capacity must the fuel tank be filled before measuring the unladen kerb "
  ├─ Rephrased: "fuel tank capacity before unladen kerb mass measurement"
  ├─ MoE Retrieved Chunks (10): ['c000055', 'c000274', 'c000276', 'c000056', 'c000029', 'c000178']
  ├─ ReAct Steps: 0 | Latency: 11.14s (Retrieval: 2.68s | Gen: 8.46s)
  └─ Answer Preview: At least 90% of the tank's capacity of fuel....

[2026-09-04T11:33:40.683512] [SUCCESS] Query #47: "What is the maximum allowable wind speed during Frontal Collision testing?"
  ├─ Rephrased: "Frontal Collision, maximum wind speed"
  ├─ MoE Retrieved Chunks (10): ['c000051', 'c000178', 'c000007', 'c000272', 'c000251', 'c000009']
  ├─ ReAct Steps: 0 | Latency: 15.92s (Retrieval: 2.82s | Gen: 13.10s)
  └─ Answer Preview: The maximum allowable wind speed during Frontal Collision testing is below 10m/s to minimise VUT disturbance....

[2026-09-04T11:33:52.191219] [SUCCESS] Query #51: "What is the Time Headway used for Car-to-Car Rear Braking (CCRb) scenarios?"
  ├─ Rephrased: "time headway CCRb"
  ├─ MoE Retrieved Chunks (10): ['c000201', 'c000074', 'c000092', 'c000453', 'c000452', 'c000200']
  ├─ ReAct Steps: 0 | Latency: 16.81s (Retrieval: 2.90s | Gen: 13.91s)
  └─ Answer Preview: The Time Headway for Car-to-Car Rear Braking (CCRb) scenarios is 1.0 s....

[2026-09-04T11:33:52.191567] [SUCCESS] Query #52: "What is the target deceleration used for Car-to-Car Rear Braking (CCRb) scenario"
  ├─ Rephrased: "target-deceleration CCRb"
  ├─ MoE Retrieved Chunks (10): ['c000074', 'c000092', 'c000006', 'c000394', 'c000135', 'c000251']
  ├─ ReAct Steps: 0 | Latency: 13.90s (Retrieval: 2.38s | Gen: 11.52s)
  └─ Answer Preview: The target deceleration for Car-to-Car Rear Braking (CCRb) scenarios is -4m/s²....

[2026-09-04T11:33:59.898658] [SUCCESS] Query #53: "What is the minimum speed from which an AEB Pedestrian system must operate in th"
  ├─ Rephrased: "minimum speed AEB Pedestrian CPNA-75"
  ├─ MoE Retrieved Chunks (10): ['c000186', 'c000147', 'c000117', 'c000134', 'c000182', 'c000183']
  ├─ ReAct Steps: 0 | Latency: 19.21s (Retrieval: 3.32s | Gen: 15.89s)
  └─ Answer Preview: 10 km/h...

[2026-09-04T11:33:59.898986] [SUCCESS] Query #56: "What is the required VUT Time Error boundary condition for synchronization in th"
  ├─ Rephrased: "VUT CCCscp Time Error boundary condition"
  ├─ MoE Retrieved Chunks (10): ['c000052', 'c000103', 'c000044', 'c000104', 'c000204', 'c000201']
  ├─ ReAct Steps: 0 | Latency: 10.24s (Retrieval: 2.52s | Gen: 7.72s)
  └─ Answer Preview: ±[0.1]s...

[2026-09-04T11:33:59.899216] [SUCCESS] Query #55: "What is the starting point (T0) relative to Time To Collision for most Frontal C"
  ├─ Rephrased: "T0 relative Time To Collision Frontal Collision test scenarios"
  ├─ MoE Retrieved Chunks (10): ['c000010', 'c000251', 'c000012', 'c000394', 'c000008', 'c000092']
  ├─ ReAct Steps: 0 | Latency: 13.35s (Retrieval: 3.10s | Gen: 10.25s)
  └─ Answer Preview: The starting point T0 is defined as the time when the vehicle under test (VUT) begins to interact with the test target, which is typically t...

[2026-09-04T11:34:07.623543] [SUCCESS] Query #57: "When must the direction indicator be applied before T_steer in the CCFtap scenar"
  ├─ Rephrased: "When must the direction indicator be applied before T_steer in CCFtap"
  ├─ MoE Retrieved Chunks (10): ['c000012', 'c000094', 'c000139', 'c000095', 'c000017', 'c000008']
  ├─ ReAct Steps: 0 | Latency: 15.43s (Retrieval: 4.53s | Gen: 10.90s)
  └─ Answer Preview: The direction indicator must be applied at $1.0s \pm 0.5s$ before $T_{\text{steer}}$ in the CCFtap scenario....

[2026-09-04T11:34:11.153038] [SUCCESS] Query #59: "What is the default delay time for the braking robot reacting to an FCW to accou"
  ├─ Rephrased: "default delay time braking robot FCW"
  ├─ MoE Retrieved Chunks (10): ['c000184', 'c000186', 'c000394', 'c000125', 'c000012', 'c000144']
  ├─ ReAct Steps: 0 | Latency: 11.25s (Retrieval: 2.75s | Gen: 8.50s)
  └─ Answer Preview: 1.2 seconds...

[2026-09-04T11:34:11.153348] [SUCCESS] Query #60: "What maximum brake level is applied by the braking robot during an FCW test?"
  ├─ Rephrased: "maximum brake level braking robot applied FCW test"
  ├─ MoE Retrieved Chunks (10): ['c000184', 'c000183', 'c000186', 'c000049', 'c000182', 'c000007']
  ├─ ReAct Steps: 0 | Latency: 8.49s (Retrieval: 2.53s | Gen: 5.96s)
  └─ Answer Preview: The maximum brake level applied by the braking robot during an FCW test is $-4\text{ m/s}^2 - 0.50\text{ m/s}^2$....

[2026-09-04T11:34:15.850093] [SUCCESS] Query #62: "At what TTC must steady-state conditions be met for the GVT in the CCCscp scenar"
  ├─ Rephrased: "steady-state conditions GVT CCCscp TTC"
  ├─ MoE Retrieved Chunks (10): ['c000052', 'c000103', 'c000167', 'c000109', 'c000324', 'c000104']
  ├─ ReAct Steps: 0 | Latency: 8.22s (Retrieval: 3.51s | Gen: 4.72s)
  └─ Answer Preview: Steady-state conditions must be met as soon as the GVT has arrived in the field of vision of the VUT, corresponding to [3.5]s TTC....

[2026-09-04T11:34:18.719063] [SUCCESS] Query #54: "In the CCCscp obstructed scenario, what is the gap distance between parked obscu"
  ├─ Rephrased: "CCCscp parked obscuration vehicles gap distance"
  ├─ MoE Retrieved Chunks (10): ['c000103', 'c000052', 'c000109', 'c000180', 'c000104', 'c000181']
  ├─ ReAct Steps: 0 | Latency: 34.70s (Retrieval: 2.52s | Gen: 32.18s)
  └─ Answer Preview: Error during answer generation: Client error '400 Bad Request' for url 'http://localhost:8000/v1/chat/completions' For more information chec...

[2026-09-04T11:34:18.719371] [SUCCESS] Query #63: "What impact speed tolerance is applied to the verification tests?"
  ├─ Rephrased: "Impact speed tolerance in verification tests"
  ├─ MoE Retrieved Chunks (10): ['c000176', 'c000178', 'c000168', 'c000081', 'c000007', 'c000179']
  ├─ ReAct Steps: 0 | Latency: 7.56s (Retrieval: 2.57s | Gen: 5.00s)
  └─ Answer Preview: A 2 km/h tolerance to the impact speeds of the verification test is applied, with the tolerance applied in both directions....

[2026-09-04T11:34:23.575211] [SUCCESS] Query #58: "What is the maximum allowed VUT lateral deviation tolerance for CPTA and CBTA sc"
  ├─ Rephrased: "maximum allowed VUT lateral deviation tolerance CPTA CBTA"
  ├─ MoE Retrieved Chunks (10): ['c000197', 'c000324', 'c000199', 'c000201', 'c000200', 'c000023']
  ├─ ReAct Steps: 0 | Latency: 26.84s (Retrieval: 3.15s | Gen: 23.69s)
  └─ Answer Preview: Error during answer generation: Client error '400 Bad Request' for url 'http://localhost:8000/v1/chat/completions' For more information chec...

[2026-09-04T11:34:23.575600] [SUCCESS] Query #65: "For the AEB CCRs scenario, up to what maximum test speed must full avoidance be "
  ├─ Rephrased: "maximum test speed for AEB CCRs"
  ├─ MoE Retrieved Chunks (10): ['c000212', 'c000186', 'c000087', 'c000067', 'c000449', 'c000458']
  ├─ ReAct Steps: 0 | Latency: 7.72s (Retrieval: 2.85s | Gen: 4.88s)
  └─ Answer Preview: Up to and including 20 km/h....

[2026-09-04T11:34:29.191479] [SUCCESS] Query #61: "How long is the stabilization phase following the target acceleration phase in c"
  ├─ Rephrased: "stabilization phase duration crossing scenarios target acceleration phase"
  ├─ MoE Retrieved Chunks (10): ['c000044', 'c000103', 'c000109', 'c000048', 'c000114', 'c000010']
  ├─ ReAct Steps: 0 | Latency: 23.99s (Retrieval: 2.40s | Gen: 21.59s)
  └─ Answer Preview: Error during answer generation: Client error '400 Bad Request' for url 'http://localhost:8000/v1/chat/completions' For more information chec...

[2026-09-04T11:34:29.191816] [SUCCESS] Query #67: "What vehicle category should the larger obstruction vehicle be according to the "
  ├─ Rephrased: "Frontal Collisions larger obstruction vehicle"
  ├─ MoE Retrieved Chunks (10): ['c000114', 'c000225', 'c000115', 'c000113', 'c000209', 'c000046']
  ├─ ReAct Steps: 0 | Latency: 7.88s (Retrieval: 2.24s | Gen: 5.64s)
  └─ Answer Preview: The larger obstruction vehicle should be classified as a car....

[2026-09-04T11:34:29.192022] [SUCCESS] Query #66: "What vehicle category should the smaller obstruction vehicle be according to the"
  ├─ Rephrased: "smaller obstruction vehicle Frontal Collisions protocol"
  ├─ MoE Retrieved Chunks (10): ['c000394', 'c000006', 'c000251', 'c000000', 'c000141', 'c000063']
  ├─ ReAct Steps: 0 | Latency: 10.47s (Retrieval: 2.58s | Gen: 7.89s)
  └─ Answer Preview: The smaller obstruction vehicle should be a GVT (Global Vehicle Target) according to the Frontal Collisions protocol....

[2026-09-04T11:34:39.511115] [SUCCESS] Query #69: "At what specific speed is the Peak Braking Coefficient (PBC) measured using the "
  ├─ Rephrased: "astm reference tyre peak braking coefficient speed"
  ├─ MoE Retrieved Chunks (10): ['c000250', 'c000016', 'c000008', 'c000049', 'c000251', 'c000103']
  ├─ ReAct Steps: 0 | Latency: 12.85s (Retrieval: 2.52s | Gen: 10.33s)
  └─ Answer Preview: The Peak Braking Coefficient (PBC) is measured using the ASTM reference tyre at a speed of 64.4 km/h....

[2026-09-04T11:34:39.511454] [SUCCESS] Query #68: "According to the Lane Departure protocol, what ASTM method is used to measure th"
  ├─ Rephrased: "Lane Departure protocol ASTM method PBC"
  ├─ MoE Retrieved Chunks (10): ['c000250', 'c000313', 'c000314', 'c000305', 'c000273', 'c000271']
  ├─ ReAct Steps: 0 | Latency: 15.93s (Retrieval: 3.07s | Gen: 12.86s)
  └─ Answer Preview: The Peak Braking Coefficient (PBC) is measured using the American Society for Testing and Materials (ASTM) E1136-10 (2010) standard referenc...

[2026-09-04T11:34:45.222637] [SUCCESS] Query #64: "If the relative impact speed reduction is evaluated to be within the red colour "
  ├─ Rephrased: "relative impact speed reduction red band"
  ├─ MoE Retrieved Chunks (10): ['c000188', 'c000201', 'c000200', 'c000458', 'c000196', 'c000103']
  ├─ ReAct Steps: 0 | Latency: 31.49s (Retrieval: 2.09s | Gen: 29.40s)
  └─ Answer Preview: Error during answer generation: Client error '400 Bad Request' for url 'http://localhost:8000/v1/chat/completions' For more information chec...

[2026-09-04T11:34:45.222973] [SUCCESS] Query #70: "What does ELK stand for in the Lane Departure protocol?"
  ├─ Rephrased: "ELK stands for Emergency Lane Keeping in the Lane Departure protocol."
  ├─ MoE Retrieved Chunks (10): ['c000251', 'c000250', 'c000291', 'c000273', 'c000305', 'c000342']
  ├─ ReAct Steps: 0 | Latency: 16.03s (Retrieval: 4.49s | Gen: 11.54s)
  └─ Answer Preview: ELK stands for Emergency Lane Keeping....

[2026-09-04T11:34:45.223180] [SUCCESS] Query #72: "What does DTLE stand for in the Lane Departure protocol?"
  ├─ Rephrased: "DTLE stands for Distance To Lane Edge in the Lane Departure protocol."
  ├─ MoE Retrieved Chunks (10): ['c000252', 'c000251', 'c000291', 'c000342', 'c000343', 'c000313']
  ├─ ReAct Steps: 0 | Latency: 9.28s (Retrieval: 3.55s | Gen: 5.73s)
  └─ Answer Preview: Distance To Lane Edge (DTLE) stands for the remaining lateral distance (perpendicular to the Lane Edge) between the Lane Edge and most outer...

[2026-09-04T11:34:53.048066] [SUCCESS] Query #73: "What is the required measurement accuracy for the VUT heading angle in Lane Depa"
  ├─ Rephrased: "required measurement accuracy VUT heading angle Lane Departure tests"
  ├─ MoE Retrieved Chunks (10): ['c000268', 'c000330', 'c000286', 'c000290', 'c000283', 'c000284']
  ├─ ReAct Steps: 0 | Latency: 13.53s (Retrieval: 3.75s | Gen: 9.79s)
  └─ Answer Preview: The required measurement accuracy for the VUT heading angle in Lane Departure tests is 0.1°....

[2026-09-04T11:34:53.048396] [SUCCESS] Query #74: "What is the specified test lane width when measured from the inside edge of the "
  ├─ Rephrased: "Inside edge lane marking width"
  ├─ MoE Retrieved Chunks (10): ['c000271', 'c000290', 'c000350', 'c000305', 'c000302', 'c000383']
  ├─ ReAct Steps: 0 | Latency: 9.78s (Retrieval: 1.94s | Gen: 7.84s)
  └─ Answer Preview: The test lane width is 3.5 to 3.7 meters when measured from the inside edge of the lane marking....

[2026-09-04T11:34:58.376224] [SUCCESS] Query #76: "What is the minimum length of lane marking that must remain ahead of the vehicle"
  ├─ Rephrased: "Minimum length lane marking remaining ahead after Lane Departure test"
  ├─ MoE Retrieved Chunks (10): ['c000271', 'c000302', 'c000310', 'c000305', 'c000290', 'c000252']
  ├─ ReAct Steps: 0 | Latency: 10.26s (Retrieval: 2.96s | Gen: 7.29s)
  └─ Answer Preview: 20m...

[2026-09-04T11:34:58.377039] [SUCCESS] Query #77: "During tyre conditioning, what is the exact diameter of the circle the vehicle m"
  ├─ Rephrased: "Tyre conditioning circle diameter"
  ├─ MoE Retrieved Chunks (10): ['c000321', 'c000178', 'c000275', 'c000052', 'c000006', 'c000008']
  ├─ ReAct Steps: 0 | Latency: 7.28s (Retrieval: 1.94s | Gen: 5.35s)
  └─ Answer Preview: 30m...

[2026-09-04T11:34:58.377246] [SUCCESS] Query #75: "What distance must exist between the inner edge of the lane marking and the road"
  ├─ Rephrased: "Lane marking inner edge to road edge distance"
  ├─ MoE Retrieved Chunks (10): ['c000271', 'c000252', 'c000342', 'c000290', 'c000302', 'c000383']
  ├─ ReAct Steps: 0 | Latency: 13.15s (Retrieval: 2.88s | Gen: 10.27s)
  └─ Answer Preview: The inner edge of the lane marking must be at 0.20 to 0.30m from the road edge....

[2026-09-04T11:35:07.200187] [SUCCESS] Query #78: "At what speed must the vehicle drive during the sinusoidal tyre conditioning pas"
  ├─ Rephrased: "Sinusoidal tyre conditioning speed"
  ├─ MoE Retrieved Chunks (10): ['c000321', 'c000275', 'c000178', 'c000010', 'c000007', 'c000314']
  ├─ ReAct Steps: 0 | Latency: 14.15s (Retrieval: 2.92s | Gen: 11.23s)
  └─ Answer Preview: 56km/h...

[2026-09-04T11:35:07.200535] [SUCCESS] Query #79: "What frequency is used for the sinusoidal steering input during tyre conditionin"
  ├─ Rephrased: "sinusoidal steering input frequency tyre conditioning"
  ├─ MoE Retrieved Chunks (10): ['c000321', 'c000178', 'c000054', 'c000269', 'c000007', 'c000056']
  ├─ ReAct Steps: 0 | Latency: 11.22s (Retrieval: 2.38s | Gen: 8.84s)
  └─ Answer Preview: The sinusoidal steering input during tyre conditioning is performed at a frequency of 1Hz....

[2026-09-04T11:35:16.203470] [SUCCESS] Query #71: "What does LKA stand for in the Lane Departure protocol?"
  ├─ Rephrased: "Lane Keeping Assist (LKA)"
  ├─ MoE Retrieved Chunks (10): ['c000396', 'c000250', 'c000251', 'c000273', 'c000327', 'c000454']
  ├─ ReAct Steps: 0 | Latency: 42.51s (Retrieval: 2.23s | Gen: 40.28s)
  └─ Answer Preview: Error during answer generation: Client error '400 Bad Request' for url 'http://localhost:8000/v1/chat/completions' For more information chec...

[2026-09-04T11:35:16.203816] [SUCCESS] Query #82: "At what lateral speed must the Continuous Intervention Driveability testing be c"
  ├─ Rephrased: "Continuous Intervention Driveability testing lateral speed"
  ├─ MoE Retrieved Chunks (10): ['c000284', 'c000282', 'c000336', 'c000338', 'c000285', 'c000330']
  ├─ ReAct Steps: 0 | Latency: 11.26s (Retrieval: 2.23s | Gen: 9.02s)
  └─ Answer Preview: 0.5 m/s...

[2026-09-04T11:35:16.204049] [SUCCESS] Query #80: "How many runs must be performed for a system check before actual Lane Departure "
  ├─ Rephrased: "System check runs before lane departure testing"
  ├─ MoE Retrieved Chunks (10): ['c000322', 'c000329', 'c000273', 'c000383', 'c000328', 'c000290']
  ├─ ReAct Steps: 0 | Latency: 17.82s (Retrieval: 2.65s | Gen: 15.17s)
  └─ Answer Preview: Before actual Lane Departure testing begins, a maximum of ten runs must be performed for a system check....

[2026-09-04T11:35:16.204269] [SUCCESS] Query #81: "What is the specific limit value for DTLE in Lane Departure - ELK Road Edge test"
  ├─ Rephrased: "specific limit value for DTLE in Lane Departure - ELK Road Edge tests"
  ├─ MoE Retrieved Chunks (10): ['c000342', 'c000291', 'c000343', 'c000290', 'c000252', 'c000330']
  ├─ ReAct Steps: 0 | Latency: 15.16s (Retrieval: 3.89s | Gen: 11.27s)
  └─ Answer Preview: The limit value for DTLE in Lane Departure - ELK Road Edge tests is set to -0.1m....

[2026-09-04T11:35:34.619989] [SUCCESS] Query #84: "For steering response tests >=70km/h at a lateral speed of 0.2m/s, what is the m"
  ├─ Rephrased: "Steering response tests at >=70km/h lateral speed 0.2m/s maximum steering wheel velocity"
  ├─ MoE Retrieved Chunks (10): ['c000336', 'c000283', 'c000284', 'c000268', 'c000330', 'c000286']
  ├─ ReAct Steps: 0 | Latency: 23.15s (Retrieval: 4.73s | Gen: 18.43s)
  └─ Answer Preview: ± 20 °/sec...

[2026-09-04T11:35:34.620357] [SUCCESS] Query #83: "What is the maximum allowed overriding torque during an active lane support syst"
  ├─ Rephrased: "maximum allowed overriding torque during active lane support system intervention Euro NCAP"
  ├─ MoE Retrieved Chunks (10): ['c000336', 'c000337', 'c000339', 'c000338', 'c000281', 'c000279']
  ├─ ReAct Steps: 0 | Latency: 27.42s (Retrieval: 4.25s | Gen: 23.16s)
  └─ Answer Preview: 3.0Nm + 0.5Nm...

[2026-09-04T11:35:42.196044] [SUCCESS] Query #85: "For steering response tests >=70km/h at a lateral speed of 0.6m/s, what is the m"
  ├─ Rephrased: "steering response tests >=70km/h lateral speed 0.6m/s maximum allowed steering wheel veloc"
  ├─ MoE Retrieved Chunks (10): ['c000336', 'c000283', 'c000330', 'c000282', 'c000284', 'c000268']
  ├─ ReAct Steps: 0 | Latency: 25.99s (Retrieval: 4.90s | Gen: 21.09s)
  └─ Answer Preview: ± 40 °/sec...

[2026-09-04T11:35:42.196381] [SUCCESS] Query #88: "In the ELK Car-to-Car Oncoming scenario, what is the lateral distance of the tar"
  ├─ Rephrased: "ELK Car-to-Car Oncoming scenario lateral distance target path inner centre dashed lane mar"
  ├─ MoE Retrieved Chunks (10): ['c000297', 'c000302', 'c000305', 'c000310', 'c000327', 'c000095']
  ├─ ReAct Steps: 0 | Latency: 11.59s (Retrieval: 4.00s | Gen: 7.59s)
  └─ Answer Preview: 1.5m...

[2026-09-04T11:35:42.196618] [SUCCESS] Query #86: "What lateral velocity range is used for unintentional lane changes in the ELK Ca"
  ├─ Rephrased: "What lateral velocity range is used for unintentional lane changes in the ELK Car-to-Car O"
  ├─ MoE Retrieved Chunks (10): ['c000298', 'c000252', 'c000327', 'c000343', 'c000344', 'c000342']
  ├─ ReAct Steps: 0 | Latency: 21.08s (Retrieval: 4.74s | Gen: 16.34s)
  └─ Answer Preview: 0.3 to 0.6 m/s...

[2026-09-04T11:35:42.196838] [SUCCESS] Query #87: "What lateral velocity range is used for intentional lane changes in the ELK Car-"
  ├─ Rephrased: "What lateral velocity range is used for intentional lane changes in the ELK Car-to-Car Ove"
  ├─ MoE Retrieved Chunks (10): ['c000298', 'c000252', 'c000344', 'c000327', 'c000343', 'c000345']
  ├─ ReAct Steps: 0 | Latency: 16.33s (Retrieval: 4.73s | Gen: 11.60s)
  └─ Answer Preview: 0.5 to 0.7 m/s...

[2026-09-04T11:35:56.164622] [SUCCESS] Query #89: "In the ELK Car-to-Motorcyclist Oncoming scenario, what is the lateral distance o"
  ├─ Rephrased: "ELK Car-to-Motorcyclist Oncoming scenario lateral distance inner centre dashed lane markin"
  ├─ MoE Retrieved Chunks (10): ['c000305', 'c000297', 'c000310', 'c000302', 'c000327', 'c000344']
  ├─ ReAct Steps: 0 | Latency: 21.54s (Retrieval: 4.72s | Gen: 16.82s)
  └─ Answer Preview: 1m...

[2026-09-04T11:35:56.164948] [SUCCESS] Query #90: "What is the synchronized impact location for the ELK Car-to-Car Oncoming scenari"
  ├─ Rephrased: "synchronized impact location elk car-to-car oncoming"
  ├─ MoE Retrieved Chunks (10): ['c000297', 'c000305', 'c000344', 'c000310', 'c000302', 'c000314']
  ├─ ReAct Steps: 0 | Latency: 16.81s (Retrieval: 2.83s | Gen: 13.98s)
  └─ Answer Preview: The synchronized impact location for the ELK Car-to-Car Oncoming scenario is 90% of the impact location....

[2026-09-04T11:36:03.031270] [SUCCESS] Query #93: "At what specific TTC is an ELK test assumed to have failed if no system interven"
  ├─ Rephrased: "ELK test failed at 1.5s TTC"
  ├─ MoE Retrieved Chunks (10): ['c000327', 'c000305', 'c000344', 'c000328', 'c000139', 'c000297']
  ├─ ReAct Steps: 0 | Latency: 14.00s (Retrieval: 2.97s | Gen: 11.03s)
  └─ Answer Preview: An ELK test is assumed to have failed if no system intervention is observed at a TTC = 0.8s....

[2026-09-04T11:36:03.031605] [SUCCESS] Query #92: "What is the minimum required lateral separation between the VUT and the EMT to a"
  ├─ Rephrased: "minimum required lateral separation VUT EMT to avoid failing ELK test"
  ├─ MoE Retrieved Chunks (10): ['c000344', 'c000327', 'c000310', 'c000305', 'c000284', 'c000383']
  ├─ ReAct Steps: 0 | Latency: 17.29s (Retrieval: 3.28s | Gen: 14.01s)
  └─ Answer Preview: The minimum required lateral separation between the VUT and the EMT to avoid failing the ELK test is greater than 0.3 meters....

[2026-09-04T11:36:03.031837] [SUCCESS] Query #94: "How many points are awarded for a PASS (Avoidance) in the ELK Car & PTW Standard"
  ├─ Rephrased: "How many points are awarded for a PASS in the ELK Car & PTW Standard Range tests"
  ├─ MoE Retrieved Chunks (10): ['c000185', 'c000319', 'c000305', 'c000290', 'c000310', 'c000168']
  ├─ ReAct Steps: 0 | Latency: 11.02s (Retrieval: 4.14s | Gen: 6.88s)
  └─ Answer Preview: The exact number of points awarded for a PASS in the ELK Car & PTW Standard Range tests is not specified in the provided document context....

[2026-09-04T11:36:03.032053] [SUCCESS] Query #91: "What is the synchronized impact location for the ELK Car-to-Motorcyclist Oncomin"
  ├─ Rephrased: "synchronized impact location elk car-to-motorcyclist oncoming"
  ├─ MoE Retrieved Chunks (10): ['c000305', 'c000297', 'c000344', 'c000310', 'c000257', 'c000302']
  ├─ ReAct Steps: 0 | Latency: 20.83s (Retrieval: 3.53s | Gen: 17.30s)
  └─ Answer Preview: The synchronized impact location for the ELK Car-to-Motorcyclist Oncoming scenario is 110% of the impact location (assuming no system reacti...

[2026-09-04T11:36:14.011555] [SUCCESS] Query #96: "How many maximum points are available specifically for the Driveability assessme"
  ├─ Rephrased: "Driveability maximum points Single Vehicle tests"
  ├─ MoE Retrieved Chunks (10): ['c000335', 'c000279', 'c000280', 'c000281', 'c000163', 'c000214']
  ├─ ReAct Steps: 0 | Latency: 13.23s (Retrieval: 2.23s | Gen: 10.99s)
  └─ Answer Preview: The maximum points available specifically for the Driveability assessment within the Single Vehicle tests are 2....

[2026-09-04T11:36:14.011889] [SUCCESS] Query #95: "What percentage of the total available score in the Standard Range must be achie"
  ├─ Rephrased: "Extended Range scoring eligibility requires achieving a percentage of the total available "
  ├─ MoE Retrieved Chunks (10): ['c000354', 'c000213', 'c000351', 'c000208', 'c000207', 'c000357']
  ├─ ReAct Steps: 0 | Latency: 17.84s (Retrieval: 4.61s | Gen: 13.24s)
  └─ Answer Preview: ≥25% of the total available score must be achieved in the Standard Range to be eligible for Extended Range scoring....

[2026-09-04T11:36:14.600387] [SUCCESS] Query #97: "How many maximum points are available specifically for the Driver State Link ass"
  ├─ Rephrased: "Driver State Link, Single Vehicle, maximum points"
  ├─ MoE Retrieved Chunks (10): ['c000279', 'c000335', 'c000280', 'c000339', 'c000341', 'c000288']
  ├─ ReAct Steps: 0 | Latency: 11.57s (Retrieval: 2.94s | Gen: 8.63s)
  └─ Answer Preview: 3 points are available for Driver State Link....

[2026-09-04T11:36:14.646472] [SUCCESS] Query #99: "What does BSM stand for in the Lane Departure protocol?"
  ├─ Rephrased: "Lane Departure (BSM)"
  ├─ MoE Retrieved Chunks (10): ['c000355', 'c000295', 'c000244', 'c000352', 'c000247', 'c000273']
  ├─ ReAct Steps: 0 | Latency: 5.38s (Retrieval: 2.06s | Gen: 3.32s)
  └─ Answer Preview: BSM stands for "Backstepping Safety Module."...

[2026-09-04T11:36:14.897742] [SUCCESS] Query #98: "How quickly must the Lane Support sensitivity revert to its nominal setting afte"
  ├─ Rephrased: "Lane Support sensitivity revert speed to nominal setting after Driver Status Monitoring de"
  ├─ MoE Retrieved Chunks (10): ['c000339', 'c000340', 'c000288', 'c000219', 'c000341', 'c000279']
  ├─ ReAct Steps: 0 | Latency: 8.91s (Retrieval: 3.27s | Gen: 5.64s)
  └─ Answer Preview: The Lane Support sensitivity must revert to its nominal setting within <1 second after the DSM system detects its performance is degraded, o...

[2026-09-04T11:36:14.997863] [SUCCESS] Query #100: "How is a Driver Intention Monitoring system defined in the Lane Departure protoc"
  ├─ Rephrased: "Driver Intention Monitoring in Lane Departure protocol"
  ├─ MoE Retrieved Chunks (10): ['c000279', 'c000251', 'c000288', 'c000341', 'c000333', 'c000339']
  ├─ ReAct Steps: 0 | Latency: 3.67s (Retrieval: 2.67s | Gen: 1.00s)
  └─ Answer Preview: A Driver Intention Monitoring (DIM) system is defined as a functionality that allows the tests for Driveability – Overriding Torque and Cont...

[2026-09-04T11:37:08.354265] [SUCCESS] Query #1: "What does VUT stand for in the Assisted Driving protocol?"
  ├─ Rephrased: "VUT Assisted Driving"
  ├─ MoE Retrieved Chunks (10): ['c000391', 'c000418', 'c000423', 'c000448', 'c000450', 'c000449']
  ├─ ReAct Steps: 0 | Latency: 10.34s (Retrieval: 1.71s | Gen: 8.63s)
  └─ Answer Preview: VUT stands for Vehicle Under Test....

[2026-09-04T11:37:10.794857] [SUCCESS] Query #2: "What does GVT stand for in the Assisted Driving protocol?"
  ├─ Rephrased: "GVT Assisted Driving"
  ├─ MoE Retrieved Chunks (10): ['c000418', 'c000401', 'c000393', 'c000263', 'c000423', 'c000391']
  ├─ ReAct Steps: 0 | Latency: 11.06s (Retrieval: 1.94s | Gen: 9.12s)
  └─ Answer Preview: GVT stands for Global Vehicle Target....

[2026-09-04T11:37:10.795157] [SUCCESS] Query #3: "In the Assisted Driving Cut-out test, what does SOV stand for?"
  ├─ Rephrased: "In the Assisted Driving Cut-out test, what does SOV stand for?"
  ├─ MoE Retrieved Chunks (10): ['c000467', 'c000466', 'c000463', 'c000438', 'c000462', 'c000437']
  ├─ ReAct Steps: 0 | Latency: 9.11s (Retrieval: 3.70s | Gen: 5.41s)
  └─ Answer Preview: SOV stands for Secondary Other Vehicle....

[2026-09-04T11:37:10.795360] [SUCCESS] Query #4: "What is the definition of the Speed Limit Information Function (SLIF)?"
  ├─ Rephrased: "speed limit information function (slif)"
  ├─ MoE Retrieved Chunks (10): ['c000475', 'c000395', 'c000434', 'c000435', 'c000432', 'c000410']
  ├─ ReAct Steps: 0 | Latency: 5.40s (Retrieval: 2.24s | Gen: 3.17s)
  └─ Answer Preview: The Speed Limit Information Function (SLIF) is a function with which the vehicle knows and communicates the speed limit....

[2026-09-04T11:37:19.331355] [SUCCESS] Query #8: "How many points are awarded if a system name contains the word "assistant", "ass"
  ├─ Rephrased: "points awarded system name contains assistant assistance assist"
  ├─ MoE Retrieved Chunks (10): ['c000406', 'c000409', 'c000413', 'c000442', 'c000405', 'c000408']
  ├─ ReAct Steps: 0 | Latency: 2.59s (Retrieval: 2.07s | Gen: 0.52s)
  └─ Answer Preview: 10 points...

[2026-09-04T11:37:21.210512] [SUCCESS] Query #7: "What is the grading requirement to achieve a "VERY GOOD" score in the Highway an"
  ├─ Rephrased: "Highway and Interurban Assist Systems grading requirement VERY GOOD"
  ├─ MoE Retrieved Chunks (10): ['c000403', 'c000392', 'c000390', 'c000401', 'c000441', 'c000393']
  ├─ ReAct Steps: 0 | Latency: 7.30s (Retrieval: 2.82s | Gen: 4.48s)
  └─ Answer Preview: ≥ 160 points (≥ 80%)...

[2026-09-04T11:37:21.210832] [SUCCESS] Query #6: "What is the minimum design maximum speed for a Real Motorcycle target used in Bl"
  ├─ Rephrased: "Real Motorcycle Blind-Spot Monitoring Tests minimum design maximum speed"
  ├─ MoE Retrieved Chunks (10): ['c000251', 'c000395', 'c000007', 'c000345', 'c000279', 'c000049']
  ├─ ReAct Steps: 0 | Latency: 10.41s (Retrieval: 3.10s | Gen: 7.31s)
  └─ Answer Preview: The minimum design maximum speed for a Real Motorcycle target used in Blind-Spot Monitoring Tests is at least 80km/h by design....

[2026-09-04T11:37:25.777805] [SUCCESS] Query #9: "What words are strictly forbidden from being used in a system name under the Ass"
  ├─ Rephrased: "assisted driving protocol prohibited words"
  ├─ MoE Retrieved Chunks (10): ['c000388', 'c000401', 'c000418', 'c000420', 'c000390', 'c000442']
  ├─ ReAct Steps: 0 | Latency: 6.44s (Retrieval: 1.86s | Gen: 4.59s)
  └─ Answer Preview: The following words are strictly forbidden from being used in a system name under the Assisted Driving protocol: auto, automatic, automated,...

[2026-09-04T11:37:28.744557] [SUCCESS] Query #11: "What is the total point value available for the Continuous System Status Indicat"
  ├─ Rephrased: "Continuous System Status Indicator total point value"
  ├─ MoE Retrieved Chunks (10): ['c000412', 'c000410', 'c000404', 'c000411', 'c000413', 'c000415']
  ├─ ReAct Steps: 0 | Latency: 5.35s (Retrieval: 2.38s | Gen: 2.98s)
  └─ Answer Preview: 20...

[2026-09-04T11:37:28.744855] [SUCCESS] Query #10: "How many points are awarded if the marketing material correctly describes the sy"
  ├─ Rephrased: "Marketing material description points VUT"
  ├─ MoE Retrieved Chunks (10): ['c000407', 'c000450', 'c000405', 'c000448', 'c000447', 'c000470']
  ├─ ReAct Steps: 0 | Latency: 7.53s (Retrieval: 2.17s | Gen: 5.36s)
  └─ Answer Preview: 5 points are awarded if the marketing material correctly describes the system functionality....

[2026-09-04T11:37:33.564939] [SUCCESS] Query #5: "How is Intelligent Adaptive Cruise Control (iACC) defined?"
  ├─ Rephrased: "Intelligent Adaptive Cruise Control (iACC) definition"
  ├─ MoE Retrieved Chunks (10): ['c000395', 'c000432', 'c000436', 'c000442', 'c000406', 'c000431']
  ├─ ReAct Steps: 0 | Latency: 25.21s (Retrieval: 2.43s | Gen: 22.78s)
  └─ Answer Preview: Error during answer generation: Client error '400 Bad Request' for url 'http://localhost:8000/v1/chat/completions' For more information chec...

[2026-09-04T11:37:33.565251] [SUCCESS] Query #12: "What specific color must be used on the Continuous System Status Indicator to de"
  ├─ Rephrased: "Assisted Mode Continuous System Status Indicator color"
  ├─ MoE Retrieved Chunks (10): ['c000412', 'c000410', 'c000404', 'c000411', 'c000413', 'c000444']
  ├─ ReAct Steps: 0 | Latency: 7.79s (Retrieval: 2.94s | Gen: 4.84s)
  └─ Answer Preview: The green color must be used on the Continuous System Status Indicator to denote Assisted Mode....

[2026-09-04T11:37:39.274358] [SUCCESS] Query #14: "How many points are awarded for a system that robustly detects if the driver's h"
  ├─ Rephrased: "Assisted Mode steering wheel detection points"
  ├─ MoE Retrieved Chunks (10): ['c000416', 'c000451', 'c000418', 'c000420', 'c000454', 'c000423']
  ├─ ReAct Steps: 0 | Latency: 7.66s (Retrieval: 1.93s | Gen: 5.72s)
  └─ Answer Preview: 5 points....

[2026-09-04T11:37:39.274688] [SUCCESS] Query #13: "What is the recommended decibel range for an additional acoustic indication duri"
  ├─ Rephrased: "recommended decibel range additional acoustic indication system status change"
  ├─ MoE Retrieved Chunks (10): ['c000413', 'c000410', 'c000414', 'c000411', 'c000412', 'c000444']
  ├─ ReAct Steps: 0 | Latency: 10.53s (Retrieval: 2.86s | Gen: 7.67s)
  └─ Answer Preview: 50 to 90 dB....

[2026-09-04T11:37:44.252152] [SUCCESS] Query #16: "How many repetitive visual distraction instances lead to a controllable Assisted"
  ├─ Rephrased: "repetitive visual distraction instances, controllable Assisted Mode lock-out"
  ├─ MoE Retrieved Chunks (10): ['c000423', 'c000418', 'c000419', 'c000417', 'c000415', 'c000416']
  ├─ ReAct Steps: 0 | Latency: 7.73s (Retrieval: 2.74s | Gen: 4.99s)
  └─ Answer Preview: 3...

[2026-09-04T11:37:44.252462] [SUCCESS] Query #15: "How soon must Assisted Mode be deactivated if the Driver State Monitoring system"
  ├─ Rephrased: "Assisted Mode deactivation timing Driver State Monitoring unavailable complete blockage"
  ├─ MoE Retrieved Chunks (10): ['c000418', 'c000416', 'c000419', 'c000397', 'c000420', 'c000423']
  ├─ ReAct Steps: 0 | Latency: 10.68s (Retrieval: 2.94s | Gen: 7.74s)
  └─ Answer Preview: No later than 10 seconds from the point the DSM becomes unavailable due to a complete blockage....

[2026-09-04T11:37:50.011712] [SUCCESS] Query #18: "What frequency is applied when steering the full sine wave during the Pothole Te"
  ├─ Rephrased: "full sine wave steering Pothole Test frequency"
  ├─ MoE Retrieved Chunks (10): ['c000427', 'c000426', 'c000425', 'c000428', 'c000470', 'c000430']
  ├─ ReAct Steps: 0 | Latency: 7.97s (Retrieval: 2.20s | Gen: 5.77s)
  └─ Answer Preview: The frequency applied when steering the full sine wave during the Pothole Test is 0.25Hz....

[2026-09-04T11:37:50.012040] [SUCCESS] Query #17: "What is the maximum time window within which repetitive distractions will trigge"
  ├─ Rephrased: "Assisted Mode lock-out time window repetitive distractions"
  ├─ MoE Retrieved Chunks (10): ['c000423', 'c000418', 'c000415', 'c000416', 'c000417', 'c000419']
  ├─ ReAct Steps: 0 | Latency: 10.73s (Retrieval: 2.75s | Gen: 7.98s)
  └─ Answer Preview: The maximum time window within which repetitive distractions will trigger an Assisted Mode lock-out is not greater than 30 minutes....

[2026-09-04T11:37:55.117955] [SUCCESS] Query #20: "What is the target Distance To Lane Edge (DTLE) for the steering amplitude in th"
  ├─ Rephrased: "target DTLE for steering amplitude in Partial Lane Change Test"
  ├─ MoE Retrieved Chunks (10): ['c000428', 'c000426', 'c000427', 'c000470', 'c000449', 'c000081']
  ├─ ReAct Steps: 0 | Latency: 7.58s (Retrieval: 2.47s | Gen: 5.12s)
  └─ Answer Preview: -50±5 cm...

[2026-09-04T11:37:55.118260] [SUCCESS] Query #19: "What is the target Distance To Lane Edge (DTLE) for the steering amplitude in th"
  ├─ Rephrased: "target DTLE for steering amplitude in pothole test"
  ├─ MoE Retrieved Chunks (10): ['c000427', 'c000426', 'c000428', 'c000425', 'c000470', 'c000449']
  ├─ ReAct Steps: 0 | Latency: 10.86s (Retrieval: 3.27s | Gen: 7.60s)
  └─ Answer Preview: The target Distance To Lane Edge (DTLE) for the steering amplitude in the Pothole Test is -50±5 cm....

[2026-09-04T11:38:01.416904] [SUCCESS] Query #22: "How much time does a driver have to confirm an offered lower speed limit for it "
  ├─ Rephrased: "Lower speed limit confirmation time adopted"
  ├─ MoE Retrieved Chunks (10): ['c000475', 'c000434', 'c000435', 'c000432', 'c000395', 'c000449']
  ├─ ReAct Steps: 0 | Latency: 8.11s (Retrieval: 1.80s | Gen: 6.31s)
  └─ Answer Preview: The driver must give the confirmation action 1.5 seconds after the lower limit is offered for it to be considered adopted "in time."...

[2026-09-04T11:38:01.417212] [SUCCESS] Query #21: "How many points are awarded for override response if a vehicle has an absolute o"
  ├─ Rephrased: "absolute override torque <5Nm, override response points"
  ├─ MoE Retrieved Chunks (10): ['c000424', 'c000430', 'c000429', 'c000403', 'c000450', 'c000441']
  ├─ ReAct Steps: 0 | Latency: 11.40s (Retrieval: 3.28s | Gen: 8.12s)
  └─ Answer Preview: 20 points are awarded for the reaction of the system if the following conditions are met: the Lane Centering function provides continuous st...

[2026-09-04T11:38:06.154961] [SUCCESS] Query #23: "What Time To Collision (TTC) is used for the Cut-out tests to verify Safety Back"
  ├─ Rephrased: "Cut-out tests TTC safety backup"
  ├─ MoE Retrieved Chunks (10): ['c000467', 'c000466', 'c000463', 'c000461', 'c000438', 'c000462']
  ├─ ReAct Steps: 0 | Latency: 11.03s (Retrieval: 3.31s | Gen: 7.72s)
  └─ Answer Preview: The lead vehicle shall cut-out at a TTC of 2s instead of 3s as in ACC Performance....

[2026-09-04T11:38:06.155332] [SUCCESS] Query #24: "What is the total maximum sub-points available for the Car-to-Car Rear Stationar"
  ├─ Rephrased: "total maximum sub-points CCRS ACC/AEB"
  ├─ MoE Retrieved Chunks (10): ['c000460', 'c000464', 'c000468', 'c000437', 'c000274', 'c000201']
  ├─ ReAct Steps: 0 | Latency: 7.71s (Retrieval: 2.96s | Gen: 4.75s)
  └─ Answer Preview: The total maximum sub-points available for the Car-to-Car Rear Stationary (CCRs) test in the ACC/AEB evaluation is 8....

[2026-09-04T11:38:10.809674] [SUCCESS] Query #25: "How long must a vehicle be driven with a blocked sensor before attempting an ass"
  ├─ Rephrased: "blocked sensor duration at start-up"
  ├─ MoE Retrieved Chunks (10): ['c000447', 'c000449', 'c000446', 'c000450', 'c000443', 'c000448']
  ├─ ReAct Steps: 0 | Latency: 9.39s (Retrieval: 2.59s | Gen: 6.80s)
  └─ Answer Preview: A vehicle must be driven for 2 minutes before attempting an assistance system activation at start-up if the sensor is blocked....

[2026-09-04T11:38:10.810069] [SUCCESS] Query #26: "How many points are awarded to systems able to successfully provide a warning an"
  ├─ Rephrased: "Microsleep warning and intervention points"
  ├─ MoE Retrieved Chunks (10): ['c000452', 'c000451', 'c000419', 'c000453', 'c000398', 'c000454']
  ├─ ReAct Steps: 0 | Latency: 6.79s (Retrieval: 2.12s | Gen: 4.67s)
  └─ Answer Preview: 5 points are awarded to systems able to provide a visual + acoustic/haptic warning AND increase the ACC time headway (and/or other intervent...

[2026-09-04T11:38:18.145815] [SUCCESS] Query #28: "How many points are awarded if an unresponsive driver is detected by indirect se"
  ├─ Rephrased: "Indirect sensing prolonged steering inactivity unresponsive driver points"
  ├─ MoE Retrieved Chunks (10): ['c000454', 'c000451', 'c000398', 'c000457', 'c000455', 'c000416']
  ├─ ReAct Steps: 0 | Latency: 9.70s (Retrieval: 2.35s | Gen: 7.35s)
  └─ Answer Preview: 10 points are awarded when the detection is enabled by indirect inputs (e.g., prolonged steering inactivity)....

[2026-09-04T11:38:18.146167] [SUCCESS] Query #27: "How many points are awarded to systems able to successfully provide a warning an"
  ├─ Rephrased: "Sleep Detection Points"
  ├─ MoE Retrieved Chunks (10): ['c000453', 'c000451', 'c000452', 'c000454', 'c000398', 'c000420']
  ├─ ReAct Steps: 0 | Latency: 11.99s (Retrieval: 2.28s | Gen: 9.71s)
  └─ Answer Preview: 5 points are awarded for systems able to provide a visual + acoustic/haptic warning AND increase the ACC time headway (and/or other interven...

[2026-09-04T11:38:24.730530] [SUCCESS] Query #29: "How many bonus points are awarded for an advanced response that changes lanes to"
  ├─ Rephrased: "Emergency lane, unresponsive driver, bonus points, lane change, advanced response, CPFA"
  ├─ MoE Retrieved Chunks (10): ['c000454', 'c000451', 'c000396', 'c000410', 'c000398', 'c000452']
  ├─ ReAct Steps: 0 | Latency: 13.92s (Retrieval: 4.18s | Gen: 9.73s)
  └─ Answer Preview: 5 points...

[2026-09-04T11:38:24.731013] [SUCCESS] Query #30: "To score 5 points in the S-Bend test, an LKA intervention must prevent the vehic"
  ├─ Rephrased: "5-point S-Bend test LKA intervention threshold"
  ├─ MoE Retrieved Chunks (10): ['c000470', 'c000383', 'c000327', 'c000330', 'c000336', 'c000273']
  ├─ ReAct Steps: 0 | Latency: 9.72s (Retrieval: 3.13s | Gen: 6.60s)
  └─ Answer Preview: 0.4m...

[2026-09-04T11:38:30.281475] [SUCCESS] Query #31: "How many points are awarded for a successful Car-to-Car intentional lane change "
  ├─ Rephrased: "Car-to-Car intentional lane change test points Safety Backup LSS"
  ├─ MoE Retrieved Chunks (10): ['c000471', 'c000470', 'c000339', 'c000430', 'c000461', 'c000454']
  ├─ ReAct Steps: 0 | Latency: 12.12s (Retrieval: 3.38s | Gen: 8.74s)
  └─ Answer Preview: 2.5 points...

[2026-09-04T11:38:30.281851] [SUCCESS] Query #32: "By what maximum percentage can a long distraction warning timing threshold be re"
  ├─ Rephrased: "context-based vehicle response strategies,long distraction warning timing threshold,maximu"
  ├─ MoE Retrieved Chunks (10): ['c000419', 'c000452', 'c000250', 'c000397', 'c000418', 'c000453']
  ├─ ReAct Steps: 0 | Latency: 8.73s (Retrieval: 3.17s | Gen: 5.56s)
  └─ Answer Preview: 150%...

[2026-09-04T11:38:39.879369] [SUCCESS] Query #34: "What does PBC stand for in the Frontal Collisions protocol?"
  ├─ Rephrased: "PBC Frontal Collisions"
  ├─ MoE Retrieved Chunks (10): ['c000006', 'c000049', 'c000038', 'c000039', 'c000394', 'c000029']
  ├─ ReAct Steps: 0 | Latency: 11.75s (Retrieval: 2.14s | Gen: 9.61s)
  └─ Answer Preview: Peak Braking Coefficient (PBC) stands for the measure of tyre to road surface friction based on the maximum deceleration of a rolling tyre, ...

[2026-09-04T11:38:39.879707] [SUCCESS] Query #33: "What defines a Transient driver state?"
  ├─ Rephrased: "Transient driver state defines a driver's ability to respond to unexpected hazards."
  ├─ MoE Retrieved Chunks (10): ['c000341', 'c000398', 'c000397', 'c000451', 'c000340', 'c000339']
  ├─ ReAct Steps: 0 | Latency: 15.15s (Retrieval: 3.38s | Gen: 11.76s)
  └─ Answer Preview: A Transient driver state is a state during which the driver's focus on the primary task of driving/controlling the vehicle is temporarily re...

[2026-09-04T11:38:46.071659] [SUCCESS] Query #35: "Which ISO standard specifies the Euro NCAP Bicyclist Target (EBTa)?"
  ├─ Rephrased: "ISO 26262 specifies the Euro NCAP Bicyclist Target (EBTa)"
  ├─ MoE Retrieved Chunks (10): ['c000394', 'c000006', 'c000251', 'c000010', 'c000135', 'c000109']
  ├─ ReAct Steps: 0 | Latency: 15.79s (Retrieval: 5.54s | Gen: 10.25s)
  └─ Answer Preview: The Euro NCAP Bicyclist Target (EBTa) is specified in ISO 19206-4:2020....

[2026-09-04T11:38:46.071990] [SUCCESS] Query #36: "Which ISO standard specifies the Euro NCAP Pedestrian Target (EPTa)?"
  ├─ Rephrased: "ISO 14112 specifies the Euro NCAP Pedestrian Target (EPTa)"
  ├─ MoE Retrieved Chunks (10): ['c000394', 'c000006', 'c000251', 'c000038', 'c000262', 'c000010']
  ├─ ReAct Steps: 0 | Latency: 10.24s (Retrieval: 4.03s | Gen: 6.20s)
  └─ Answer Preview: The Euro NCAP Pedestrian Target (EPTa) is specified in ISO 19206-2:2018....

[2026-09-04T11:38:53.037408] [SUCCESS] Query #38: "What does CPFA stand for?"
  ├─ Rephrased: "CPFA car-to-pedestrian farside adult"
  ├─ MoE Retrieved Chunks (10): ['c000151', 'c000129', 'c000147', 'c000012', 'c000113', 'c000132']
  ├─ ReAct Steps: 0 | Latency: 9.95s (Retrieval: 2.97s | Gen: 6.98s)
  └─ Answer Preview: CPFA stands for Car-to-Pedestrian Crossing....

[2026-09-04T11:38:53.037761] [SUCCESS] Query #37: "How is Vehicle width defined in the Frontal Collisions protocol?"
  ├─ Rephrased: "Frontal Collisions Vehicle width"
  ├─ MoE Retrieved Chunks (10): ['c000037', 'c000260', 'c000008', 'c000095', 'c000012', 'c000097']
  ├─ ReAct Steps: 0 | Latency: 13.15s (Retrieval: 3.19s | Gen: 9.96s)
  └─ Answer Preview: Vehicle width is defined as the widest point of the vehicle ignoring the rear-view mirrors, side marker lamps, tyre pressure indicators, dir...

[2026-09-04T11:38:58.298936] [SUCCESS] Query #40: "What is the required measurement accuracy for VUT and target speed?"
  ├─ Rephrased: "required measurement accuracy for VUT and target speed"
  ├─ MoE Retrieved Chunks (10): ['c000010', 'c000047', 'c000251', 'c000042', 'c000092', 'c000103']
  ├─ ReAct Steps: 0 | Latency: 7.82s (Retrieval: 2.55s | Gen: 5.27s)
  └─ Answer Preview: 0.1km/h...

[2026-09-04T11:38:58.299436] [SUCCESS] Query #39: "At what frequency must all dynamic data be sampled and recorded?"
  ├─ Rephrased: "All dynamic data must be sampled and recorded at 1000Hz."
  ├─ MoE Retrieved Chunks (10): ['c000264', 'c000268', 'c000277', 'c000047', 'c000020', 'c000394']
  ├─ ReAct Steps: 0 | Latency: 12.22s (Retrieval: 4.39s | Gen: 7.83s)
  └─ Answer Preview: All dynamic data must be sampled and recorded at a frequency of at least 100Hz....

[2026-09-04T11:39:02.911435] [SUCCESS] Query #42: "What is the maximum permitted longitudinal slope for the test track surface?"
  ├─ Rephrased: "maximum permitted longitudinal slope test track surface"
  ├─ MoE Retrieved Chunks (10): ['c000049', 'c000270', 'c000051', 'c000322', 'c000055', 'c000272']
  ├─ ReAct Steps: 0 | Latency: 6.78s (Retrieval: 2.15s | Gen: 4.62s)
  └─ Answer Preview: The maximum permitted longitudinal slope for the test track surface is ±1%....

[2026-09-04T11:39:02.911741] [SUCCESS] Query #41: "What type of filter must be applied to acceleration, yaw rate, and steering whee"
  ├─ Rephrased: "acceleration, yaw rate, steering wheel velocity filter"
  ├─ MoE Retrieved Chunks (10): ['c000269', 'c000048', 'c000167', 'c000047', 'c000330', 'c000325']
  ├─ ReAct Steps: 0 | Latency: 9.87s (Retrieval: 3.08s | Gen: 6.79s)
  └─ Answer Preview: A 12-pole phase less Butterworth filter with a cut off frequency of 10Hz must be applied to acceleration, yaw rate, and steering wheel veloc...

[2026-09-04T11:39:07.841344] [SUCCESS] Query #43: "What is the maximum permitted lateral slope for the test track surface?"
  ├─ Rephrased: "maximum permitted lateral slope test track surface"
  ├─ MoE Retrieved Chunks (10): ['c000049', 'c000270', 'c000055', 'c000274', 'c000321', 'c000322']
  ├─ ReAct Steps: 0 | Latency: 9.54s (Retrieval: 2.52s | Gen: 7.02s)
  └─ Answer Preview: The maximum permitted lateral slope for the test track surface is ±3%....

[2026-09-04T11:39:07.841657] [SUCCESS] Query #44: "What is the minimal Peak Braking Coefficient (PBC) required for the test track s"
  ├─ Rephrased: "minimal PBC required for test track surface"
  ├─ MoE Retrieved Chunks (10): ['c000049', 'c000270', 'c000052', 'c000321', 'c000081', 'c000274']
  ├─ ReAct Steps: 0 | Latency: 7.01s (Retrieval: 2.07s | Gen: 4.94s)
  └─ Answer Preview: The minimal Peak Braking Coefficient (PBC) required for the test track surface is 0.9....

[2026-09-04T11:39:12.672296] [SUCCESS] Query #45: "Within what ambient temperature range must Frontal Collision tests be conducted?"
  ├─ Rephrased: "Frontal Collision tests ambient temperature range"
  ├─ MoE Retrieved Chunks (10): ['c000051', 'c000272', 'c000174', 'c000319', 'c000008', 'c000251']
  ├─ ReAct Steps: 0 | Latency: 9.76s (Retrieval: 2.82s | Gen: 6.94s)
  └─ Answer Preview: Ambient temperature must be above 5°C and below 40°C....

[2026-09-04T11:39:12.672614] [SUCCESS] Query #46: "What is the minimum horizontal visibility at ground level required for testing?"
  ├─ Rephrased: "Horizontal visibility ground level minimum"
  ├─ MoE Retrieved Chunks (10): ['c000051', 'c000272', 'c000216', 'c000183', 'c000178', 'c000281']
  ├─ ReAct Steps: 0 | Latency: 6.93s (Retrieval: 2.08s | Gen: 4.84s)
  └─ Answer Preview: The minimum horizontal visibility at ground level required for testing is greater than 1km....

[2026-09-04T11:39:18.877259] [SUCCESS] Query #48: "What is the minimum ambient illumination required for daylight testing?"
  ├─ Rephrased: "Minimum ambient illumination daylight testing"
  ├─ MoE Retrieved Chunks (10): ['c000051', 'c000272', 'c000049', 'c000322', 'c000163', 'c000053']
  ├─ ReAct Steps: 0 | Latency: 8.16s (Retrieval: 1.94s | Gen: 6.22s)
  └─ Answer Preview: In excess of 2000 lux....

[2026-09-04T11:39:18.877595] [SUCCESS] Query #47: "What is the maximum allowable wind speed during Frontal Collision testing?"
  ├─ Rephrased: "Frontal Collision, maximum wind speed"
  ├─ MoE Retrieved Chunks (10): ['c000051', 'c000178', 'c000007', 'c000272', 'c000251', 'c000009']
  ├─ ReAct Steps: 0 | Latency: 11.03s (Retrieval: 2.86s | Gen: 8.17s)
  └─ Answer Preview: The maximum allowable wind speed during Frontal Collision testing is below 10m/s....

[2026-09-04T11:39:23.793176] [SUCCESS] Query #50: "What is the required interior load mass that is added to the unladen kerb mass f"
  ├─ Rephrased: "Required interior load mass added to unladen kerb mass for testing"
  ├─ MoE Retrieved Chunks (10): ['c000055', 'c000056', 'c000276', 'c000274', 'c000178', 'c000183']
  ├─ ReAct Steps: 0 | Latency: 8.05s (Retrieval: 3.13s | Gen: 4.93s)
  └─ Answer Preview: The required interior load mass is 200 kg....

[2026-09-04T11:39:23.793999] [SUCCESS] Query #49: "To what capacity must the fuel tank be filled before measuring the unladen kerb "
  ├─ Rephrased: "fuel tank capacity before unladen kerb mass measurement"
  ├─ MoE Retrieved Chunks (10): ['c000055', 'c000274', 'c000276', 'c000056', 'c000029', 'c000178']
  ├─ ReAct Steps: 0 | Latency: 11.12s (Retrieval: 3.05s | Gen: 8.06s)
  └─ Answer Preview: At least 90% of the tank's capacity of fuel....

[2026-09-04T11:39:29.677977] [SUCCESS] Query #51: "What is the Time Headway used for Car-to-Car Rear Braking (CCRb) scenarios?"
  ├─ Rephrased: "time headway CCRb"
  ├─ MoE Retrieved Chunks (10): ['c000201', 'c000074', 'c000092', 'c000453', 'c000452', 'c000200']
  ├─ ReAct Steps: 0 | Latency: 10.80s (Retrieval: 2.52s | Gen: 8.28s)
  └─ Answer Preview: The Time Headway for Car-to-Car Rear Braking (CCRb) scenarios is 1.0 s....

[2026-09-04T11:39:29.678323] [SUCCESS] Query #52: "What is the target deceleration used for Car-to-Car Rear Braking (CCRb) scenario"
  ├─ Rephrased: "target-deceleration CCRb"
  ├─ MoE Retrieved Chunks (10): ['c000074', 'c000092', 'c000006', 'c000394', 'c000135', 'c000251']
  ├─ ReAct Steps: 0 | Latency: 8.27s (Retrieval: 2.37s | Gen: 5.90s)
  └─ Answer Preview: The target deceleration for Car-to-Car Rear Braking (CCRb) scenarios is -4m/s²....

[2026-09-04T11:39:35.536735] [SUCCESS] Query #53: "What is the minimum speed from which an AEB Pedestrian system must operate in th"
  ├─ Rephrased: "minimum speed AEB Pedestrian CPNA-75"
  ├─ MoE Retrieved Chunks (10): ['c000186', 'c000147', 'c000117', 'c000134', 'c000182', 'c000183']
  ├─ ReAct Steps: 0 | Latency: 11.74s (Retrieval: 3.33s | Gen: 8.41s)
  └─ Answer Preview: 10 km/h...

[2026-09-04T11:39:40.091880] [SUCCESS] Query #56: "What is the required VUT Time Error boundary condition for synchronization in th"
  ├─ Rephrased: "VUT CCCscp Time Error boundary condition"
  ├─ MoE Retrieved Chunks (10): ['c000052', 'c000103', 'c000044', 'c000104', 'c000204', 'c000201']
  ├─ ReAct Steps: 0 | Latency: 7.09s (Retrieval: 2.53s | Gen: 4.57s)
  └─ Answer Preview: The required VUT Time Error boundary condition for synchronization in the CCCscp scenario is ±[0.1]s....

[2026-09-04T11:39:40.092208] [SUCCESS] Query #55: "What is the starting point (T0) relative to Time To Collision for most Frontal C"
  ├─ Rephrased: "T0 relative Time To Collision Frontal Collision test scenarios"
  ├─ MoE Retrieved Chunks (10): ['c000010', 'c000251', 'c000012', 'c000394', 'c000008', 'c000092']
  ├─ ReAct Steps: 0 | Latency: 10.41s (Retrieval: 3.31s | Gen: 7.10s)
  └─ Answer Preview: The starting point T0 is defined as the time at which the vehicle under test (VUT) begins to interact with the test target, and it is used a...

[2026-09-04T11:39:46.821198] [SUCCESS] Query #57: "When must the direction indicator be applied before T_steer in the CCFtap scenar"
  ├─ Rephrased: "When must the direction indicator be applied before T_steer in CCFtap"
  ├─ MoE Retrieved Chunks (10): ['c000012', 'c000094', 'c000139', 'c000095', 'c000017', 'c000008']
  ├─ ReAct Steps: 0 | Latency: 11.28s (Retrieval: 4.53s | Gen: 6.75s)
  └─ Answer Preview: The direction indicator must be applied at $1.0s \pm 0.5s$ before $T_{\text{steer}}$ in the CCFtap scenario....

[2026-09-04T11:39:49.393312] [SUCCESS] Query #54: "In the CCCscp obstructed scenario, what is the gap distance between parked obscu"
  ├─ Rephrased: "CCCscp parked obscuration vehicles gap distance"
  ├─ MoE Retrieved Chunks (10): ['c000103', 'c000052', 'c000109', 'c000180', 'c000104', 'c000181']
  ├─ ReAct Steps: 0 | Latency: 22.26s (Retrieval: 2.53s | Gen: 19.73s)
  └─ Answer Preview: Error during answer generation: Client error '400 Bad Request' for url 'http://localhost:8000/v1/chat/completions' For more information chec...

[2026-09-04T11:39:52.318022] [SUCCESS] Query #60: "What maximum brake level is applied by the braking robot during an FCW test?"
  ├─ Rephrased: "maximum brake level braking robot applied FCW test"
  ├─ MoE Retrieved Chunks (10): ['c000184', 'c000183', 'c000186', 'c000049', 'c000182', 'c000007']
  ├─ ReAct Steps: 0 | Latency: 5.49s (Retrieval: 2.54s | Gen: 2.95s)
  └─ Answer Preview: The maximum brake level applied by the braking robot during an FCW test is $-4\text{ m/s}^2 - 0.50\text{ m/s}^2$....

[2026-09-04T11:39:55.679864] [SUCCESS] Query #62: "At what TTC must steady-state conditions be met for the GVT in the CCCscp scenar"
  ├─ Rephrased: "steady-state conditions GVT CCCscp TTC"
  ├─ MoE Retrieved Chunks (10): ['c000052', 'c000103', 'c000167', 'c000109', 'c000324', 'c000104']
  ├─ ReAct Steps: 0 | Latency: 3.36s (Retrieval: 2.82s | Gen: 0.54s)
  └─ Answer Preview: Steady-state conditions must be met as soon as the GVT has arrived in the field of vision of the VUT, corresponding to [3.5]s TTC....

[2026-09-04T11:39:57.820546] [SUCCESS] Query #58: "What is the maximum allowed VUT lateral deviation tolerance for CPTA and CBTA sc"
  ├─ Rephrased: "maximum allowed VUT lateral deviation tolerance CPTA CBTA"
  ├─ MoE Retrieved Chunks (10): ['c000197', 'c000324', 'c000199', 'c000201', 'c000200', 'c000023']
  ├─ ReAct Steps: 0 | Latency: 17.72s (Retrieval: 4.17s | Gen: 13.55s)
  └─ Answer Preview: Error during answer generation: Client error '400 Bad Request' for url 'http://localhost:8000/v1/chat/completions' For more information chec...

[2026-09-04T11:40:00.261610] [SUCCESS] Query #59: "What is the default delay time for the braking robot reacting to an FCW to accou"
  ├─ Rephrased: "default delay time braking robot FCW driver reaction"
  ├─ MoE Retrieved Chunks (10): ['c000184', 'c000394', 'c000186', 'c000053', 'c000109', 'c000251']
  ├─ ReAct Steps: 0 | Latency: 15.98s (Retrieval: 2.53s | Gen: 13.45s)
  └─ Answer Preview: Error during answer generation: Client error '400 Bad Request' for url 'http://localhost:8000/v1/chat/completions' For more information chec...

[2026-09-04T11:40:00.261937] [SUCCESS] Query #63: "What impact speed tolerance is applied to the verification tests?"
  ├─ Rephrased: "Impact speed tolerance in verification tests"
  ├─ MoE Retrieved Chunks (10): ['c000176', 'c000178', 'c000168', 'c000081', 'c000007', 'c000179']
  ├─ ReAct Steps: 0 | Latency: 4.58s (Retrieval: 2.09s | Gen: 2.49s)
  └─ Answer Preview: A 2 km/h tolerance to the impact speeds of the verification test is applied, with the tolerance applied in both directions....

[2026-09-04T11:40:05.443406] [SUCCESS] Query #61: "How long is the stabilization phase following the target acceleration phase in c"
  ├─ Rephrased: "stabilization phase duration crossing scenarios target acceleration phase"
  ├─ MoE Retrieved Chunks (10): ['c000044', 'c000103', 'c000109', 'c000048', 'c000114', 'c000010']
  ├─ ReAct Steps: 0 | Latency: 16.05s (Retrieval: 2.89s | Gen: 13.15s)
  └─ Answer Preview: Error during answer generation: Client error '400 Bad Request' for url 'http://localhost:8000/v1/chat/completions' For more information chec...

[2026-09-04T11:40:08.264654] [SUCCESS] Query #65: "For the AEB CCRs scenario, up to what maximum test speed must full avoidance be "
  ├─ Rephrased: "maximum test speed for AEB CCRs"
  ├─ MoE Retrieved Chunks (10): ['c000212', 'c000186', 'c000087', 'c000067', 'c000449', 'c000458']
  ├─ ReAct Steps: 0 | Latency: 8.00s (Retrieval: 2.75s | Gen: 5.25s)
  └─ Answer Preview: Up to and including 20 km/h....

[2026-09-04T11:40:08.264984] [SUCCESS] Query #66: "What vehicle category should the smaller obstruction vehicle be according to the"
  ├─ Rephrased: "smaller obstruction vehicle Frontal Collisions protocol"
  ├─ MoE Retrieved Chunks (10): ['c000394', 'c000006', 'c000251', 'c000000', 'c000141', 'c000063']
  ├─ ReAct Steps: 0 | Latency: 5.24s (Retrieval: 2.41s | Gen: 2.83s)
  └─ Answer Preview: The smaller obstruction vehicle should be a GVT (Global Vehicle Target) according to the Frontal Collisions protocol....

[2026-09-04T11:40:13.610994] [SUCCESS] Query #67: "What vehicle category should the larger obstruction vehicle be according to the "
  ├─ Rephrased: "Frontal Collisions larger obstruction vehicle"
  ├─ MoE Retrieved Chunks (10): ['c000114', 'c000225', 'c000115', 'c000113', 'c000209', 'c000046']
  ├─ ReAct Steps: 0 | Latency: 8.16s (Retrieval: 2.80s | Gen: 5.37s)
  └─ Answer Preview: The larger obstruction vehicle should be classified as a car....

[2026-09-04T11:40:18.124635] [SUCCESS] Query #69: "At what specific speed is the Peak Braking Coefficient (PBC) measured using the "
  ├─ Rephrased: "astm reference tyre peak braking coefficient speed"
  ├─ MoE Retrieved Chunks (10): ['c000250', 'c000016', 'c000008', 'c000049', 'c000251', 'c000103']
  ├─ ReAct Steps: 0 | Latency: 7.07s (Retrieval: 2.54s | Gen: 4.53s)
  └─ Answer Preview: The Peak Braking Coefficient (PBC) is measured using the ASTM reference tyre at a speed of 64.4 km/h....

[2026-09-04T11:40:18.124954] [SUCCESS] Query #68: "According to the Lane Departure protocol, what ASTM method is used to measure th"
  ├─ Rephrased: "Lane Departure protocol ASTM method PBC"
  ├─ MoE Retrieved Chunks (10): ['c000250', 'c000313', 'c000314', 'c000305', 'c000273', 'c000271']
  ├─ ReAct Steps: 0 | Latency: 9.86s (Retrieval: 2.77s | Gen: 7.08s)
  └─ Answer Preview: The Peak Braking Coefficient (PBC) is measured using the American Society for Testing and Materials (ASTM) E1136-10 (2010) standard referenc...

[2026-09-04T11:40:24.104020] [SUCCESS] Query #64: "If the relative impact speed reduction is evaluated to be within the red colour "
  ├─ Rephrased: "relative impact speed reduction red band"
  ├─ MoE Retrieved Chunks (10): ['c000188', 'c000201', 'c000200', 'c000458', 'c000196', 'c000103']
  ├─ ReAct Steps: 0 | Latency: 26.28s (Retrieval: 2.42s | Gen: 23.86s)
  └─ Answer Preview: Error during answer generation: Client error '400 Bad Request' for url 'http://localhost:8000/v1/chat/completions' For more information chec...

[2026-09-04T11:40:24.104345] [SUCCESS] Query #70: "What does ELK stand for in the Lane Departure protocol?"
  ├─ Rephrased: "ELK stands for Emergency Lane Keeping in the Lane Departure protocol."
  ├─ MoE Retrieved Chunks (10): ['c000251', 'c000250', 'c000291', 'c000273', 'c000305', 'c000342']
  ├─ ReAct Steps: 0 | Latency: 10.49s (Retrieval: 4.49s | Gen: 6.00s)
  └─ Answer Preview: ELK stands for Emergency Lane Keeping....

[2026-09-04T11:40:29.641329] [SUCCESS] Query #72: "What does DTLE stand for in the Lane Departure protocol?"
  ├─ Rephrased: "DTLE stands for Distance To Lane Edge in the Lane Departure protocol."
  ├─ MoE Retrieved Chunks (10): ['c000252', 'c000251', 'c000291', 'c000342', 'c000343', 'c000313']
  ├─ ReAct Steps: 0 | Latency: 9.10s (Retrieval: 3.55s | Gen: 5.55s)
  └─ Answer Preview: Distance To Lane Edge (DTLE) stands for the remaining lateral distance (perpendicular to the Lane Edge) between the Lane Edge and most outer...

[2026-09-04T11:40:34.891633] [SUCCESS] Query #73: "What is the required measurement accuracy for the VUT heading angle in Lane Depa"
  ├─ Rephrased: "required measurement accuracy VUT heading angle Lane Departure tests"
  ├─ MoE Retrieved Chunks (10): ['c000268', 'c000330', 'c000286', 'c000290', 'c000283', 'c000284']
  ├─ ReAct Steps: 0 | Latency: 10.78s (Retrieval: 3.58s | Gen: 7.21s)
  └─ Answer Preview: The required measurement accuracy for the VUT heading angle in Lane Departure tests is 0.1°....

[2026-09-04T11:40:34.891959] [SUCCESS] Query #74: "What is the specified test lane width when measured from the inside edge of the "
  ├─ Rephrased: "Inside edge lane marking width"
  ├─ MoE Retrieved Chunks (10): ['c000271', 'c000290', 'c000350', 'c000305', 'c000302', 'c000383']
  ├─ ReAct Steps: 0 | Latency: 7.20s (Retrieval: 1.93s | Gen: 5.26s)
  └─ Answer Preview: The test lane width is 3.5 to 3.7 meters when measured from the inside edge of the lane marking....

[2026-09-04T11:40:40.126864] [SUCCESS] Query #75: "What distance must exist between the inner edge of the lane marking and the road"
  ├─ Rephrased: "Lane marking inner edge to road edge distance"
  ├─ MoE Retrieved Chunks (10): ['c000271', 'c000252', 'c000342', 'c000290', 'c000302', 'c000383']
  ├─ ReAct Steps: 0 | Latency: 10.48s (Retrieval: 2.88s | Gen: 7.60s)
  └─ Answer Preview: The inner edge of the lane marking must be at 0.20 to 0.30m from the road edge....

[2026-09-04T11:40:42.743047] [SUCCESS] Query #76: "What is the minimum length of lane marking that must remain ahead of the vehicle"
  ├─ Rephrased: "Minimum length lane marking remaining ahead after Lane Departure test"
  ├─ MoE Retrieved Chunks (10): ['c000271', 'c000302', 'c000310', 'c000305', 'c000290', 'c000252']
  ├─ ReAct Steps: 0 | Latency: 7.85s (Retrieval: 3.27s | Gen: 4.58s)
  └─ Answer Preview: 20m...

[2026-09-04T11:40:42.743361] [SUCCESS] Query #77: "During tyre conditioning, what is the exact diameter of the circle the vehicle m"
  ├─ Rephrased: "Tyre conditioning circle diameter"
  ├─ MoE Retrieved Chunks (10): ['c000321', 'c000178', 'c000275', 'c000052', 'c000006', 'c000008']
  ├─ ReAct Steps: 0 | Latency: 4.57s (Retrieval: 1.94s | Gen: 2.63s)
  └─ Answer Preview: 30m...

[2026-09-04T11:40:47.502848] [SUCCESS] Query #71: "What does LKA stand for in the Lane Departure protocol?"
  ├─ Rephrased: "Lane Keeping Assist (LKA)"
  ├─ MoE Retrieved Chunks (10): ['c000396', 'c000250', 'c000251', 'c000273', 'c000327', 'c000454']
  ├─ ReAct Steps: 0 | Latency: 29.37s (Retrieval: 2.40s | Gen: 26.97s)
  └─ Answer Preview: Error during answer generation: Client error '400 Bad Request' for url 'http://localhost:8000/v1/chat/completions' For more information chec...

[2026-09-04T11:40:47.503156] [SUCCESS] Query #78: "At what speed must the vehicle drive during the sinusoidal tyre conditioning pas"
  ├─ Rephrased: "Sinusoidal tyre conditioning speed"
  ├─ MoE Retrieved Chunks (10): ['c000321', 'c000275', 'c000178', 'c000010', 'c000007', 'c000314']
  ├─ ReAct Steps: 0 | Latency: 7.37s (Retrieval: 2.58s | Gen: 4.79s)
  └─ Answer Preview: 56km/h...

[2026-09-04T11:40:53.826414] [SUCCESS] Query #79: "What frequency is used for the sinusoidal steering input during tyre conditionin"
  ├─ Rephrased: "sinusoidal steering input frequency tyre conditioning"
  ├─ MoE Retrieved Chunks (10): ['c000321', 'c000178', 'c000054', 'c000269', 'c000007', 'c000056']
  ├─ ReAct Steps: 0 | Latency: 11.08s (Retrieval: 2.54s | Gen: 8.54s)
  └─ Answer Preview: The sinusoidal steering input during tyre conditioning is performed at a frequency of 1Hz....

[2026-09-04T11:40:53.826755] [SUCCESS] Query #80: "How many runs must be performed for a system check before actual Lane Departure "
  ├─ Rephrased: "System check runs before Lane Departure testing"
  ├─ MoE Retrieved Chunks (10): ['c000322', 'c000329', 'c000053', 'c000273', 'c000342', 'c000343']
  ├─ ReAct Steps: 0 | Latency: 8.53s (Retrieval: 2.20s | Gen: 6.33s)
  └─ Answer Preview: Before actual Lane Departure testing begins, a maximum of ten runs must be performed for a system check....

[2026-09-04T11:41:02.178732] [SUCCESS] Query #5: "How is Intelligent Adaptive Cruise Control (iACC) defined?"
  ├─ Rephrased: "Intelligent Adaptive Cruise Control (iACC) definition"
  ├─ MoE Retrieved Chunks (10): ['c000395', 'c000432', 'c000436', 'c000442', 'c000406', 'c000431']
  ├─ ReAct Steps: 0 | Latency: 29.63s (Retrieval: 2.34s | Gen: 27.30s)
  └─ Answer Preview: Error during answer generation: Client error '400 Bad Request' for url 'http://localhost:8000/v1/chat/completions' For more information chec...

[2026-09-04T11:41:02.179001] [SUCCESS] Query #82: "At what lateral speed must the Continuous Intervention Driveability testing be c"
  ├─ Rephrased: "Continuous Intervention Driveability testing lateral speed"
  ├─ MoE Retrieved Chunks (10): ['c000284', 'c000282', 'c000336', 'c000338', 'c000285', 'c000330']
  ├─ ReAct Steps: 0 | Latency: 10.61s (Retrieval: 2.23s | Gen: 8.37s)
  └─ Answer Preview: 0.5 m/s...

[2026-09-04T11:41:02.179266] [SUCCESS] Query #81: "What is the specific limit value for DTLE in Lane Departure - ELK Road Edge test"
  ├─ Rephrased: "specific limit value for DTLE in Lane Departure - ELK Road Edge tests"
  ├─ MoE Retrieved Chunks (10): ['c000342', 'c000291', 'c000343', 'c000290', 'c000252', 'c000330']
  ├─ ReAct Steps: 0 | Latency: 14.67s (Retrieval: 4.06s | Gen: 10.62s)
  └─ Answer Preview: The limit value for DTLE in Lane Departure - ELK Road Edge tests is set to -0.1m....

[2026-09-04T11:41:11.862385] [SUCCESS] Query #84: "For steering response tests >=70km/h at a lateral speed of 0.2m/s, what is the m"
  ├─ Rephrased: "steering response tests >=70km/h lateral speed 0.2m/s maximum allowed steering wheel veloc"
  ├─ MoE Retrieved Chunks (10): ['c000283', 'c000336', 'c000284', 'c000268', 'c000286', 'c000330']
  ├─ ReAct Steps: 0 | Latency: 14.46s (Retrieval: 4.77s | Gen: 9.69s)
  └─ Answer Preview: ± 20 °/sec...

[2026-09-04T11:41:11.862734] [SUCCESS] Query #83: "What is the maximum allowed overriding torque during an active lane support syst"
  ├─ Rephrased: "maximum allowed overriding torque during active lane support system intervention Driveabil"
  ├─ MoE Retrieved Chunks (10): ['c000336', 'c000279', 'c000337', 'c000339', 'c000338', 'c000282']
  ├─ ReAct Steps: 0 | Latency: 18.03s (Retrieval: 3.56s | Gen: 14.47s)
  └─ Answer Preview: 3.0Nm + 0.5Nm...

[2026-09-04T11:41:20.594101] [SUCCESS] Query #85: "For steering response tests >=70km/h at a lateral speed of 0.6m/s, what is the m"
  ├─ Rephrased: "steering response tests >=70km/h lateral speed 0.6m/s maximum allowed steering wheel veloc"
  ├─ MoE Retrieved Chunks (10): ['c000336', 'c000283', 'c000330', 'c000282', 'c000284', 'c000268']
  ├─ ReAct Steps: 0 | Latency: 18.41s (Retrieval: 4.93s | Gen: 13.48s)
  └─ Answer Preview: ± 40 °/sec...

[2026-09-04T11:41:20.594504] [SUCCESS] Query #86: "What lateral velocity range is used for unintentional lane changes in the ELK Ca"
  ├─ Rephrased: "What lateral velocity range is used for unintentional lane changes in the ELK Car-to-Car O"
  ├─ MoE Retrieved Chunks (10): ['c000298', 'c000252', 'c000327', 'c000343', 'c000344', 'c000342']
  ├─ ReAct Steps: 0 | Latency: 13.47s (Retrieval: 4.73s | Gen: 8.74s)
  └─ Answer Preview: 0.3 to 0.6 m/s...

[2026-09-04T11:41:27.711590] [SUCCESS] Query #88: "In the ELK Car-to-Car Oncoming scenario, what is the lateral distance of the tar"
  ├─ Rephrased: "ELK Car-to-Car Oncoming scenario lateral distance inner centre dashed lane marking"
  ├─ MoE Retrieved Chunks (10): ['c000297', 'c000305', 'c000302', 'c000310', 'c000327', 'c000383']
  ├─ ReAct Steps: 0 | Latency: 10.83s (Retrieval: 3.70s | Gen: 7.13s)
  └─ Answer Preview: 1.5m...

[2026-09-04T11:41:27.712423] [SUCCESS] Query #87: "What lateral velocity range is used for intentional lane changes in the ELK Car-"
  ├─ Rephrased: "What lateral velocity range is used for intentional lane changes in the ELK Car-to-Car Ove"
  ├─ MoE Retrieved Chunks (10): ['c000298', 'c000252', 'c000344', 'c000327', 'c000343', 'c000345']
  ├─ ReAct Steps: 0 | Latency: 15.85s (Retrieval: 5.00s | Gen: 10.84s)
  └─ Answer Preview: 0.5 to 0.7 m/s...

[2026-09-04T11:41:34.712211] [SUCCESS] Query #89: "In the ELK Car-to-Motorcyclist Oncoming scenario, what is the lateral distance o"
  ├─ Rephrased: "ELK Car-to-Motorcyclist Oncoming scenario lateral distance inner centre dashed lane markin"
  ├─ MoE Retrieved Chunks (10): ['c000305', 'c000297', 'c000310', 'c000302', 'c000327', 'c000344']
  ├─ ReAct Steps: 0 | Latency: 14.11s (Retrieval: 4.27s | Gen: 9.85s)
  └─ Answer Preview: 1m...

[2026-09-04T11:41:34.712543] [SUCCESS] Query #90: "What is the synchronized impact location for the ELK Car-to-Car Oncoming scenari"
  ├─ Rephrased: "synchronized impact location elk car-to-car oncoming"
  ├─ MoE Retrieved Chunks (10): ['c000297', 'c000305', 'c000344', 'c000310', 'c000302', 'c000314']
  ├─ ReAct Steps: 0 | Latency: 9.84s (Retrieval: 2.83s | Gen: 7.01s)
  └─ Answer Preview: The synchronized impact location for the ELK Car-to-Car Oncoming scenario is 90% of the impact location....

[2026-09-04T11:41:42.342596] [SUCCESS] Query #92: "What is the minimum required lateral separation between the VUT and the EMT to a"
  ├─ Rephrased: "minimum required lateral separation VUT EMT to avoid failing ELK test"
  ├─ MoE Retrieved Chunks (10): ['c000344', 'c000327', 'c000310', 'c000305', 'c000284', 'c000383']
  ├─ ReAct Steps: 0 | Latency: 11.10s (Retrieval: 3.46s | Gen: 7.64s)
  └─ Answer Preview: The minimum required lateral separation between the VUT and the EMT to avoid failing the ELK test is greater than 0.3 meters....

[2026-09-04T11:41:42.342944] [SUCCESS] Query #91: "What is the synchronized impact location for the ELK Car-to-Motorcyclist Oncomin"
  ├─ Rephrased: "synchronized impact location elk car-to-motorcyclist oncoming"
  ├─ MoE Retrieved Chunks (10): ['c000305', 'c000297', 'c000344', 'c000310', 'c000257', 'c000302']
  ├─ ReAct Steps: 0 | Latency: 14.63s (Retrieval: 3.52s | Gen: 11.11s)
  └─ Answer Preview: The synchronized impact location for the ELK Car-to-Motorcyclist Oncoming scenario is 110% of the impact location (assuming no system reacti...

[2026-09-04T11:41:48.879141] [SUCCESS] Query #93: "At what specific TTC is an ELK test assumed to have failed if no system interven"
  ├─ Rephrased: "ELK test failed at 1.5s TTC"
  ├─ MoE Retrieved Chunks (10): ['c000327', 'c000305', 'c000344', 'c000328', 'c000139', 'c000297']
  ├─ ReAct Steps: 0 | Latency: 14.16s (Retrieval: 3.46s | Gen: 10.70s)
  └─ Answer Preview: An ELK test is assumed to have failed if no system intervention is observed at a TTC = 0.8s....

[2026-09-04T11:41:48.879474] [SUCCESS] Query #94: "How many points are awarded for a PASS (Avoidance) in the ELK Car & PTW Standard"
  ├─ Rephrased: "How many points are awarded for a PASS in the ELK Car & PTW Standard Range tests"
  ├─ MoE Retrieved Chunks (10): ['c000185', 'c000319', 'c000305', 'c000290', 'c000310', 'c000168']
  ├─ ReAct Steps: 0 | Latency: 10.69s (Retrieval: 4.14s | Gen: 6.55s)
  └─ Answer Preview: The exact number of points awarded for a PASS in the ELK Car & PTW Standard Range tests is not specified in the provided document context....

[2026-09-04T11:41:55.110047] [SUCCESS] Query #96: "How many maximum points are available specifically for the Driveability assessme"
  ├─ Rephrased: "Driveability maximum points Single Vehicle tests"
  ├─ MoE Retrieved Chunks (10): ['c000335', 'c000279', 'c000280', 'c000281', 'c000163', 'c000214']
  ├─ ReAct Steps: 0 | Latency: 8.47s (Retrieval: 2.23s | Gen: 6.24s)
  └─ Answer Preview: 3 points are available for Driver State Link within the Single Vehicle tests....

[2026-09-04T11:41:55.110399] [SUCCESS] Query #95: "What percentage of the total available score in the Standard Range must be achie"
  ├─ Rephrased: "Extended Range scoring eligibility requires achieving a percentage of the total available "
  ├─ MoE Retrieved Chunks (10): ['c000354', 'c000213', 'c000351', 'c000208', 'c000207', 'c000357']
  ├─ ReAct Steps: 0 | Latency: 12.76s (Retrieval: 4.28s | Gen: 8.48s)
  └─ Answer Preview: ≥25% of the total available score must be achieved in the Standard Range to be eligible for Extended Range scoring....

[2026-09-04T11:42:00.426666] [SUCCESS] Query #97: "How many maximum points are available specifically for the Driver State Link ass"
  ├─ Rephrased: "Driver State Link, Single Vehicle, maximum points"
  ├─ MoE Retrieved Chunks (10): ['c000279', 'c000335', 'c000280', 'c000339', 'c000341', 'c000288']
  ├─ ReAct Steps: 0 | Latency: 11.54s (Retrieval: 2.93s | Gen: 8.62s)
  └─ Answer Preview: 3...

[2026-09-04T11:42:00.427464] [SUCCESS] Query #98: "How quickly must the Lane Support sensitivity revert to its nominal setting afte"
  ├─ Rephrased: "Lane Support sensitivity revert speed to nominal setting after Driver Status Monitoring de"
  ├─ MoE Retrieved Chunks (10): ['c000339', 'c000340', 'c000288', 'c000219', 'c000341', 'c000279']
  ├─ ReAct Steps: 0 | Latency: 8.61s (Retrieval: 3.28s | Gen: 5.33s)
  └─ Answer Preview: The Lane Support sensitivity must revert to its nominal setting within <1 second after the DSM system detects its performance is degraded, o...

[2026-09-04T11:42:00.761141] [SUCCESS] Query #99: "What does BSM stand for in the Lane Departure protocol?"
  ├─ Rephrased: "Lane Departure (BSM)"
  ├─ MoE Retrieved Chunks (10): ['c000355', 'c000295', 'c000244', 'c000352', 'c000247', 'c000273']
  ├─ ReAct Steps: 0 | Latency: 5.65s (Retrieval: 2.62s | Gen: 3.02s)
  └─ Answer Preview: BSM stands for "Backstepping Safety Module."...

[2026-09-04T11:42:01.149154] [SUCCESS] Query #100: "How is a Driver Intention Monitoring system defined in the Lane Departure protoc"
  ├─ Rephrased: "Driver Intention Monitoring in Lane Departure protocol"
  ├─ MoE Retrieved Chunks (10): ['c000279', 'c000251', 'c000288', 'c000341', 'c000333', 'c000339']
  ├─ ReAct Steps: 0 | Latency: 3.40s (Retrieval: 2.67s | Gen: 0.73s)
  └─ Answer Preview: A Driver Intention Monitoring (DIM) system is defined as a functionality that allows the vehicle to operate as intended by the manufacturer,...

[2026-09-04T11:44:27.306657] [SUCCESS] Query #1: "What does VUT stand for in the Assisted Driving protocol?"
  ├─ Rephrased: "VUT Assisted Driving"
  ├─ MoE Retrieved Chunks (10): ['c000391', 'c000418', 'c000423', 'c000448', 'c000450', 'c000449']
  ├─ ReAct Steps: 0 | Latency: 15.37s (Retrieval: 1.70s | Gen: 13.67s)
  └─ Answer Preview: VUT stands for Vehicle Under Test....

[2026-09-04T11:44:30.336790] [SUCCESS] Query #2: "What does GVT stand for in the Assisted Driving protocol?"
  ├─ Rephrased: "GVT Assisted Driving"
  ├─ MoE Retrieved Chunks (10): ['c000418', 'c000401', 'c000393', 'c000263', 'c000423', 'c000391']
  ├─ ReAct Steps: 0 | Latency: 16.69s (Retrieval: 1.93s | Gen: 14.76s)
  └─ Answer Preview: GVT stands for Global Vehicle Target....

[2026-09-04T11:44:30.337156] [SUCCESS] Query #3: "In the Assisted Driving Cut-out test, what does SOV stand for?"
  ├─ Rephrased: "In the Assisted Driving Cut-out test, what does SOV stand for"
  ├─ MoE Retrieved Chunks (10): ['c000467', 'c000466', 'c000463', 'c000438', 'c000462', 'c000437']
  ├─ ReAct Steps: 0 | Latency: 14.75s (Retrieval: 3.10s | Gen: 11.65s)
  └─ Answer Preview: SOV stands for Speed Over Vehicle....

[2026-09-04T11:44:30.337402] [SUCCESS] Query #4: "What is the definition of the Speed Limit Information Function (SLIF)?"
  ├─ Rephrased: "speed limit information function (slif)"
  ├─ MoE Retrieved Chunks (10): ['c000475', 'c000395', 'c000434', 'c000435', 'c000432', 'c000410']
  ├─ ReAct Steps: 0 | Latency: 11.64s (Retrieval: 2.06s | Gen: 9.58s)
  └─ Answer Preview: The Speed Limit Information Function (SLIF) is a function with which the vehicle knows and communicates the speed limit....

[2026-09-04T11:44:30.337646] [SUCCESS] Query #6: "What is the minimum design maximum speed for a Real Motorcycle target used in Bl"
  ├─ Rephrased: "Real Motorcycle Blind-Spot Monitoring Tests minimum design maximum speed"
  ├─ MoE Retrieved Chunks (10): ['c000251', 'c000395', 'c000007', 'c000345', 'c000279', 'c000049']
  ├─ ReAct Steps: 0 | Latency: 7.23s (Retrieval: 3.09s | Gen: 4.14s)
  └─ Answer Preview: The minimum design maximum speed for a Real Motorcycle target used in Blind-Spot Monitoring Tests is at least 80km/h by design....

[2026-09-04T11:44:30.337876] [SUCCESS] Query #5: "How is Intelligent Adaptive Cruise Control (iACC) defined?"
  ├─ Rephrased: "Intelligent Adaptive Cruise Control (iACC) definition"
  ├─ MoE Retrieved Chunks (10): ['c000395', 'c000432', 'c000436', 'c000442', 'c000406', 'c000431']
  ├─ ReAct Steps: 0 | Latency: 9.57s (Retrieval: 2.33s | Gen: 7.24s)
  └─ Answer Preview: Intelligent Adaptive Cruise Control (iACC) is an Adaptive Cruise Control combined with the Speed Limit Information Function (SLIF), where th...

[2026-09-04T11:44:40.813004] [SUCCESS] Query #7: "What is the grading requirement to achieve a "VERY GOOD" score in the Highway an"
  ├─ Rephrased: "Highway and Interurban Assist Systems, VERY GOOD"
  ├─ MoE Retrieved Chunks (10): ['c000403', 'c000391', 'c000392', 'c000393', 'c000441', 'c000388']
  ├─ ReAct Steps: 0 | Latency: 13.50s (Retrieval: 3.02s | Gen: 10.49s)
  └─ Answer Preview: ≥ 160 points (≥ 80%)...

[2026-09-04T11:44:44.550221] [SUCCESS] Query #8: "How many points are awarded if a system name contains the word "assistant", "ass"
  ├─ Rephrased: "points awarded system name contains assistant assistance assist"
  ├─ MoE Retrieved Chunks (10): ['c000406', 'c000409', 'c000413', 'c000442', 'c000405', 'c000408']
  ├─ ReAct Steps: 0 | Latency: 14.21s (Retrieval: 2.19s | Gen: 12.01s)
  └─ Answer Preview: 10 points...

[2026-09-04T11:44:44.550539] [SUCCESS] Query #10: "How many points are awarded if the marketing material correctly describes the sy"
  ├─ Rephrased: "Marketing material description points VUT"
  ├─ MoE Retrieved Chunks (10): ['c000407', 'c000450', 'c000405', 'c000448', 'c000447', 'c000470']
  ├─ ReAct Steps: 0 | Latency: 10.31s (Retrieval: 1.80s | Gen: 8.51s)
  └─ Answer Preview: 5 points are awarded if the marketing material correctly describes the system functionality....

[2026-09-04T11:44:44.550745] [SUCCESS] Query #11: "What is the total point value available for the Continuous System Status Indicat"
  ├─ Rephrased: "Continuous System Status Indicator total points"
  ├─ MoE Retrieved Chunks (10): ['c000412', 'c000410', 'c000404', 'c000411', 'c000413', 'c000443']
  ├─ ReAct Steps: 0 | Latency: 8.50s (Retrieval: 2.22s | Gen: 6.28s)
  └─ Answer Preview: The total point value available for the Continuous System Status Indicator is 20....

[2026-09-04T11:44:44.550936] [SUCCESS] Query #12: "What specific color must be used on the Continuous System Status Indicator to de"
  ├─ Rephrased: "Assisted Mode Continuous System Status Indicator color"
  ├─ MoE Retrieved Chunks (10): ['c000412', 'c000410', 'c000404', 'c000411', 'c000413', 'c000444']
  ├─ ReAct Steps: 0 | Latency: 6.27s (Retrieval: 2.52s | Gen: 3.75s)
  └─ Answer Preview: The green color must be used on the Continuous System Status Indicator to denote Assisted Mode....

[2026-09-04T11:44:44.551120] [SUCCESS] Query #9: "What words are strictly forbidden from being used in a system name under the Ass"
  ├─ Rephrased: "assisted driving protocol prohibited words"
  ├─ MoE Retrieved Chunks (10): ['c000388', 'c000401', 'c000418', 'c000420', 'c000390', 'c000442']
  ├─ ReAct Steps: 0 | Latency: 12.00s (Retrieval: 1.68s | Gen: 10.32s)
  └─ Answer Preview: The following words are strictly forbidden from being used in a system name under the Assisted Driving protocol: auto, automatic, automated,...

[2026-09-04T11:44:56.576983] [SUCCESS] Query #13: "What is the recommended decibel range for an additional acoustic indication duri"
  ├─ Rephrased: "recommended decibel range additional acoustic indication system status change"
  ├─ MoE Retrieved Chunks (10): ['c000413', 'c000410', 'c000414', 'c000411', 'c000412', 'c000444']
  ├─ ReAct Steps: 0 | Latency: 15.76s (Retrieval: 3.72s | Gen: 12.04s)
  └─ Answer Preview: 50 to 90 dB...

[2026-09-04T11:45:00.324324] [SUCCESS] Query #14: "How many points are awarded for a system that robustly detects if the driver's h"
  ├─ Rephrased: "Assisted Mode steering wheel detection points"
  ├─ MoE Retrieved Chunks (10): ['c000416', 'c000451', 'c000418', 'c000420', 'c000454', 'c000423']
  ├─ ReAct Steps: 0 | Latency: 15.77s (Retrieval: 2.13s | Gen: 13.64s)
  └─ Answer Preview: 5 points....

[2026-09-04T11:45:00.324626] [SUCCESS] Query #16: "How many repetitive visual distraction instances lead to a controllable Assisted"
  ├─ Rephrased: "repetitive visual distraction instances, controllable Assisted Mode lock-out"
  ├─ MoE Retrieved Chunks (10): ['c000423', 'c000418', 'c000419', 'c000417', 'c000415', 'c000416']
  ├─ ReAct Steps: 0 | Latency: 11.02s (Retrieval: 2.73s | Gen: 8.29s)
  └─ Answer Preview: 3...

[2026-09-04T11:45:00.324826] [SUCCESS] Query #15: "How soon must Assisted Mode be deactivated if the Driver State Monitoring system"
  ├─ Rephrased: "Assisted Mode deactivation timing Driver State Monitoring unavailable complete blockage"
  ├─ MoE Retrieved Chunks (10): ['c000418', 'c000416', 'c000419', 'c000397', 'c000420', 'c000423']
  ├─ ReAct Steps: 0 | Latency: 13.63s (Retrieval: 2.60s | Gen: 11.03s)
  └─ Answer Preview: No later than 10 seconds from the point the DSM becomes unavailable due to a complete blockage....

[2026-09-04T11:45:00.325020] [SUCCESS] Query #18: "What frequency is applied when steering the full sine wave during the Pothole Te"
  ├─ Rephrased: "full sine wave steering Pothole Test frequency"
  ├─ MoE Retrieved Chunks (10): ['c000427', 'c000426', 'c000425', 'c000428', 'c000470', 'c000430']
  ├─ ReAct Steps: 0 | Latency: 5.95s (Retrieval: 2.19s | Gen: 3.76s)
  └─ Answer Preview: The frequency applied when steering the full sine wave during the Pothole Test is 0.25Hz....

[2026-09-04T11:45:00.325212] [SUCCESS] Query #17: "What is the maximum time window within which repetitive distractions will trigge"
  ├─ Rephrased: "Assisted Mode lock-out time window repetitive distractions"
  ├─ MoE Retrieved Chunks (10): ['c000423', 'c000418', 'c000415', 'c000416', 'c000417', 'c000419']
  ├─ ReAct Steps: 0 | Latency: 8.28s (Retrieval: 2.32s | Gen: 5.96s)
  └─ Answer Preview: The maximum time window within which repetitive distractions will trigger an Assisted Mode lock-out is not greater than 30 minutes....

[2026-09-04T11:45:12.930641] [SUCCESS] Query #19: "What is the target Distance To Lane Edge (DTLE) for the steering amplitude in th"
  ├─ Rephrased: "target DTLE for steering amplitude in pothole test"
  ├─ MoE Retrieved Chunks (10): ['c000427', 'c000426', 'c000428', 'c000425', 'c000470', 'c000449']
  ├─ ReAct Steps: 0 | Latency: 16.35s (Retrieval: 3.73s | Gen: 12.62s)
  └─ Answer Preview: The target Distance To Lane Edge (DTLE) for the steering amplitude in the Pothole Test is -50 ±5 cm....

[2026-09-04T11:45:16.709429] [SUCCESS] Query #20: "What is the target Distance To Lane Edge (DTLE) for the steering amplitude in th"
  ├─ Rephrased: "target DTLE for steering amplitude in Partial Lane Change Test"
  ├─ MoE Retrieved Chunks (10): ['c000428', 'c000426', 'c000427', 'c000470', 'c000449', 'c000081']
  ├─ ReAct Steps: 0 | Latency: 16.38s (Retrieval: 2.76s | Gen: 13.62s)
  └─ Answer Preview: -50±5 cm...

[2026-09-04T11:45:16.709737] [SUCCESS] Query #23: "What Time To Collision (TTC) is used for the Cut-out tests to verify Safety Back"
  ├─ Rephrased: "Cut-out tests TTC safety backup"
  ├─ MoE Retrieved Chunks (10): ['c000467', 'c000466', 'c000463', 'c000461', 'c000438', 'c000462']
  ├─ ReAct Steps: 0 | Latency: 8.98s (Retrieval: 2.05s | Gen: 6.93s)
  └─ Answer Preview: The lead vehicle shall cut-out at a TTC of 2s instead of 3s as in ACC Performance....

[2026-09-04T11:45:16.709941] [SUCCESS] Query #22: "How much time does a driver have to confirm an offered lower speed limit for it "
  ├─ Rephrased: "Lower speed limit confirmation time adopted"
  ├─ MoE Retrieved Chunks (10): ['c000475', 'c000434', 'c000435', 'c000432', 'c000395', 'c000449']
  ├─ ReAct Steps: 0 | Latency: 10.79s (Retrieval: 1.80s | Gen: 8.99s)
  └─ Answer Preview: The driver must give the confirmation action 1.5 seconds after the lower limit is offered for it to be considered adopted "in time."...

[2026-09-04T11:45:16.710137] [SUCCESS] Query #24: "What is the total maximum sub-points available for the Car-to-Car Rear Stationar"
  ├─ Rephrased: "total maximum sub-points CCRS ACC/AEB"
  ├─ MoE Retrieved Chunks (10): ['c000460', 'c000464', 'c000468', 'c000437', 'c000274', 'c000201']
  ├─ ReAct Steps: 0 | Latency: 6.92s (Retrieval: 3.13s | Gen: 3.79s)
  └─ Answer Preview: The total maximum sub-points available for the Car-to-Car Rear Stationary (CCRs) test in the ACC/AEB evaluation is 8....

[2026-09-04T11:45:16.710332] [SUCCESS] Query #21: "How many points are awarded for override response if a vehicle has an absolute o"
  ├─ Rephrased: "absolute override torque <5Nm, override response points"
  ├─ MoE Retrieved Chunks (10): ['c000424', 'c000430', 'c000429', 'c000403', 'c000450', 'c000441']
  ├─ ReAct Steps: 0 | Latency: 13.61s (Retrieval: 2.81s | Gen: 10.80s)
  └─ Answer Preview: 20 points are awarded for the reaction of the system if the following conditions are met: the Lane Centering function provides continuous st...

[2026-09-04T11:45:29.011262] [SUCCESS] Query #25: "How long must a vehicle be driven with a blocked sensor before attempting an ass"
  ├─ Rephrased: "blocked sensor duration at start-up"
  ├─ MoE Retrieved Chunks (10): ['c000447', 'c000449', 'c000446', 'c000450', 'c000443', 'c000448']
  ├─ ReAct Steps: 0 | Latency: 16.08s (Retrieval: 3.77s | Gen: 12.31s)
  └─ Answer Preview: A vehicle must be driven for 2 minutes with the assistance system not activated before attempting an activation at start-up....

[2026-09-04T11:45:33.313486] [SUCCESS] Query #29: "How many bonus points are awarded for an advanced response that changes lanes to"
  ├─ Rephrased: "Emergency lane, unresponsive driver, bonus points, lane change, advanced response, CPFA"
  ├─ MoE Retrieved Chunks (10): ['c000454', 'c000451', 'c000396', 'c000410', 'c000398', 'c000452']
  ├─ ReAct Steps: 0 | Latency: 10.79s (Retrieval: 3.37s | Gen: 7.41s)
  └─ Answer Preview: 5 points...

[2026-09-04T11:45:33.313846] [SUCCESS] Query #30: "To score 5 points in the S-Bend test, an LKA intervention must prevent the vehic"
  ├─ Rephrased: "5-point S-Bend test LKA intervention threshold"
  ├─ MoE Retrieved Chunks (10): ['c000470', 'c000383', 'c000327', 'c000330', 'c000336', 'c000273']
  ├─ ReAct Steps: 0 | Latency: 7.40s (Retrieval: 3.09s | Gen: 4.31s)
  └─ Answer Preview: 0.4m...

[2026-09-04T11:45:33.314056] [SUCCESS] Query #28: "How many points are awarded if an unresponsive driver is detected by indirect se"
  ├─ Rephrased: "Indirect sensing prolonged steering inactivity unresponsive driver points"
  ├─ MoE Retrieved Chunks (10): ['c000454', 'c000451', 'c000398', 'c000457', 'c000455', 'c000416']
  ├─ ReAct Steps: 0 | Latency: 13.13s (Retrieval: 2.33s | Gen: 10.80s)
  └─ Answer Preview: 10 points are awarded when the detection is enabled by indirect inputs (e.g., prolonged steering inactivity)....

[2026-09-04T11:45:33.314251] [SUCCESS] Query #26: "How many points are awarded to systems able to successfully provide a warning an"
  ├─ Rephrased: "microsleep warning intervention points"
  ├─ MoE Retrieved Chunks (10): ['c000452', 'c000451', 'c000419', 'c000453', 'c000398', 'c000454']
  ├─ ReAct Steps: 0 | Latency: 16.60s (Retrieval: 2.05s | Gen: 14.55s)
  └─ Answer Preview: 5 points are awarded to systems able to provide a visual + acoustic/haptic warning AND increase the ACC time headway (and/or other intervent...

[2026-09-04T11:45:33.314441] [SUCCESS] Query #27: "How many points are awarded to systems able to successfully provide a warning an"
  ├─ Rephrased: "Sleep Detection Points"
  ├─ MoE Retrieved Chunks (10): ['c000453', 'c000451', 'c000452', 'c000454', 'c000398', 'c000420']
  ├─ ReAct Steps: 0 | Latency: 14.54s (Retrieval: 1.41s | Gen: 13.14s)
  └─ Answer Preview: 5 points are awarded for systems able to provide a visual + acoustic/haptic warning AND increase the ACC time headway (and/or other interven...

[2026-09-04T11:45:50.106625] [SUCCESS] Query #31: "How many points are awarded for a successful Car-to-Car intentional lane change "
  ├─ Rephrased: "Car-to-Car intentional lane change test points Safety Backup LSS"
  ├─ MoE Retrieved Chunks (10): ['c000471', 'c000470', 'c000339', 'c000430', 'c000461', 'c000454']
  ├─ ReAct Steps: 0 | Latency: 21.09s (Retrieval: 4.29s | Gen: 16.80s)
  └─ Answer Preview: 2.5 points...

[2026-09-04T11:45:54.895614] [SUCCESS] Query #32: "By what maximum percentage can a long distraction warning timing threshold be re"
  ├─ Rephrased: "context-based vehicle response strategies,long distraction warning timing threshold,maximu"
  ├─ MoE Retrieved Chunks (10): ['c000419', 'c000452', 'c000250', 'c000397', 'c000418', 'c000453']
  ├─ ReAct Steps: 0 | Latency: 21.58s (Retrieval: 3.26s | Gen: 18.32s)
  └─ Answer Preview: 150%...

[2026-09-04T11:45:54.895939] [SUCCESS] Query #35: "Which ISO standard specifies the Euro NCAP Bicyclist Target (EBTa)?"
  ├─ Rephrased: "ISO 26262 specifies the Euro NCAP Bicyclist Target (EBTa)"
  ├─ MoE Retrieved Chunks (10): ['c000394', 'c000006', 'c000251', 'c000010', 'c000135', 'c000109']
  ├─ ReAct Steps: 0 | Latency: 13.23s (Retrieval: 4.41s | Gen: 8.82s)
  └─ Answer Preview: The Euro NCAP Bicyclist Target (EBTa) is specified in ISO 19206-4:2020....

[2026-09-04T11:45:54.896159] [SUCCESS] Query #36: "Which ISO standard specifies the Euro NCAP Pedestrian Target (EPTa)?"
  ├─ Rephrased: "ISO 14112 specifies the Euro NCAP Pedestrian Target (EPTa)"
  ├─ MoE Retrieved Chunks (10): ['c000394', 'c000006', 'c000251', 'c000038', 'c000262', 'c000010']
  ├─ ReAct Steps: 0 | Latency: 8.81s (Retrieval: 4.01s | Gen: 4.80s)
  └─ Answer Preview: The Euro NCAP Pedestrian Target (EPTa) is specified in ISO 19206-2:2018....

[2026-09-04T11:45:54.896353] [SUCCESS] Query #34: "What does PBC stand for in the Frontal Collisions protocol?"
  ├─ Rephrased: "Frontal Collisions PBC"
  ├─ MoE Retrieved Chunks (10): ['c000006', 'c000270', 'c000049', 'c000029', 'c000003', 'c000027']
  ├─ ReAct Steps: 0 | Latency: 15.32s (Retrieval: 2.08s | Gen: 13.24s)
  └─ Answer Preview: Peak Braking Coefficient (PBC) stands for the measure of tyre to road surface friction based on the maximum deceleration of a rolling tyre, ...

[2026-09-04T11:45:54.896553] [SUCCESS] Query #33: "What defines a Transient driver state?"
  ├─ Rephrased: "Transient driver state defines a driver's ability to respond to unexpected hazards."
  ├─ MoE Retrieved Chunks (10): ['c000341', 'c000398', 'c000397', 'c000451', 'c000340', 'c000339']
  ├─ ReAct Steps: 0 | Latency: 18.31s (Retrieval: 2.97s | Gen: 15.33s)
  └─ Answer Preview: A Transient driver state is a state during which the driver's focus on the primary task of driving/controlling the vehicle is temporarily re...

[2026-09-04T11:46:09.257168] [SUCCESS] Query #37: "How is Vehicle width defined in the Frontal Collisions protocol?"
  ├─ Rephrased: "Frontal Collisions Vehicle width widest point of the vehicle ignoring rear-view mirrors"
  ├─ MoE Retrieved Chunks (10): ['c000008', 'c000012', 'c000037', 'c000041', 'c000027', 'c000092']
  ├─ ReAct Steps: 0 | Latency: 19.15s (Retrieval: 4.78s | Gen: 14.37s)
  └─ Answer Preview: The vehicle width is defined as the widest point of the vehicle ignoring the rear-view mirrors, side marker lamps, tyre pressure indicators,...

[2026-09-04T11:46:12.309796] [SUCCESS] Query #40: "What is the required measurement accuracy for VUT and target speed?"
  ├─ Rephrased: "required measurement accuracy for VUT and target speed"
  ├─ MoE Retrieved Chunks (10): ['c000010', 'c000047', 'c000251', 'c000042', 'c000092', 'c000103']
  ├─ ReAct Steps: 0 | Latency: 10.20s (Retrieval: 2.52s | Gen: 7.68s)
  └─ Answer Preview: 0.1km/h...

[2026-09-04T11:46:12.310123] [SUCCESS] Query #38: "What does CPFA stand for?"
  ├─ Rephrased: "CPFA car-to-pedestrian farside adult"
  ├─ MoE Retrieved Chunks (10): ['c000151', 'c000129', 'c000147', 'c000012', 'c000113', 'c000132']
  ├─ ReAct Steps: 0 | Latency: 17.41s (Retrieval: 3.78s | Gen: 13.63s)
  └─ Answer Preview: CPFA stands for Car-to-Pedestrian Crossing....

[2026-09-04T11:46:12.310354] [SUCCESS] Query #42: "What is the maximum permitted longitudinal slope for the test track surface?"
  ├─ Rephrased: "maximum permitted longitudinal slope test track surface"
  ├─ MoE Retrieved Chunks (10): ['c000049', 'c000270', 'c000051', 'c000322', 'c000055', 'c000272']
  ├─ ReAct Steps: 0 | Latency: 4.99s (Retrieval: 1.93s | Gen: 3.06s)
  └─ Answer Preview: The maximum permitted longitudinal slope for the test track surface is ±1%....

[2026-09-04T11:46:12.310570] [SUCCESS] Query #39: "At what frequency must all dynamic data be sampled and recorded?"
  ├─ Rephrased: "All dynamic data must be sampled and recorded at 1000Hz"
  ├─ MoE Retrieved Chunks (10): ['c000264', 'c000268', 'c000284', 'c000020', 'c000047', 'c000277']
  ├─ ReAct Steps: 0 | Latency: 13.62s (Retrieval: 3.41s | Gen: 10.21s)
  └─ Answer Preview: All dynamic data must be sampled and recorded at a frequency of at least 100Hz....

[2026-09-04T11:46:12.310778] [SUCCESS] Query #41: "What type of filter must be applied to acceleration, yaw rate, and steering whee"
  ├─ Rephrased: "acceleration, yaw rate, steering wheel velocity filter"
  ├─ MoE Retrieved Chunks (10): ['c000269', 'c000048', 'c000167', 'c000047', 'c000330', 'c000325']
  ├─ ReAct Steps: 0 | Latency: 7.67s (Retrieval: 2.67s | Gen: 5.00s)
  └─ Answer Preview: A 12-pole phase less Butterworth filter with a cut off frequency of 10Hz must be applied to acceleration, yaw rate, and steering wheel veloc...

[2026-09-04T11:46:23.361724] [SUCCESS] Query #43: "What is the maximum permitted lateral slope for the test track surface?"
  ├─ Rephrased: "maximum permitted lateral slope test track surface"
  ├─ MoE Retrieved Chunks (10): ['c000049', 'c000270', 'c000055', 'c000274', 'c000321', 'c000322']
  ├─ ReAct Steps: 0 | Latency: 14.10s (Retrieval: 3.04s | Gen: 11.06s)
  └─ Answer Preview: The maximum permitted lateral slope for the test track surface is ±3%....

[2026-09-04T11:46:26.983411] [SUCCESS] Query #48: "What is the minimum ambient illumination required for daylight testing?"
  ├─ Rephrased: "Minimum ambient illumination daylight testing"
  ├─ MoE Retrieved Chunks (10): ['c000051', 'c000272', 'c000049', 'c000322', 'c000163', 'c000053']
  ├─ ReAct Steps: 0 | Latency: 5.56s (Retrieval: 1.93s | Gen: 3.63s)
  └─ Answer Preview: In excess of 2000 lux....

[2026-09-04T11:46:26.983714] [SUCCESS] Query #45: "Within what ambient temperature range must Frontal Collision tests be conducted?"
  ├─ Rephrased: "Frontal Collision tests ambient temperature range"
  ├─ MoE Retrieved Chunks (10): ['c000051', 'c000272', 'c000174', 'c000319', 'c000008', 'c000251']
  ├─ ReAct Steps: 0 | Latency: 12.41s (Retrieval: 2.37s | Gen: 10.04s)
  └─ Answer Preview: Ambient temperature must be above 5°C and below 40°C....

[2026-09-04T11:46:26.983923] [SUCCESS] Query #46: "What is the minimum horizontal visibility at ground level required for testing?"
  ├─ Rephrased: "Minimum horizontal visibility ground level testing"
  ├─ MoE Retrieved Chunks (10): ['c000051', 'c000272', 'c000053', 'c000178', 'c000049', 'c000383']
  ├─ ReAct Steps: 0 | Latency: 10.03s (Retrieval: 2.08s | Gen: 7.95s)
  └─ Answer Preview: The minimum horizontal visibility at ground level required for testing is greater than 1km....

[2026-09-04T11:46:26.984117] [SUCCESS] Query #44: "What is the minimal Peak Braking Coefficient (PBC) required for the test track s"
  ├─ Rephrased: "minimal PBC required for test track surface"
  ├─ MoE Retrieved Chunks (10): ['c000049', 'c000270', 'c000052', 'c000321', 'c000081', 'c000274']
  ├─ ReAct Steps: 0 | Latency: 14.67s (Retrieval: 2.25s | Gen: 12.42s)
  └─ Answer Preview: The minimal Peak Braking Coefficient (PBC) required for the test track surface is 0.9....

[2026-09-04T11:46:26.984308] [SUCCESS] Query #47: "What is the maximum allowable wind speed during Frontal Collision testing?"
  ├─ Rephrased: "Frontal Collision, maximum wind speed"
  ├─ MoE Retrieved Chunks (10): ['c000051', 'c000178', 'c000007', 'c000272', 'c000251', 'c000009']
  ├─ ReAct Steps: 0 | Latency: 7.94s (Retrieval: 2.36s | Gen: 5.58s)
  └─ Answer Preview: The maximum allowable wind speed during Frontal Collision testing is below 10m/s to minimise VUT disturbance....

[2026-09-04T11:46:40.139914] [SUCCESS] Query #49: "To what capacity must the fuel tank be filled before measuring the unladen kerb "
  ├─ Rephrased: "fuel tank capacity before unladen kerb mass measurement"
  ├─ MoE Retrieved Chunks (10): ['c000055', 'c000274', 'c000276', 'c000056', 'c000029', 'c000178']
  ├─ ReAct Steps: 0 | Latency: 16.78s (Retrieval: 3.61s | Gen: 13.17s)
  └─ Answer Preview: At least 90% of the tank's capacity of fuel....

[2026-09-04T11:46:44.333345] [SUCCESS] Query #53: "What is the minimum speed from which an AEB Pedestrian system must operate in th"
  ├─ Rephrased: "minimum speed AEB Pedestrian CPNA-75"
  ├─ MoE Retrieved Chunks (10): ['c000186', 'c000147', 'c000117', 'c000134', 'c000182', 'c000183']
  ├─ ReAct Steps: 0 | Latency: 9.56s (Retrieval: 2.84s | Gen: 6.72s)
  └─ Answer Preview: 10 km/h...

[2026-09-04T11:46:44.333652] [SUCCESS] Query #50: "What is the required interior load mass that is added to the unladen kerb mass f"
  ├─ Rephrased: "Required interior load mass added to unladen kerb mass for testing"
  ├─ MoE Retrieved Chunks (10): ['c000055', 'c000056', 'c000276', 'c000274', 'c000178', 'c000183']
  ├─ ReAct Steps: 0 | Latency: 17.35s (Retrieval: 3.30s | Gen: 14.04s)
  └─ Answer Preview: The required interior load mass is 200 kg....

[2026-09-04T11:46:44.333858] [SUCCESS] Query #51: "What is the Time Headway used for Car-to-Car Rear Braking (CCRb) scenarios?"
  ├─ Rephrased: "time headway CCRb"
  ├─ MoE Retrieved Chunks (10): ['c000201', 'c000074', 'c000092', 'c000453', 'c000452', 'c000200']
  ├─ ReAct Steps: 0 | Latency: 14.03s (Retrieval: 2.08s | Gen: 11.95s)
  └─ Answer Preview: The Time Headway for Car-to-Car Rear Braking (CCRb) scenarios is 1.0 s....

[2026-09-04T11:46:44.334061] [SUCCESS] Query #54: "In the CCCscp obstructed scenario, what is the gap distance between parked obscu"
  ├─ Rephrased: "CCCscp parked obscuration vehicles gap distance"
  ├─ MoE Retrieved Chunks (10): ['c000103', 'c000052', 'c000109', 'c000180', 'c000104', 'c000181']
  ├─ ReAct Steps: 0 | Latency: 6.72s (Retrieval: 2.51s | Gen: 4.20s)
  └─ Answer Preview: The gap distance between the parked obscuration vehicles in the CCCscp obstructed scenario is 1m....

[2026-09-04T11:46:44.334251] [SUCCESS] Query #52: "What is the target deceleration used for Car-to-Car Rear Braking (CCRb) scenario"
  ├─ Rephrased: "target-deceleration CCRb"
  ├─ MoE Retrieved Chunks (10): ['c000074', 'c000092', 'c000006', 'c000394', 'c000135', 'c000251']
  ├─ ReAct Steps: 0 | Latency: 11.94s (Retrieval: 2.37s | Gen: 9.58s)
  └─ Answer Preview: The target deceleration for Car-to-Car Rear Braking (CCRb) scenarios is -4m/s²....

[2026-09-04T11:46:58.915220] [SUCCESS] Query #55: "What is the starting point (T0) relative to Time To Collision for most Frontal C"
  ├─ Rephrased: "T0 relative Time To Collision Frontal Collision test scenarios"
  ├─ MoE Retrieved Chunks (10): ['c000010', 'c000251', 'c000012', 'c000394', 'c000008', 'c000092']
  ├─ ReAct Steps: 0 | Latency: 18.77s (Retrieval: 4.18s | Gen: 14.59s)
  └─ Answer Preview: The starting point T0 is defined as the time when the vehicle under test (VUT) begins to apply braking to avoid a collision....

[2026-09-04T11:47:02.728357] [SUCCESS] Query #56: "What is the required VUT Time Error boundary condition for synchronization in th"
  ├─ Rephrased: "VUT CCCscp Time Error boundary condition"
  ├─ MoE Retrieved Chunks (10): ['c000052', 'c000103', 'c000044', 'c000104', 'c000204', 'c000201']
  ├─ ReAct Steps: 0 | Latency: 18.39s (Retrieval: 2.94s | Gen: 15.45s)
  └─ Answer Preview: ±[0.1]s...

[2026-09-04T11:47:02.728660] [SUCCESS] Query #59: "What is the default delay time for the braking robot reacting to an FCW to accou"
  ├─ Rephrased: "default delay time braking robot FCW"
  ├─ MoE Retrieved Chunks (10): ['c000184', 'c000186', 'c000394', 'c000125', 'c000012', 'c000144']
  ├─ ReAct Steps: 0 | Latency: 8.59s (Retrieval: 2.23s | Gen: 6.36s)
  └─ Answer Preview: 1.2 seconds...

[2026-09-04T11:47:02.728863] [SUCCESS] Query #58: "What is the maximum allowed VUT lateral deviation tolerance for CPTA and CBTA sc"
  ├─ Rephrased: "maximum allowed VUT lateral deviation tolerance CPTA CBTA"
  ├─ MoE Retrieved Chunks (10): ['c000197', 'c000324', 'c000199', 'c000201', 'c000200', 'c000023']
  ├─ ReAct Steps: 0 | Latency: 11.74s (Retrieval: 3.15s | Gen: 8.60s)
  └─ Answer Preview: The maximum allowed VUT lateral deviation tolerance for CPTA and CBTA scenarios is 0 ± 0.05 m....

[2026-09-04T11:47:02.729057] [SUCCESS] Query #57: "When must the direction indicator be applied before T_steer in the CCFtap scenar"
  ├─ Rephrased: "When must the direction indicator be applied before T_steer in CCFtap"
  ├─ MoE Retrieved Chunks (10): ['c000012', 'c000094', 'c000139', 'c000095', 'c000017', 'c000008']
  ├─ ReAct Steps: 0 | Latency: 15.44s (Retrieval: 3.69s | Gen: 11.75s)
  └─ Answer Preview: The direction indicator must be applied at $1.0s \pm 0.5s$ before $T_{\text{steer}}$ in the CCFtap scenario....

[2026-09-04T11:47:02.729249] [SUCCESS] Query #60: "What maximum brake level is applied by the braking robot during an FCW test?"
  ├─ Rephrased: "maximum brake level braking robot applied FCW test"
  ├─ MoE Retrieved Chunks (10): ['c000184', 'c000183', 'c000186', 'c000049', 'c000182', 'c000007']
  ├─ ReAct Steps: 0 | Latency: 6.35s (Retrieval: 2.52s | Gen: 3.83s)
  └─ Answer Preview: The braking robot applies a maximum brake level of $-4\text{ m/s}^2$ - $0.50\text{ m/s}^2$ during an FCW test....

[2026-09-04T11:47:14.966113] [SUCCESS] Query #61: "How long is the stabilization phase following the target acceleration phase in c"
  ├─ Rephrased: "stabilization phase duration crossing scenarios target acceleration phase"
  ├─ MoE Retrieved Chunks (10): ['c000044', 'c000103', 'c000109', 'c000048', 'c000114', 'c000010']
  ├─ ReAct Steps: 0 | Latency: 16.05s (Retrieval: 3.80s | Gen: 12.25s)
  └─ Answer Preview: The stabilization phase following the target acceleration phase in crossing scenarios is 0.5s....

[2026-09-04T11:47:18.496573] [SUCCESS] Query #65: "For the AEB CCRs scenario, up to what maximum test speed must full avoidance be "
  ├─ Rephrased: "maximum test speed for AEB CCRs"
  ├─ MoE Retrieved Chunks (10): ['c000212', 'c000186', 'c000087', 'c000067', 'c000449', 'c000458']
  ├─ ReAct Steps: 0 | Latency: 8.45s (Retrieval: 2.52s | Gen: 5.93s)
  └─ Answer Preview: Up to and including 20 km/h....

[2026-09-04T11:47:18.496974] [SUCCESS] Query #63: "What impact speed tolerance is applied to the verification tests?"
  ├─ Rephrased: "Impact speed tolerance in verification tests"
  ├─ MoE Retrieved Chunks (10): ['c000176', 'c000178', 'c000168', 'c000081', 'c000007', 'c000179']
  ├─ ReAct Steps: 0 | Latency: 12.63s (Retrieval: 2.08s | Gen: 10.55s)
  └─ Answer Preview: A 2 km/h tolerance to the impact speeds of the verification test is applied, with the tolerance applied in both directions....

[2026-09-04T11:47:18.497182] [SUCCESS] Query #66: "What vehicle category should the smaller obstruction vehicle be according to the"
  ├─ Rephrased: "smaller obstruction vehicle Frontal Collisions protocol"
  ├─ MoE Retrieved Chunks (10): ['c000394', 'c000006', 'c000251', 'c000000', 'c000141', 'c000063']
  ├─ ReAct Steps: 0 | Latency: 5.92s (Retrieval: 2.38s | Gen: 3.54s)
  └─ Answer Preview: The smaller obstruction vehicle should be a GVT (Global Vehicle Target) according to the Frontal Collisions protocol....

[2026-09-04T11:47:18.497375] [SUCCESS] Query #62: "At what TTC must steady-state conditions be met for the GVT in the CCCscp scenar"
  ├─ Rephrased: "steady-state conditions GVT CCCscp TTC"
  ├─ MoE Retrieved Chunks (10): ['c000052', 'c000103', 'c000167', 'c000109', 'c000324', 'c000104']
  ├─ ReAct Steps: 0 | Latency: 15.76s (Retrieval: 3.12s | Gen: 12.65s)
  └─ Answer Preview: Steady-state conditions must be met as soon as the GVT has arrived in the field of vision of the VUT, corresponding to [3.5]s TTC....

[2026-09-04T11:47:18.497572] [SUCCESS] Query #64: "If the relative impact speed reduction is evaluated to be within the red colour "
  ├─ Rephrased: "relative impact speed reduction red band"
  ├─ MoE Retrieved Chunks (10): ['c000188', 'c000201', 'c000200', 'c000458', 'c000196', 'c000103']
  ├─ ReAct Steps: 0 | Latency: 10.54s (Retrieval: 2.07s | Gen: 8.47s)
  └─ Answer Preview: A relative impact speed reduction of within the red colour band indicates that the vehicle did not achieve full avoidance of the collision, ...

[2026-09-04T11:47:34.263512] [SUCCESS] Query #67: "What vehicle category should the larger obstruction vehicle be according to the "
  ├─ Rephrased: "Frontal Collisions larger obstruction vehicle"
  ├─ MoE Retrieved Chunks (10): ['c000114', 'c000225', 'c000115', 'c000113', 'c000209', 'c000046']
  ├─ ReAct Steps: 0 | Latency: 19.30s (Retrieval: 3.52s | Gen: 15.78s)
  └─ Answer Preview: The larger obstruction vehicle should be classified as a car....

[2026-09-04T11:47:39.015669] [SUCCESS] Query #70: "What does ELK stand for in the Lane Departure protocol?"
  ├─ Rephrased: "ELK stands for Emergency Lane Keeping in the Lane Departure protocol."
  ├─ MoE Retrieved Chunks (10): ['c000251', 'c000250', 'c000291', 'c000273', 'c000305', 'c000342']
  ├─ ReAct Steps: 0 | Latency: 13.95s (Retrieval: 3.39s | Gen: 10.56s)
  └─ Answer Preview: ELK stands for Emergency Lane Keeping....

[2026-09-04T11:47:39.015982] [SUCCESS] Query #69: "At what specific speed is the Peak Braking Coefficient (PBC) measured using the "
  ├─ Rephrased: "astm reference tyre peak braking coefficient speed"
  ├─ MoE Retrieved Chunks (10): ['c000250', 'c000016', 'c000008', 'c000049', 'c000251', 'c000103']
  ├─ ReAct Steps: 0 | Latency: 16.47s (Retrieval: 2.51s | Gen: 13.96s)
  └─ Answer Preview: The Peak Braking Coefficient (PBC) is measured using the ASTM reference tyre at a speed of 64.4 km/h....

[2026-09-04T11:47:39.016206] [SUCCESS] Query #71: "What does LKA stand for in the Lane Departure protocol?"
  ├─ Rephrased: "Lane Keeping Assist (LKA)"
  ├─ MoE Retrieved Chunks (10): ['c000396', 'c000250', 'c000251', 'c000273', 'c000327', 'c000454']
  ├─ ReAct Steps: 0 | Latency: 10.55s (Retrieval: 2.23s | Gen: 8.32s)
  └─ Answer Preview: Lane Keeping Assist (LKA) stands for the heading correction that is applied automatically by the vehicle in response to the detection of the...

[2026-09-04T11:47:39.016398] [SUCCESS] Query #72: "What does DTLE stand for in the Lane Departure protocol?"
  ├─ Rephrased: "DTLE stands for Distance To Lane Edge in the Lane Departure protocol."
  ├─ MoE Retrieved Chunks (10): ['c000252', 'c000251', 'c000291', 'c000342', 'c000343', 'c000313']
  ├─ ReAct Steps: 0 | Latency: 8.31s (Retrieval: 3.55s | Gen: 4.76s)
  └─ Answer Preview: Distance To Lane Edge (DTLE) stands for the remaining lateral distance (perpendicular to the Lane Edge) between the Lane Edge and most outer...

[2026-09-04T11:47:39.016591] [SUCCESS] Query #68: "According to the Lane Departure protocol, what ASTM method is used to measure th"
  ├─ Rephrased: "Lane Departure protocol, ASTM method for Peak Braking Coefficient (PBC)"
  ├─ MoE Retrieved Chunks (10): ['c000250', 'c000251', 'c000006', 'c000049', 'c000008', 'c000394']
  ├─ ReAct Steps: 0 | Latency: 20.52s (Retrieval: 4.04s | Gen: 16.48s)
  └─ Answer Preview: The Peak Braking Coefficient (PBC) is measured using the American Society for Testing and Materials (ASTM) E1136-10 (2010) standard referenc...

[2026-09-04T11:47:50.802851] [SUCCESS] Query #73: "What is the required measurement accuracy for the VUT heading angle in Lane Depa"
  ├─ Rephrased: "required measurement accuracy VUT heading angle Lane Departure tests"
  ├─ MoE Retrieved Chunks (10): ['c000268', 'c000330', 'c000286', 'c000290', 'c000283', 'c000284']
  ├─ ReAct Steps: 0 | Latency: 16.54s (Retrieval: 4.74s | Gen: 11.80s)
  └─ Answer Preview: The required measurement accuracy for the VUT heading angle in Lane Departure tests is 0.1°....

[2026-09-04T11:47:54.209130] [SUCCESS] Query #76: "What is the minimum length of lane marking that must remain ahead of the vehicle"
  ├─ Rephrased: "Minimum length lane marking remaining ahead after Lane Departure test"
  ├─ MoE Retrieved Chunks (10): ['c000271', 'c000302', 'c000310', 'c000305', 'c000290', 'c000252']
  ├─ ReAct Steps: 0 | Latency: 10.56s (Retrieval: 2.97s | Gen: 7.59s)
  └─ Answer Preview: 20m...

[2026-09-04T11:47:54.209474] [SUCCESS] Query #77: "During tyre conditioning, what is the exact diameter of the circle the vehicle m"
  ├─ Rephrased: "Tyre conditioning circle diameter"
  ├─ MoE Retrieved Chunks (10): ['c000321', 'c000178', 'c000275', 'c000052', 'c000006', 'c000008']
  ├─ ReAct Steps: 0 | Latency: 7.58s (Retrieval: 1.93s | Gen: 5.65s)
  └─ Answer Preview: 30m...

[2026-09-04T11:47:54.209698] [SUCCESS] Query #78: "At what speed must the vehicle drive during the sinusoidal tyre conditioning pas"
  ├─ Rephrased: "Sinusoidal tyre conditioning speed"
  ├─ MoE Retrieved Chunks (10): ['c000321', 'c000275', 'c000178', 'c000010', 'c000007', 'c000314']
  ├─ ReAct Steps: 0 | Latency: 5.64s (Retrieval: 2.22s | Gen: 3.42s)
  └─ Answer Preview: 56km/h...

[2026-09-04T11:47:54.209893] [SUCCESS] Query #74: "What is the specified test lane width when measured from the inside edge of the "
  ├─ Rephrased: "Inside edge lane marking width"
  ├─ MoE Retrieved Chunks (10): ['c000271', 'c000290', 'c000350', 'c000305', 'c000302', 'c000383']
  ├─ ReAct Steps: 0 | Latency: 15.19s (Retrieval: 2.23s | Gen: 12.96s)
  └─ Answer Preview: The test lane width is 3.5 to 3.7 meters when measured from the inside edge of the lane marking....

[2026-09-04T11:47:54.210091] [SUCCESS] Query #75: "What distance must exist between the inner edge of the lane marking and the road"
  ├─ Rephrased: "Lane marking inner edge to road edge distance"
  ├─ MoE Retrieved Chunks (10): ['c000271', 'c000252', 'c000342', 'c000290', 'c000302', 'c000383']
  ├─ ReAct Steps: 0 | Latency: 12.95s (Retrieval: 2.37s | Gen: 10.57s)
  └─ Answer Preview: The inner edge of the lane marking must be at 0.20 to 0.30m from the road edge....

[2026-09-04T11:48:11.840629] [SUCCESS] Query #82: "At what lateral speed must the Continuous Intervention Driveability testing be c"
  ├─ Rephrased: "Continuous Intervention Driveability testing lateral speed"
  ├─ MoE Retrieved Chunks (10): ['c000284', 'c000282', 'c000336', 'c000338', 'c000285', 'c000330']
  ├─ ReAct Steps: 0 | Latency: 11.51s (Retrieval: 2.23s | Gen: 9.28s)
  └─ Answer Preview: 0.5 m/s...

[2026-09-04T11:48:16.509897] [SUCCESS] Query #84: "For steering response tests >=70km/h at a lateral speed of 0.2m/s, what is the m"
  ├─ Rephrased: "steering response tests >=70km/h lateral speed 0.2m/s maximum allowed steering wheel veloc"
  ├─ MoE Retrieved Chunks (10): ['c000283', 'c000336', 'c000284', 'c000268', 'c000286', 'c000330']
  ├─ ReAct Steps: 0 | Latency: 10.23s (Retrieval: 4.58s | Gen: 5.65s)
  └─ Answer Preview: ± 20 °/sec...

[2026-09-04T11:48:16.510197] [SUCCESS] Query #83: "What is the maximum allowed overriding torque during an active lane support syst"
  ├─ Rephrased: "maximum allowed overriding torque during active lane support system intervention Euro NCAP"
  ├─ MoE Retrieved Chunks (10): ['c000336', 'c000337', 'c000339', 'c000338', 'c000281', 'c000279']
  ├─ ReAct Steps: 0 | Latency: 13.94s (Retrieval: 3.70s | Gen: 10.24s)
  └─ Answer Preview: 3.0Nm + [0.5Nm]...

[2026-09-04T11:48:16.510398] [SUCCESS] Query #79: "What frequency is used for the sinusoidal steering input during tyre conditionin"
  ├─ Rephrased: "sinusoidal steering input frequency tyre conditioning"
  ├─ MoE Retrieved Chunks (10): ['c000321', 'c000178', 'c000054', 'c000269', 'c000007', 'c000056']
  ├─ ReAct Steps: 0 | Latency: 25.71s (Retrieval: 3.39s | Gen: 22.31s)
  └─ Answer Preview: The sinusoidal steering input during tyre conditioning is performed at a frequency of 1Hz....

[2026-09-04T11:48:16.510601] [SUCCESS] Query #80: "How many runs must be performed for a system check before actual Lane Departure "
  ├─ Rephrased: "System check runs before Lane Departure testing"
  ├─ MoE Retrieved Chunks (10): ['c000322', 'c000329', 'c000053', 'c000273', 'c000342', 'c000343']
  ├─ ReAct Steps: 0 | Latency: 22.30s (Retrieval: 2.20s | Gen: 20.10s)
  └─ Answer Preview: Before actual Lane Departure testing begins, a maximum of ten runs must be performed for a system check....

[2026-09-04T11:48:16.510792] [SUCCESS] Query #81: "What is the specific limit value for DTLE in Lane Departure - ELK Road Edge test"
  ├─ Rephrased: "specific limit value for DTLE in Lane Departure - ELK Road Edge tests"
  ├─ MoE Retrieved Chunks (10): ['c000342', 'c000291', 'c000343', 'c000290', 'c000252', 'c000330']
  ├─ ReAct Steps: 0 | Latency: 20.09s (Retrieval: 3.90s | Gen: 16.19s)
  └─ Answer Preview: The limit value for DTLE in Lane Departure - ELK Road Edge tests is set to -0.1m....

[2026-09-04T11:48:37.160357] [SUCCESS] Query #85: "For steering response tests >=70km/h at a lateral speed of 0.6m/s, what is the m"
  ├─ Rephrased: "steering response tests >=70km/h lateral speed 0.6m/s maximum allowed steering wheel veloc"
  ├─ MoE Retrieved Chunks (10): ['c000336', 'c000283', 'c000330', 'c000282', 'c000284', 'c000268']
  ├─ ReAct Steps: 0 | Latency: 25.32s (Retrieval: 4.66s | Gen: 20.66s)
  └─ Answer Preview: ± 40 °/sec...

[2026-09-04T11:48:41.093806] [SUCCESS] Query #89: "In the ELK Car-to-Motorcyclist Oncoming scenario, what is the lateral distance o"
  ├─ Rephrased: "ELK Car-to-Motorcyclist Oncoming scenario lateral distance inner centre dashed lane markin"
  ├─ MoE Retrieved Chunks (10): ['c000305', 'c000297', 'c000310', 'c000302', 'c000327', 'c000344']
  ├─ ReAct Steps: 0 | Latency: 11.00s (Retrieval: 4.17s | Gen: 6.84s)
  └─ Answer Preview: 1m...

[2026-09-04T11:48:41.094124] [SUCCESS] Query #88: "In the ELK Car-to-Car Oncoming scenario, what is the lateral distance of the tar"
  ├─ Rephrased: "ELK Car-to-Car Oncoming scenario lateral distance target path inner centre dashed lane mar"
  ├─ MoE Retrieved Chunks (10): ['c000297', 'c000302', 'c000305', 'c000310', 'c000327', 'c000095']
  ├─ ReAct Steps: 0 | Latency: 14.98s (Retrieval: 3.97s | Gen: 11.01s)
  └─ Answer Preview: 1.5m...

[2026-09-04T11:48:41.094328] [SUCCESS] Query #86: "What lateral velocity range is used for unintentional lane changes in the ELK Ca"
  ├─ Rephrased: "What lateral velocity range is used for unintentional lane changes in the ELK Car-to-Car O"
  ├─ MoE Retrieved Chunks (10): ['c000298', 'c000252', 'c000327', 'c000343', 'c000344', 'c000342']
  ├─ ReAct Steps: 0 | Latency: 24.58s (Retrieval: 4.87s | Gen: 19.71s)
  └─ Answer Preview: 0.3 to 0.6 m/s...

[2026-09-04T11:48:41.094536] [SUCCESS] Query #87: "What lateral velocity range is used for intentional lane changes in the ELK Car-"
  ├─ Rephrased: "What lateral velocity range is used for intentional lane changes in the ELK Car-to-Car Ove"
  ├─ MoE Retrieved Chunks (10): ['c000298', 'c000252', 'c000344', 'c000327', 'c000343', 'c000345']
  ├─ ReAct Steps: 0 | Latency: 19.70s (Retrieval: 4.71s | Gen: 14.99s)
  └─ Answer Preview: 0.5 to 0.7 m/s...

[2026-09-04T11:48:41.094727] [SUCCESS] Query #90: "What is the synchronized impact location for the ELK Car-to-Car Oncoming scenari"
  ├─ Rephrased: "synchronized impact location elk car-to-car oncoming"
  ├─ MoE Retrieved Chunks (10): ['c000297', 'c000305', 'c000344', 'c000310', 'c000302', 'c000314']
  ├─ ReAct Steps: 0 | Latency: 6.83s (Retrieval: 2.88s | Gen: 3.95s)
  └─ Answer Preview: The synchronized impact location for the ELK Car-to-Car Oncoming scenario is 90% of the impact location....

[2026-09-04T11:48:57.843207] [SUCCESS] Query #91: "What is the synchronized impact location for the ELK Car-to-Motorcyclist Oncomin"
  ├─ Rephrased: "synchronized impact location elk car-to-motorcyclist oncoming"
  ├─ MoE Retrieved Chunks (10): ['c000305', 'c000297', 'c000344', 'c000310', 'c000257', 'c000302']
  ├─ ReAct Steps: 0 | Latency: 20.68s (Retrieval: 3.92s | Gen: 16.76s)
  └─ Answer Preview: The synchronized impact location for the ELK Car-to-Motorcyclist Oncoming scenario is 110% of the impact location (assuming no system reacti...

[2026-09-04T11:49:01.461973] [SUCCESS] Query #96: "How many maximum points are available specifically for the Driveability assessme"
  ├─ Rephrased: "Driveability maximum points Single Vehicle tests"
  ├─ MoE Retrieved Chunks (10): ['c000335', 'c000279', 'c000280', 'c000281', 'c000163', 'c000214']
  ├─ ReAct Steps: 0 | Latency: 5.85s (Retrieval: 2.22s | Gen: 3.63s)
  └─ Answer Preview: 3 points are available for Driver State Link within the Single Vehicle tests....

[2026-09-04T11:49:01.462272] [SUCCESS] Query #95: "What percentage of the total available score in the Standard Range must be achie"
  ├─ Rephrased: "Extended Range scoring eligibility requires achieving a percentage of the total available "
  ├─ MoE Retrieved Chunks (10): ['c000354', 'c000213', 'c000351', 'c000208', 'c000207', 'c000357']
  ├─ ReAct Steps: 0 | Latency: 9.70s (Retrieval: 3.84s | Gen: 5.86s)
  └─ Answer Preview: ≥25% of the total available score must be achieved in the Standard Range to be eligible for Extended Range scoring....

[2026-09-04T11:49:01.462473] [SUCCESS] Query #93: "At what specific TTC is an ELK test assumed to have failed if no system interven"
  ├─ Rephrased: "ELK test failed at 1.5s TTC"
  ├─ MoE Retrieved Chunks (10): ['c000327', 'c000305', 'c000344', 'c000328', 'c000139', 'c000297']
  ├─ ReAct Steps: 0 | Latency: 16.81s (Retrieval: 2.96s | Gen: 13.85s)
  └─ Answer Preview: An ELK test is assumed to have failed if no system intervention is observed at a TTC = 0.8s....

[2026-09-04T11:49:01.462675] [SUCCESS] Query #92: "What is the minimum required lateral separation between the VUT and the EMT to a"
  ├─ Rephrased: "minimum required lateral separation VUT EMT to avoid failing ELK test"
  ├─ MoE Retrieved Chunks (10): ['c000344', 'c000327', 'c000310', 'c000305', 'c000284', 'c000383']
  ├─ ReAct Steps: 0 | Latency: 20.36s (Retrieval: 3.54s | Gen: 16.82s)
  └─ Answer Preview: The minimum required lateral separation between the VUT and the EMT to avoid failing the ELK test is 0.3 meters....

[2026-09-04T11:49:01.462862] [SUCCESS] Query #94: "How many points are awarded for a PASS (Avoidance) in the ELK Car & PTW Standard"
  ├─ Rephrased: "How many points are awarded for a PASS in the ELK Car & PTW Standard Range tests"
  ├─ MoE Retrieved Chunks (10): ['c000185', 'c000319', 'c000305', 'c000290', 'c000310', 'c000168']
  ├─ ReAct Steps: 0 | Latency: 13.84s (Retrieval: 4.13s | Gen: 9.71s)
  └─ Answer Preview: The exact number of points awarded for a PASS in the ELK Car & PTW Standard Range tests is not specified in the provided document context....

[2026-09-04T11:49:09.658874] [SUCCESS] Query #97: "How many maximum points are available specifically for the Driver State Link ass"
  ├─ Rephrased: "Driver State Link, maximum points, Single Vehicle tests"
  ├─ MoE Retrieved Chunks (10): ['c000279', 'c000280', 'c000339', 'c000163', 'c000214', 'c000288']
  ├─ ReAct Steps: 0 | Latency: 11.81s (Retrieval: 3.61s | Gen: 8.21s)
  └─ Answer Preview: The maximum points available specifically for the Driver State Link assessment within the Single Vehicle tests are 3....

[2026-09-04T11:49:10.164185] [SUCCESS] Query #99: "What does BSM stand for in the Lane Departure protocol?"
  ├─ Rephrased: "Lane Departure (BSM)"
  ├─ MoE Retrieved Chunks (10): ['c000355', 'c000295', 'c000244', 'c000352', 'c000247', 'c000273']
  ├─ ReAct Steps: 0 | Latency: 5.25s (Retrieval: 2.05s | Gen: 3.19s)
  └─ Answer Preview: BSM stands for "Backstepping Safety Module."...

[2026-09-04T11:49:10.415801] [SUCCESS] Query #98: "How quickly must the Lane Support sensitivity revert to its nominal setting afte"
  ├─ Rephrased: "Lane Support sensitivity revert speed to nominal setting after Driver Status Monitoring de"
  ├─ MoE Retrieved Chunks (10): ['c000339', 'c000340', 'c000288', 'c000219', 'c000341', 'c000279']
  ├─ ReAct Steps: 0 | Latency: 8.95s (Retrieval: 3.44s | Gen: 5.51s)
  └─ Answer Preview: The Lane Support sensitivity must revert to its nominal setting within <1 second after the DSM system detects its performance is degraded, o...

[2026-09-04T11:49:10.515575] [SUCCESS] Query #100: "How is a Driver Intention Monitoring system defined in the Lane Departure protoc"
  ├─ Rephrased: "Driver Intention Monitoring in Lane Departure protocol"
  ├─ MoE Retrieved Chunks (10): ['c000279', 'c000251', 'c000288', 'c000341', 'c000333', 'c000339']
  ├─ ReAct Steps: 0 | Latency: 3.54s (Retrieval: 2.67s | Gen: 0.87s)
  └─ Answer Preview: A Driver Intention Monitoring (DIM) system is defined as a functionality that allows the tests for Driveability – Overriding Torque and Cont...

[2026-09-04T12:01:00.007300] [SUCCESS] Query #1: "What does VUT stand for in the Assisted Driving protocol?"
  ├─ Rephrased: "VUT in Assisted Driving"
  ├─ MoE Retrieved Chunks (10): ['c000450', 'c000418', 'c000448', 'c000423', 'c000449', 'c000419']
  ├─ ReAct Steps: 0 | Latency: 18.50s (Retrieval: 2.20s | Gen: 16.31s)
  └─ Answer Preview: VUT stands for Vehicle Under Test....

[2026-09-04T12:01:03.777456] [SUCCESS] Query #2: "What does GVT stand for in the Assisted Driving protocol?"
  ├─ Rephrased: "GVT Assisted Driving"
  ├─ MoE Retrieved Chunks (10): ['c000418', 'c000393', 'c000401', 'c000441', 'c000391', 'c000423']
  ├─ ReAct Steps: 0 | Latency: 20.06s (Retrieval: 2.33s | Gen: 17.74s)
  └─ Answer Preview: GVT stands for Global Vehicle Target....

[2026-09-04T12:01:03.777948] [SUCCESS] Query #4: "What is the definition of the Speed Limit Information Function (SLIF)?"
  ├─ Rephrased: "speed limit information function (slif)"
  ├─ MoE Retrieved Chunks (10): ['c000434', 'c000395', 'c000475', 'c000435', 'c000432', 'c000410']
  ├─ ReAct Steps: 0 | Latency: 13.96s (Retrieval: 2.48s | Gen: 11.48s)
  └─ Answer Preview: The Speed Limit Information Function (SLIF) is a function with which the vehicle knows and communicates the speed limit....

[2026-09-04T12:01:03.778321] [SUCCESS] Query #6: "What is the minimum design maximum speed for a Real Motorcycle target used in Bl"
  ├─ Rephrased: "Real Motorcycle Blind-Spot Monitoring Tests minimum design maximum speed"
  ├─ MoE Retrieved Chunks (10): ['c000251', 'c000395', 'c000007', 'c000345', 'c000279', 'c000049']
  ├─ ReAct Steps: 0 | Latency: 8.66s (Retrieval: 3.75s | Gen: 4.91s)
  └─ Answer Preview: The minimum design maximum speed for a Real Motorcycle target used in Blind-Spot Monitoring Tests is at least 80km/h....

[2026-09-04T12:01:03.778693] [SUCCESS] Query #3: "In the Assisted Driving Cut-out test, what does SOV stand for?"
  ├─ Rephrased: "In the Assisted Driving Cut-out test, what does SOV stand for"
  ├─ MoE Retrieved Chunks (10): ['c000467', 'c000466', 'c000463', 'c000438', 'c000462', 'c000461']
  ├─ ReAct Steps: 0 | Latency: 17.73s (Retrieval: 3.75s | Gen: 13.97s)
  └─ Answer Preview: In the Assisted Driving Cut-out test, SOV stands for GVT/SOV, which refers to the speed of the vehicle in the scenario....

[2026-09-04T12:01:03.779050] [SUCCESS] Query #5: "How is Intelligent Adaptive Cruise Control (iACC) defined?"
  ├─ Rephrased: "Intelligent Adaptive Cruise Control (iACC) definition"
  ├─ MoE Retrieved Chunks (10): ['c000395', 'c000432', 'c000436', 'c000442', 'c000406', 'c000431']
  ├─ ReAct Steps: 0 | Latency: 11.47s (Retrieval: 2.80s | Gen: 8.67s)
  └─ Answer Preview: Intelligent Adaptive Cruise Control (iACC) is an Adaptive Cruise Control combined with the Speed Limit Information Function (SLIF), where th...

[2026-09-04T12:01:17.266847] [SUCCESS] Query #7: "What is the grading requirement to achieve a "VERY GOOD" score in the Highway an"
  ├─ Rephrased: "Highway and Interurban Assist Systems grading requirement VERY GOOD"
  ├─ MoE Retrieved Chunks (10): ['c000403', 'c000392', 'c000401', 'c000390', 'c000441', 'c000393']
  ├─ ReAct Steps: 0 | Latency: 17.26s (Retrieval: 3.76s | Gen: 13.50s)
  └─ Answer Preview: ≥ 160 points (≥ 80%)...

[2026-09-04T12:01:21.677210] [SUCCESS] Query #11: "What is the total point value available for the Continuous System Status Indicat"
  ├─ Rephrased: "Continuous System Status Indicator total point value"
  ├─ MoE Retrieved Chunks (10): ['c000412', 'c000410', 'c000404', 'c000411', 'c000413', 'c000284']
  ├─ ReAct Steps: 0 | Latency: 10.33s (Retrieval: 2.86s | Gen: 7.47s)
  └─ Answer Preview: 20...

[2026-09-04T12:01:21.677702] [SUCCESS] Query #10: "How many points are awarded if the marketing material correctly describes the sy"
  ├─ Rephrased: "Marketing material description points VUT"
  ├─ MoE Retrieved Chunks (10): ['c000407', 'c000450', 'c000405', 'c000447', 'c000448', 'c000470']
  ├─ ReAct Steps: 0 | Latency: 12.50s (Retrieval: 2.16s | Gen: 10.34s)
  └─ Answer Preview: 5 points are awarded if the marketing material correctly describes the system functionality....

[2026-09-04T12:01:21.678085] [SUCCESS] Query #12: "What specific color must be used on the Continuous System Status Indicator to de"
  ├─ Rephrased: "Assisted Mode Continuous System Status Indicator color"
  ├─ MoE Retrieved Chunks (10): ['c000412', 'c000410', 'c000404', 'c000411', 'c000413', 'c000444']
  ├─ ReAct Steps: 0 | Latency: 7.46s (Retrieval: 3.04s | Gen: 4.42s)
  └─ Answer Preview: The green color must be used on the Continuous System Status Indicator to denote Assisted Mode....

[2026-09-04T12:01:21.678454] [SUCCESS] Query #8: "How many points are awarded if a system name contains the word "assistant", "ass"
  ├─ Rephrased: "points awarded system name contains assistant assistance assist"
  ├─ MoE Retrieved Chunks (10): ['c000406', 'c000409', 'c000442', 'c000408', 'c000405', 'c000413']
  ├─ ReAct Steps: 0 | Latency: 17.90s (Retrieval: 3.04s | Gen: 14.86s)
  └─ Answer Preview: 10 points are awarded if a system name contains the word "assistant", "assistance", or "assist"...

[2026-09-04T12:01:21.678837] [SUCCESS] Query #9: "What words are strictly forbidden from being used in a system name under the Ass"
  ├─ Rephrased: "assisted driving protocol prohibited words"
  ├─ MoE Retrieved Chunks (10): ['c000388', 'c000401', 'c000390', 'c000420', 'c000418', 'c000391']
  ├─ ReAct Steps: 0 | Latency: 14.85s (Retrieval: 2.34s | Gen: 12.51s)
  └─ Answer Preview: The following words are strictly forbidden from being used in a system name under the Assisted Driving protocol: auto, automatic, automated,...

[2026-09-04T12:01:36.133034] [SUCCESS] Query #13: "What is the recommended decibel range for an additional acoustic indication duri"
  ├─ Rephrased: "recommended decibel range additional acoustic indication system status change"
  ├─ MoE Retrieved Chunks (10): ['c000413', 'c000410', 'c000414', 'c000411', 'c000412', 'c000454']
  ├─ ReAct Steps: 0 | Latency: 18.86s (Retrieval: 4.40s | Gen: 14.47s)
  └─ Answer Preview: 50 to 90 dB....

[2026-09-04T12:01:40.457397] [SUCCESS] Query #14: "How many points are awarded for a system that robustly detects if the driver's h"
  ├─ Rephrased: "Assisted Mode steering wheel detection points"
  ├─ MoE Retrieved Chunks (10): ['c000416', 'c000451', 'c000423', 'c000418', 'c000454', 'c000420']
  ├─ ReAct Steps: 0 | Latency: 18.77s (Retrieval: 2.53s | Gen: 16.24s)
  └─ Answer Preview: 5 points....

[2026-09-04T12:01:40.457902] [SUCCESS] Query #16: "How many repetitive visual distraction instances lead to a controllable Assisted"
  ├─ Rephrased: "repetitive visual distraction instances, controllable Assisted Mode lock-out"
  ├─ MoE Retrieved Chunks (10): ['c000423', 'c000418', 'c000419', 'c000417', 'c000415', 'c000416']
  ├─ ReAct Steps: 0 | Latency: 13.09s (Retrieval: 3.30s | Gen: 9.79s)
  └─ Answer Preview: 3...

[2026-09-04T12:01:40.458294] [SUCCESS] Query #18: "What frequency is applied when steering the full sine wave during the Pothole Te"
  ├─ Rephrased: "full sine wave steering Pothole Test frequency"
  ├─ MoE Retrieved Chunks (10): ['c000427', 'c000426', 'c000425', 'c000428', 'c000470', 'c000429']
  ├─ ReAct Steps: 0 | Latency: 6.98s (Retrieval: 2.64s | Gen: 4.34s)
  └─ Answer Preview: 0.25Hz...

[2026-09-04T12:01:40.458682] [SUCCESS] Query #15: "How soon must Assisted Mode be deactivated if the Driver State Monitoring system"
  ├─ Rephrased: "Assisted Mode deactivation timing Driver State Monitoring unavailable complete blockage"
  ├─ MoE Retrieved Chunks (10): ['c000418', 'c000416', 'c000419', 'c000397', 'c000420', 'c000423']
  ├─ ReAct Steps: 0 | Latency: 16.24s (Retrieval: 3.14s | Gen: 13.10s)
  └─ Answer Preview: No later than 10 seconds from the point the DSM becomes unavailable due to a complete blockage....

[2026-09-04T12:01:40.459056] [SUCCESS] Query #17: "What is the maximum time window within which repetitive distractions will trigge"
  ├─ Rephrased: "Assisted Mode lock-out time window repetitive distractions"
  ├─ MoE Retrieved Chunks (10): ['c000423', 'c000418', 'c000415', 'c000416', 'c000417', 'c000419']
  ├─ ReAct Steps: 0 | Latency: 9.78s (Retrieval: 2.79s | Gen: 6.99s)
  └─ Answer Preview: The maximum time window within which repetitive distractions will trigger an Assisted Mode lock-out is not greater than 30 minutes....

[2026-09-04T12:01:55.400040] [SUCCESS] Query #19: "What is the target Distance To Lane Edge (DTLE) for the steering amplitude in th"
  ├─ Rephrased: "target DTLE for steering amplitude in pothole test"
  ├─ MoE Retrieved Chunks (10): ['c000427', 'c000428', 'c000426', 'c000470', 'c000425', 'c000330']
  ├─ ReAct Steps: 0 | Latency: 19.27s (Retrieval: 4.31s | Gen: 14.95s)
  └─ Answer Preview: The target Distance To Lane Edge (DTLE) for the steering amplitude in the Pothole Test is -50±5 cm....

[2026-09-04T12:01:59.119122] [SUCCESS] Query #20: "What is the target Distance To Lane Edge (DTLE) for the steering amplitude in th"
  ├─ Rephrased: "target DTLE for steering amplitude in Partial Lane Change Test"
  ├─ MoE Retrieved Chunks (10): ['c000428', 'c000426', 'c000427', 'c000470', 'c000449', 'c000081']
  ├─ ReAct Steps: 0 | Latency: 18.66s (Retrieval: 3.29s | Gen: 15.36s)
  └─ Answer Preview: -50±5 cm...

[2026-09-04T12:01:59.120102] [SUCCESS] Query #23: "What Time To Collision (TTC) is used for the Cut-out tests to verify Safety Back"
  ├─ Rephrased: "Cut-out tests TTC safety backup"
  ├─ MoE Retrieved Chunks (10): ['c000467', 'c000466', 'c000463', 'c000461', 'c000462', 'c000438']
  ├─ ReAct Steps: 0 | Latency: 9.78s (Retrieval: 2.47s | Gen: 7.31s)
  └─ Answer Preview: The lead vehicle shall cut-out at a TTC of 2s instead of 3s as in ACC Performance....

[2026-09-04T12:01:59.120483] [SUCCESS] Query #21: "How many points are awarded for override response if a vehicle has an absolute o"
  ├─ Rephrased: "absolute override torque <5Nm, override response points"
  ├─ MoE Retrieved Chunks (10): ['c000424', 'c000430', 'c000429', 'c000403', 'c000450', 'c000441']
  ├─ ReAct Steps: 0 | Latency: 15.35s (Retrieval: 3.40s | Gen: 11.95s)
  └─ Answer Preview: 20 points are awarded for the reaction of the system if the vehicle has an absolute override torque of <5Nm and meets all conditions....

[2026-09-04T12:01:59.120860] [SUCCESS] Query #22: "How much time does a driver have to confirm an offered lower speed limit for it "
  ├─ Rephrased: "Lower speed limit confirmation time adopted"
  ├─ MoE Retrieved Chunks (10): ['c000475', 'c000434', 'c000435', 'c000432', 'c000395', 'c000450']
  ├─ ReAct Steps: 0 | Latency: 11.94s (Retrieval: 2.16s | Gen: 9.79s)
  └─ Answer Preview: The driver must give the confirmation action 1.5 seconds after the lower limit is offered for it to be considered adopted "in time."...

[2026-09-04T12:01:59.121226] [SUCCESS] Query #24: "What is the total maximum sub-points available for the Car-to-Car Rear Stationar"
  ├─ Rephrased: "total maximum sub-points CCRS ACC/AEB"
  ├─ MoE Retrieved Chunks (10): ['c000460', 'c000464', 'c000468', 'c000437', 'c000274', 'c000201']
  ├─ ReAct Steps: 0 | Latency: 7.30s (Retrieval: 3.57s | Gen: 3.73s)
  └─ Answer Preview: The total maximum sub-points available for the Car-to-Car Rear Stationary (CCRs) test in the ACC/AEB evaluation is 8....

[2026-09-04T12:02:13.893351] [SUCCESS] Query #25: "How long must a vehicle be driven with a blocked sensor before attempting an ass"
  ├─ Rephrased: "blocked sensor duration at start-up"
  ├─ MoE Retrieved Chunks (10): ['c000447', 'c000449', 'c000446', 'c000443', 'c000450', 'c000448']
  ├─ ReAct Steps: 0 | Latency: 18.49s (Retrieval: 3.71s | Gen: 14.79s)
  └─ Answer Preview: A vehicle must be driven for 2 minutes with the assistance system not activated before attempting an activation at start-up....

[2026-09-04T12:02:19.184681] [SUCCESS] Query #29: "How many bonus points are awarded for an advanced response that changes lanes to"
  ├─ Rephrased: "Emergency lane, unresponsive driver, bonus points, lane change, advanced response, CPFA"
  ├─ MoE Retrieved Chunks (10): ['c000454', 'c000451', 'c000410', 'c000468', 'c000398', 'c000452']
  ├─ ReAct Steps: 0 | Latency: 13.14s (Retrieval: 4.08s | Gen: 9.06s)
  └─ Answer Preview: 5 points...

[2026-09-04T12:02:19.185185] [SUCCESS] Query #30: "To score 5 points in the S-Bend test, an LKA intervention must prevent the vehic"
  ├─ Rephrased: "5-point S-Bend test LKA intervention threshold"
  ├─ MoE Retrieved Chunks (10): ['c000470', 'c000383', 'c000327', 'c000330', 'c000284', 'c000336']
  ├─ ReAct Steps: 0 | Latency: 9.05s (Retrieval: 3.74s | Gen: 5.30s)
  └─ Answer Preview: 0.4m...

[2026-09-04T12:02:19.185595] [SUCCESS] Query #28: "How many points are awarded if an unresponsive driver is detected by indirect se"
  ├─ Rephrased: "Indirect sensing prolonged steering inactivity unresponsive driver points"
  ├─ MoE Retrieved Chunks (10): ['c000454', 'c000451', 'c000398', 'c000455', 'c000457', 'c000452']
  ├─ ReAct Steps: 0 | Latency: 15.97s (Retrieval: 2.82s | Gen: 13.15s)
  └─ Answer Preview: 10 points are awarded when the detection is enabled by indirect inputs (e.g., prolonged steering inactivity)....

[2026-09-04T12:02:19.185979] [SUCCESS] Query #26: "How many points are awarded to systems able to successfully provide a warning an"
  ├─ Rephrased: "microsleep warning intervention points"
  ├─ MoE Retrieved Chunks (10): ['c000452', 'c000451', 'c000419', 'c000453', 'c000398', 'c000454']
  ├─ ReAct Steps: 0 | Latency: 20.06s (Retrieval: 2.39s | Gen: 17.67s)
  └─ Answer Preview: 5 points are awarded to systems able to provide a visual + acoustic/haptic warning AND increase the ACC time headway (and/or other intervent...

[2026-09-04T12:02:19.186360] [SUCCESS] Query #27: "How many points are awarded to systems able to successfully provide a warning an"
  ├─ Rephrased: "Sleep Detection Points"
  ├─ MoE Retrieved Chunks (10): ['c000453', 'c000451', 'c000452', 'c000454', 'c000420', 'c000398']
  ├─ ReAct Steps: 0 | Latency: 17.66s (Retrieval: 1.68s | Gen: 15.98s)
  └─ Answer Preview: 5 points are awarded for systems able to provide a visual + acoustic/haptic warning AND increase the ACC time headway (and/or other interven...

[2026-09-04T12:02:39.966358] [SUCCESS] Query #31: "How many points are awarded for a successful Car-to-Car intentional lane change "
  ├─ Rephrased: "Car-to-Car intentional lane change test points Safety Backup LSS"
  ├─ MoE Retrieved Chunks (10): ['c000471', 'c000470', 'c000430', 'c000339', 'c000454', 'c000466']
  ├─ ReAct Steps: 0 | Latency: 26.07s (Retrieval: 5.28s | Gen: 20.79s)
  └─ Answer Preview: 2.5 points...

[2026-09-04T12:02:45.495267] [SUCCESS] Query #32: "By what maximum percentage can a long distraction warning timing threshold be re"
  ├─ Rephrased: "context-based vehicle response strategies,long distraction warning timing threshold,maximu"
  ├─ MoE Retrieved Chunks (10): ['c000419', 'c000452', 'c000250', 'c000397', 'c000418', 'c000453']
  ├─ ReAct Steps: 0 | Latency: 26.31s (Retrieval: 3.94s | Gen: 22.36s)
  └─ Answer Preview: 150%...

[2026-09-04T12:02:45.495780] [SUCCESS] Query #33: "What defines a Transient driver state?"
  ├─ Rephrased: "Transient driver state defines a driver's ability to respond to sudden changes in the envi"
  ├─ MoE Retrieved Chunks (10): ['c000398', 'c000341', 'c000397', 'c000339', 'c000451', 'c000340']
  ├─ ReAct Steps: 0 | Latency: 22.35s (Retrieval: 4.08s | Gen: 18.27s)
  └─ Answer Preview: A Transient driver state is a temporary episode of sleep after fatigue builds-up, which may last up to several seconds....

[2026-09-04T12:02:45.496161] [SUCCESS] Query #35: "Which ISO standard specifies the Euro NCAP Bicyclist Target (EBTa)?"
  ├─ Rephrased: "ISO 4501 specifies the Euro NCAP Bicyclist Target (EBTa)"
  ├─ MoE Retrieved Chunks (10): ['c000394', 'c000006', 'c000251', 'c000262', 'c000010', 'c000109']
  ├─ ReAct Steps: 0 | Latency: 15.75s (Retrieval: 5.17s | Gen: 10.57s)
  └─ Answer Preview: The Euro NCAP Bicyclist Target (EBTa) is specified in ISO 19206-4:2020....

[2026-09-04T12:02:45.496539] [SUCCESS] Query #36: "Which ISO standard specifies the Euro NCAP Pedestrian Target (EPTa)?"
  ├─ Rephrased: "ISO 14112 specifies the Euro NCAP Pedestrian Target (EPTa)"
  ├─ MoE Retrieved Chunks (10): ['c000394', 'c000006', 'c000251', 'c000038', 'c000262', 'c000010']
  ├─ ReAct Steps: 0 | Latency: 10.56s (Retrieval: 5.02s | Gen: 5.54s)
  └─ Answer Preview: The Euro NCAP Pedestrian Target (EPTa) is specified in ISO 19206-2:2018....

[2026-09-04T12:02:45.496910] [SUCCESS] Query #34: "What does PBC stand for in the Frontal Collisions protocol?"
  ├─ Rephrased: "PBC Frontal Collisions"
  ├─ MoE Retrieved Chunks (10): ['c000006', 'c000049', 'c000038', 'c000039', 'c000029', 'c000394']
  ├─ ReAct Steps: 0 | Latency: 18.26s (Retrieval: 2.51s | Gen: 15.76s)
  └─ Answer Preview: Peak Braking Coefficient (PBC) stands for the measure of tyre to road surface friction based on the maximum deceleration of a rolling tyre, ...

[2026-09-04T12:03:02.831369] [SUCCESS] Query #37: "How is Vehicle width defined in the Frontal Collisions protocol?"
  ├─ Rephrased: "Frontal Collisions Vehicle width widest point of the vehicle ignoring rear-view mirrors"
  ├─ MoE Retrieved Chunks (10): ['c000008', 'c000037', 'c000012', 'c000041', 'c000251', 'c000092']
  ├─ ReAct Steps: 0 | Latency: 22.86s (Retrieval: 5.52s | Gen: 17.35s)
  └─ Answer Preview: The vehicle width is defined as the widest point of the vehicle ignoring the rear-view mirrors, side marker lamps, tyre pressure indicators,...

[2026-09-04T12:03:06.288255] [SUCCESS] Query #40: "What is the required measurement accuracy for VUT and target speed?"
  ├─ Rephrased: "required measurement accuracy for VUT and target speed"
  ├─ MoE Retrieved Chunks (10): ['c000010', 'c000047', 'c000251', 'c000092', 'c000042', 'c000103']
  ├─ ReAct Steps: 0 | Latency: 12.44s (Retrieval: 3.04s | Gen: 9.39s)
  └─ Answer Preview: 0.1km/h...

[2026-09-04T12:03:06.289272] [SUCCESS] Query #38: "What does CPFA stand for?"
  ├─ Rephrased: "CPFA car-to-pedestrian farside adult"
  ├─ MoE Retrieved Chunks (10): ['c000151', 'c000129', 'c000147', 'c000012', 'c000132', 'c000113']
  ├─ ReAct Steps: 0 | Latency: 20.79s (Retrieval: 4.22s | Gen: 16.57s)
  └─ Answer Preview: CPFA stands for Car-to-Pedestrian Crossing....

[2026-09-04T12:03:06.289683] [SUCCESS] Query #42: "What is the maximum permitted longitudinal slope for the test track surface?"
  ├─ Rephrased: "maximum permitted longitudinal slope test track surface"
  ├─ MoE Retrieved Chunks (10): ['c000049', 'c000270', 'c000178', 'c000322', 'c000051', 'c000274']
  ├─ ReAct Steps: 0 | Latency: 6.15s (Retrieval: 2.68s | Gen: 3.47s)
  └─ Answer Preview: The maximum permitted longitudinal slope for the test track surface is ±1%....

[2026-09-04T12:03:06.290064] [SUCCESS] Query #39: "At what frequency must all dynamic data be sampled and recorded?"
  ├─ Rephrased: "All dynamic data must be sampled and recorded at 1000Hz"
  ├─ MoE Retrieved Chunks (10): ['c000264', 'c000042', 'c000268', 'c000284', 'c000020', 'c000047']
  ├─ ReAct Steps: 0 | Latency: 16.56s (Retrieval: 4.11s | Gen: 12.45s)
  └─ Answer Preview: All dynamic data must be sampled and recorded at a frequency of at least 100Hz....

[2026-09-04T12:03:06.290427] [SUCCESS] Query #41: "What type of filter must be applied to acceleration, yaw rate, and steering whee"
  ├─ Rephrased: "acceleration, yaw rate, steering wheel velocity filter"
  ├─ MoE Retrieved Chunks (10): ['c000269', 'c000048', 'c000167', 'c000325', 'c000330', 'c000268']
  ├─ ReAct Steps: 0 | Latency: 9.39s (Retrieval: 3.22s | Gen: 6.16s)
  └─ Answer Preview: A 12-pole phase less Butterworth filter with a cut off frequency of 10Hz must be applied to acceleration, yaw rate, and steering wheel veloc...

[2026-09-04T12:03:20.116908] [SUCCESS] Query #43: "What is the maximum permitted lateral slope for the test track surface?"
  ├─ Rephrased: "maximum permitted lateral slope test track surface"
  ├─ MoE Retrieved Chunks (10): ['c000049', 'c000270', 'c000055', 'c000274', 'c000321', 'c000322']
  ├─ ReAct Steps: 0 | Latency: 17.28s (Retrieval: 3.44s | Gen: 13.84s)
  └─ Answer Preview: The maximum permitted lateral slope for the test track surface is ±3%....

[2026-09-04T12:03:24.350840] [SUCCESS] Query #45: "Within what ambient temperature range must Frontal Collision tests be conducted?"
  ├─ Rephrased: "Frontal Collision tests ambient temperature range"
  ├─ MoE Retrieved Chunks (10): ['c000051', 'c000272', 'c000319', 'c000174', 'c000008', 'c000209']
  ├─ ReAct Steps: 0 | Latency: 14.99s (Retrieval: 2.86s | Gen: 12.14s)
  └─ Answer Preview: Above 5°C and below 40°C....

[2026-09-04T12:03:24.351384] [SUCCESS] Query #48: "What is the minimum ambient illumination required for daylight testing?"
  ├─ Rephrased: "Minimum ambient illumination daylight testing"
  ├─ MoE Retrieved Chunks (10): ['c000051', 'c000272', 'c000049', 'c000178', 'c000322', 'c000163']
  ├─ ReAct Steps: 0 | Latency: 6.57s (Retrieval: 2.33s | Gen: 4.25s)
  └─ Answer Preview: In excess of 2000 lux....

[2026-09-04T12:03:24.351817] [SUCCESS] Query #46: "What is the minimum horizontal visibility at ground level required for testing?"
  ├─ Rephrased: "Horizontal visibility ground level minimum"
  ├─ MoE Retrieved Chunks (10): ['c000051', 'c000272', 'c000183', 'c000178', 'c000216', 'c000281']
  ├─ ReAct Steps: 0 | Latency: 12.13s (Retrieval: 2.50s | Gen: 9.63s)
  └─ Answer Preview: The minimum horizontal visibility at ground level required for testing is greater than 1km....

[2026-09-04T12:03:24.352206] [SUCCESS] Query #44: "What is the minimal Peak Braking Coefficient (PBC) required for the test track s"
  ├─ Rephrased: "minimal PBC required for test track surface"
  ├─ MoE Retrieved Chunks (10): ['c000049', 'c000270', 'c000052', 'c000036', 'c000321', 'c000081']
  ├─ ReAct Steps: 0 | Latency: 18.06s (Retrieval: 3.05s | Gen: 15.01s)
  └─ Answer Preview: The minimal Peak Braking Coefficient (PBC) required for the test track surface is 0.9....

[2026-09-04T12:03:24.352585] [SUCCESS] Query #47: "What is the maximum allowable wind speed during Frontal Collision testing?"
  ├─ Rephrased: "Frontal Collision, maximum wind speed"
  ├─ MoE Retrieved Chunks (10): ['c000051', 'c000178', 'c000007', 'c000272', 'c000251', 'c000009']
  ├─ ReAct Steps: 0 | Latency: 9.62s (Retrieval: 3.04s | Gen: 6.58s)
  └─ Answer Preview: The maximum allowable wind speed during Frontal Collision testing is below 10m/s to minimise VUT disturbance....

[2026-09-04T12:03:40.295935] [SUCCESS] Query #49: "To what capacity must the fuel tank be filled before measuring the unladen kerb "
  ├─ Rephrased: "fuel tank capacity before unladen kerb mass measurement"
  ├─ MoE Retrieved Chunks (10): ['c000055', 'c000274', 'c000276', 'c000056', 'c000029', 'c000178']
  ├─ ReAct Steps: 0 | Latency: 20.18s (Retrieval: 4.22s | Gen: 15.96s)
  └─ Answer Preview: The fuel tank must be filled to at least 90% of its capacity before measuring the unladen kerb mass....

[2026-09-04T12:03:45.244487] [SUCCESS] Query #53: "What is the minimum speed from which an AEB Pedestrian system must operate in th"
  ├─ Rephrased: "minimum speed AEB Pedestrian CPNA-75"
  ├─ MoE Retrieved Chunks (10): ['c000186', 'c000147', 'c000144', 'c000117', 'c000183', 'c000134']
  ├─ ReAct Steps: 0 | Latency: 11.42s (Retrieval: 3.42s | Gen: 8.01s)
  └─ Answer Preview: 10 km/h...

[2026-09-04T12:03:45.245109] [SUCCESS] Query #50: "What is the required interior load mass that is added to the unladen kerb mass f"
  ├─ Rephrased: "Required interior load mass added to unladen kerb mass for testing"
  ├─ MoE Retrieved Chunks (10): ['c000055', 'c000276', 'c000056', 'c000274', 'c000178', 'c000183']
  ├─ ReAct Steps: 0 | Latency: 20.89s (Retrieval: 4.07s | Gen: 16.82s)
  └─ Answer Preview: The required interior load mass is 200 kg....

[2026-09-04T12:03:45.245620] [SUCCESS] Query #54: "In the CCCscp obstructed scenario, what is the gap distance between parked obscu"
  ├─ Rephrased: "CCCscp parked obscuration vehicles gap distance"
  ├─ MoE Retrieved Chunks (10): ['c000103', 'c000052', 'c000109', 'c000180', 'c000181', 'c000104']
  ├─ ReAct Steps: 0 | Latency: 8.00s (Retrieval: 3.04s | Gen: 4.96s)
  └─ Answer Preview: The gap distance between the parked obscuration vehicles is 1m....

[2026-09-04T12:03:45.246040] [SUCCESS] Query #51: "What is the Time Headway used for Car-to-Car Rear Braking (CCRb) scenarios?"
  ├─ Rephrased: "time headway CCRb"
  ├─ MoE Retrieved Chunks (10): ['c000074', 'c000201', 'c000092', 'c000453', 'c000452', 'c000200']
  ├─ ReAct Steps: 0 | Latency: 16.81s (Retrieval: 2.51s | Gen: 14.30s)
  └─ Answer Preview: The Time Headway used for Car-to-Car Rear Braking (CCRb) scenarios is 1.0 s....

[2026-09-04T12:03:45.246443] [SUCCESS] Query #52: "What is the target deceleration used for Car-to-Car Rear Braking (CCRb) scenario"
  ├─ Rephrased: "target-deceleration CCRb"
  ├─ MoE Retrieved Chunks (10): ['c000092', 'c000074', 'c000006', 'c000394', 'c000135', 'c000010']
  ├─ ReAct Steps: 0 | Latency: 14.29s (Retrieval: 2.85s | Gen: 11.44s)
  └─ Answer Preview: The target deceleration for Car-to-Car Rear Braking (CCRb) scenarios is -4m/s² for both Standard Range and Extended Range....

[2026-09-04T12:04:02.959171] [SUCCESS] Query #55: "What is the starting point (T0) relative to Time To Collision for most Frontal C"
  ├─ Rephrased: "T0 relative Time To Collision Frontal Collision test scenarios"
  ├─ MoE Retrieved Chunks (10): ['c000010', 'c000009', 'c000251', 'c000012', 'c000394', 'c000092']
  ├─ ReAct Steps: 0 | Latency: 22.66s (Retrieval: 4.94s | Gen: 17.73s)
  └─ Answer Preview: The starting point T0 is defined as the time where the control handover from the steering robot to the test driver begins, with the test dri...

[2026-09-04T12:04:07.295997] [SUCCESS] Query #56: "What is the required VUT Time Error boundary condition for synchronization in th"
  ├─ Rephrased: "VUT CCCscp Time Error boundary condition"
  ├─ MoE Retrieved Chunks (10): ['c000103', 'c000052', 'c000044', 'c000104', 'c000109', 'c000204']
  ├─ ReAct Steps: 0 | Latency: 22.05s (Retrieval: 3.70s | Gen: 18.34s)
  └─ Answer Preview: ±[0.1]s...

[2026-09-04T12:04:07.296541] [SUCCESS] Query #58: "What is the maximum allowed VUT lateral deviation tolerance for CPTA and CBTA sc"
  ├─ Rephrased: "maximum allowed VUT lateral deviation tolerance CPTA CBTA"
  ├─ MoE Retrieved Chunks (10): ['c000197', 'c000199', 'c000200', 'c000139', 'c000324', 'c000201']
  ├─ ReAct Steps: 0 | Latency: 13.86s (Retrieval: 3.76s | Gen: 10.10s)
  └─ Answer Preview: The maximum allowed VUT lateral deviation tolerance for CPTA and CBTA scenarios is 0.4 meters....

[2026-09-04T12:04:07.296951] [SUCCESS] Query #59: "What is the default delay time for the braking robot reacting to an FCW to accou"
  ├─ Rephrased: "default delay time braking robot FCW"
  ├─ MoE Retrieved Chunks (10): ['c000184', 'c000186', 'c000394', 'c000044', 'c000125', 'c000144']
  ├─ ReAct Steps: 0 | Latency: 10.09s (Retrieval: 2.69s | Gen: 7.40s)
  └─ Answer Preview: The default delay time for the braking robot reacting to an FCW to account for driver reaction is 1.2 seconds....

[2026-09-04T12:04:07.297345] [SUCCESS] Query #57: "When must the direction indicator be applied before T_steer in the CCFtap scenar"
  ├─ Rephrased: "When must the direction indicator be applied before T_steer in CCFtap"
  ├─ MoE Retrieved Chunks (10): ['c000012', 'c000094', 'c000139', 'c000017', 'c000095', 'c000008']
  ├─ ReAct Steps: 0 | Latency: 18.34s (Retrieval: 4.46s | Gen: 13.87s)
  └─ Answer Preview: The direction indicator must be applied at $1.0s \pm 0.5s$ before $T_{\text{steer}}$ in the CCFtap scenario....

[2026-09-04T12:04:07.297738] [SUCCESS] Query #60: "What maximum brake level is applied by the braking robot during an FCW test?"
  ├─ Rephrased: "maximum brake level braking robot applied FCW test"
  ├─ MoE Retrieved Chunks (10): ['c000184', 'c000183', 'c000186', 'c000049', 'c000012', 'c000182']
  ├─ ReAct Steps: 0 | Latency: 7.39s (Retrieval: 3.04s | Gen: 4.35s)
  └─ Answer Preview: The braking robot applies a maximum brake level of $-4\text{ m/s}^2$ - $0.50\text{ m/s}^2$ during an FCW test....

[2026-09-04T12:04:21.996710] [SUCCESS] Query #61: "How long is the stabilization phase following the target acceleration phase in c"
  ├─ Rephrased: "stabilization phase duration crossing scenarios target acceleration phase"
  ├─ MoE Retrieved Chunks (10): ['c000044', 'c000103', 'c000048', 'c000109', 'c000114', 'c000010']
  ├─ ReAct Steps: 0 | Latency: 19.04s (Retrieval: 4.32s | Gen: 14.71s)
  └─ Answer Preview: The stabilization phase following the target acceleration phase in crossing scenarios is 0.5s....

[2026-09-04T12:04:25.946986] [SUCCESS] Query #65: "For the AEB CCRs scenario, up to what maximum test speed must full avoidance be "
  ├─ Rephrased: "maximum test speed for AEB CCRs"
  ├─ MoE Retrieved Chunks (10): ['c000212', 'c000186', 'c000087', 'c000182', 'c000067', 'c000449']
  ├─ ReAct Steps: 0 | Latency: 9.89s (Retrieval: 3.05s | Gen: 6.84s)
  └─ Answer Preview: Up to and including 20 km/h....

[2026-09-04T12:04:25.947485] [SUCCESS] Query #63: "What impact speed tolerance is applied to the verification tests?"
  ├─ Rephrased: "Impact speed tolerance in verification tests"
  ├─ MoE Retrieved Chunks (10): ['c000176', 'c000178', 'c000168', 'c000007', 'c000081', 'c000179']
  ├─ ReAct Steps: 0 | Latency: 14.92s (Retrieval: 2.50s | Gen: 12.42s)
  └─ Answer Preview: A 2 km/h tolerance to the impact speeds of the verification test is applied, with the tolerance applied in both directions....

[2026-09-04T12:04:25.947898] [SUCCESS] Query #66: "What vehicle category should the smaller obstruction vehicle be according to the"
  ├─ Rephrased: "smaller obstruction vehicle Frontal Collisions protocol"
  ├─ MoE Retrieved Chunks (10): ['c000394', 'c000006', 'c000251', 'c000000', 'c000063', 'c000141']
  ├─ ReAct Steps: 0 | Latency: 6.84s (Retrieval: 2.87s | Gen: 3.96s)
  └─ Answer Preview: The smaller obstruction vehicle should be a GVT (Global Vehicle Target) according to the Frontal Collisions protocol....

[2026-09-04T12:04:25.948279] [SUCCESS] Query #64: "If the relative impact speed reduction is evaluated to be within the red colour "
  ├─ Rephrased: "relative impact speed reduction red band"
  ├─ MoE Retrieved Chunks (10): ['c000188', 'c000201', 'c000200', 'c000199', 'c000458', 'c000010']
  ├─ ReAct Steps: 0 | Latency: 12.41s (Retrieval: 2.51s | Gen: 9.91s)
  └─ Answer Preview: A reduction in relative impact speed of more than 0 km/h, as indicated by the red colour band in the FCW TTC criteria....

[2026-09-04T12:04:25.948659] [SUCCESS] Query #62: "At what TTC must steady-state conditions be met for the GVT in the CCCscp scenar"
  ├─ Rephrased: "steady-state conditions GVT CCCscp TTC"
  ├─ MoE Retrieved Chunks (10): ['c000103', 'c000052', 'c000139', 'c000167', 'c000324', 'c000109']
  ├─ ReAct Steps: 0 | Latency: 18.65s (Retrieval: 3.71s | Gen: 14.94s)
  └─ Answer Preview: Steady-state conditions must be met as soon as the GVT has arrived in the field of vision of the VUT, corresponding to [3.5]s TTC....

[2026-09-04T12:04:45.135815] [SUCCESS] Query #67: "What vehicle category should the larger obstruction vehicle be according to the "
  ├─ Rephrased: "Frontal Collisions larger obstruction vehicle"
  ├─ MoE Retrieved Chunks (10): ['c000243', 'c000114', 'c000046', 'c000225', 'c000115', 'c000209']
  ├─ ReAct Steps: 0 | Latency: 23.14s (Retrieval: 3.94s | Gen: 19.20s)
  └─ Answer Preview: The larger obstruction vehicle should be of the category Small SUV....

[2026-09-04T12:04:50.470505] [SUCCESS] Query #70: "What does ELK stand for in the Lane Departure protocol?"
  ├─ Rephrased: "ELK stands for Emergency Lane Keeping in the Lane Departure protocol."
  ├─ MoE Retrieved Chunks (10): ['c000251', 'c000250', 'c000291', 'c000273', 'c000342', 'c000305']
  ├─ ReAct Steps: 0 | Latency: 16.62s (Retrieval: 4.10s | Gen: 12.51s)
  └─ Answer Preview: ELK stands for Emergency Lane Keeping....

[2026-09-04T12:04:50.471516] [SUCCESS] Query #69: "At what specific speed is the Peak Braking Coefficient (PBC) measured using the "
  ├─ Rephrased: "astm reference tyre peak braking coefficient speed"
  ├─ MoE Retrieved Chunks (10): ['c000250', 'c000006', 'c000008', 'c000016', 'c000049', 'c000036']
  ├─ ReAct Steps: 0 | Latency: 19.67s (Retrieval: 3.04s | Gen: 16.63s)
  └─ Answer Preview: The Peak Braking Coefficient (PBC) is measured using the ASTM reference tyre at a speed of 64.4 km/h....

[2026-09-04T12:04:50.471921] [SUCCESS] Query #71: "What does LKA stand for in the Lane Departure protocol?"
  ├─ Rephrased: "Lane Keeping Assist (LKA)"
  ├─ MoE Retrieved Chunks (10): ['c000396', 'c000250', 'c000251', 'c000273', 'c000327', 'c000454']
  ├─ ReAct Steps: 0 | Latency: 12.50s (Retrieval: 2.86s | Gen: 9.64s)
  └─ Answer Preview: Lane Keeping Assist (LKA) stands for the heading correction that is applied automatically by the vehicle in response to the detection of the...

[2026-09-04T12:04:50.472299] [SUCCESS] Query #72: "What does DTLE stand for in the Lane Departure protocol?"
  ├─ Rephrased: "DTLE stands for Distance To Lane Edge in the Lane Departure protocol."
  ├─ MoE Retrieved Chunks (10): ['c000252', 'c000342', 'c000251', 'c000291', 'c000343', 'c000313']
  ├─ ReAct Steps: 0 | Latency: 9.63s (Retrieval: 4.29s | Gen: 5.35s)
  └─ Answer Preview: Distance To Lane Edge (DTLE) stands for the remaining lateral distance (perpendicular to the Lane Edge) between the Lane Edge and most outer...

[2026-09-04T12:04:50.472675] [SUCCESS] Query #68: "According to the Lane Departure protocol, what ASTM method is used to measure th"
  ├─ Rephrased: "Lane Departure protocol, ASTM method for Peak Braking Coefficient (PBC)"
  ├─ MoE Retrieved Chunks (10): ['c000250', 'c000006', 'c000251', 'c000049', 'c000270', 'c000008']
  ├─ ReAct Steps: 0 | Latency: 24.52s (Retrieval: 4.84s | Gen: 19.68s)
  └─ Answer Preview: The Peak Braking Coefficient (PBC) is measured using the American Society for Testing and Materials (ASTM) E1136-10 (2010) standard referenc...

[2026-09-04T12:05:04.610735] [SUCCESS] Query #73: "What is the required measurement accuracy for the VUT heading angle in Lane Depa"
  ├─ Rephrased: "required measurement accuracy VUT heading angle Lane Departure tests"
  ├─ MoE Retrieved Chunks (10): ['c000268', 'c000330', 'c000286', 'c000290', 'c000283', 'c000284']
  ├─ ReAct Steps: 0 | Latency: 19.47s (Retrieval: 5.32s | Gen: 14.15s)
  └─ Answer Preview: The required measurement accuracy for the VUT heading angle in Lane Departure tests is 0.1°....

[2026-09-04T12:05:08.520388] [SUCCESS] Query #76: "What is the minimum length of lane marking that must remain ahead of the vehicle"
  ├─ Rephrased: "Minimum length lane marking remaining ahead after Lane Departure test"
  ├─ MoE Retrieved Chunks (10): ['c000271', 'c000302', 'c000290', 'c000310', 'c000305', 'c000252']
  ├─ ReAct Steps: 0 | Latency: 12.52s (Retrieval: 3.57s | Gen: 8.95s)
  └─ Answer Preview: 20m...

[2026-09-04T12:05:08.520895] [SUCCESS] Query #77: "During tyre conditioning, what is the exact diameter of the circle the vehicle m"
  ├─ Rephrased: "Tyre conditioning circle diameter"
  ├─ MoE Retrieved Chunks (10): ['c000321', 'c000178', 'c000275', 'c000052', 'c000006', 'c000008']
  ├─ ReAct Steps: 0 | Latency: 8.94s (Retrieval: 2.33s | Gen: 6.61s)
  └─ Answer Preview: 30m...

[2026-09-04T12:05:08.521296] [SUCCESS] Query #78: "At what speed must the vehicle drive during the sinusoidal tyre conditioning pas"
  ├─ Rephrased: "Sinusoidal tyre conditioning speed"
  ├─ MoE Retrieved Chunks (10): ['c000321', 'c000275', 'c000178', 'c000007', 'c000008', 'c000010']
  ├─ ReAct Steps: 0 | Latency: 6.60s (Retrieval: 2.68s | Gen: 3.92s)
  └─ Answer Preview: 56km/h...

[2026-09-04T12:05:08.521679] [SUCCESS] Query #74: "What is the specified test lane width when measured from the inside edge of the "
  ├─ Rephrased: "Inside edge lane marking width"
  ├─ MoE Retrieved Chunks (10): ['c000271', 'c000290', 'c000350', 'c000302', 'c000305', 'c000383']
  ├─ ReAct Steps: 0 | Latency: 18.04s (Retrieval: 2.63s | Gen: 15.41s)
  └─ Answer Preview: The test lane width is 3.5 to 3.7 meters when measured from the inside edge of the lane marking....

[2026-09-04T12:05:08.522063] [SUCCESS] Query #75: "What distance must exist between the inner edge of the lane marking and the road"
  ├─ Rephrased: "Lane marking inner edge to road edge distance"
  ├─ MoE Retrieved Chunks (10): ['c000271', 'c000252', 'c000342', 'c000290', 'c000302', 'c000383']
  ├─ ReAct Steps: 0 | Latency: 15.40s (Retrieval: 2.87s | Gen: 12.53s)
  └─ Answer Preview: The inner edge of the lane marking must be at 0.20 to 0.30m from the road edge....

[2026-09-04T12:05:28.992618] [SUCCESS] Query #79: "What frequency is used for the sinusoidal steering input during tyre conditionin"
  ├─ Rephrased: "sinusoidal steering input frequency tyre conditioning"
  ├─ MoE Retrieved Chunks (10): ['c000321', 'c000178', 'c000054', 'c000269', 'c000007', 'c000426']
  ├─ ReAct Steps: 0 | Latency: 24.38s (Retrieval: 3.90s | Gen: 20.48s)
  └─ Answer Preview: The sinusoidal steering input has a frequency of 1Hz....

[2026-09-04T12:05:35.380672] [SUCCESS] Query #82: "At what lateral speed must the Continuous Intervention Driveability testing be c"
  ├─ Rephrased: "Continuous Intervention Driveability testing lateral speed"
  ├─ MoE Retrieved Chunks (10): ['c000284', 'c000282', 'c000336', 'c000338', 'c000285', 'c000330']
  ├─ ReAct Steps: 0 | Latency: 19.46s (Retrieval: 2.68s | Gen: 16.78s)
  └─ Answer Preview: 0.5 m/s...

[2026-09-04T12:05:35.381705] [SUCCESS] Query #84: "For steering response tests >=70km/h at a lateral speed of 0.2m/s, what is the m"
  ├─ Rephrased: "Steering response tests at >=70km/h lateral speed 0.2m/s maximum steering wheel velocity"
  ├─ MoE Retrieved Chunks (10): ['c000336', 'c000283', 'c000284', 'c000268', 'c000330', 'c000286']
  ├─ ReAct Steps: 0 | Latency: 12.11s (Retrieval: 5.71s | Gen: 6.40s)
  └─ Answer Preview: ± 20 °/sec...

[2026-09-04T12:05:35.382116] [SUCCESS] Query #83: "What is the maximum allowed overriding torque during an active lane support syst"
  ├─ Rephrased: "maximum allowed overriding torque during active lane support system intervention Euro NCAP"
  ├─ MoE Retrieved Chunks (10): ['c000336', 'c000337', 'c000339', 'c000338', 'c000281', 'c000279']
  ├─ ReAct Steps: 0 | Latency: 16.77s (Retrieval: 4.65s | Gen: 12.12s)
  └─ Answer Preview: 3.0Nm + [0.5Nm]...

[2026-09-04T12:05:35.382503] [SUCCESS] Query #80: "How many runs must be performed for a system check before actual Lane Departure "
  ├─ Rephrased: "System check runs before lane departure testing"
  ├─ MoE Retrieved Chunks (10): ['c000322', 'c000329', 'c000273', 'c000383', 'c000053', 'c000290']
  ├─ ReAct Steps: 0 | Latency: 26.86s (Retrieval: 2.90s | Gen: 23.96s)
  └─ Answer Preview: Before actual Lane Departure testing begins, a maximum of ten runs must be performed for a system check....

[2026-09-04T12:05:35.382906] [SUCCESS] Query #81: "What is the specific limit value for DTLE in Lane Departure - ELK Road Edge test"
  ├─ Rephrased: "specific limit value for DTLE in Lane Departure - ELK Road Edge tests"
  ├─ MoE Retrieved Chunks (10): ['c000342', 'c000291', 'c000343', 'c000290', 'c000252', 'c000330']
  ├─ ReAct Steps: 0 | Latency: 23.95s (Retrieval: 4.47s | Gen: 19.48s)
  └─ Answer Preview: The limit value for DTLE in Lane Departure - ELK Road Edge tests is set to -0.1m....

[2026-09-04T12:06:00.331771] [SUCCESS] Query #85: "For steering response tests >=70km/h at a lateral speed of 0.6m/s, what is the m"
  ├─ Rephrased: "steering response tests >=70km/h lateral speed 0.6m/s maximum allowed steering wheel veloc"
  ├─ MoE Retrieved Chunks (10): ['c000336', 'c000283', 'c000330', 'c000282', 'c000284', 'c000268']
  ├─ ReAct Steps: 0 | Latency: 31.34s (Retrieval: 6.37s | Gen: 24.96s)
  └─ Answer Preview: ± 40 °/sec...

[2026-09-04T12:06:04.995722] [SUCCESS] Query #89: "In the ELK Car-to-Motorcyclist Oncoming scenario, what is the lateral distance o"
  ├─ Rephrased: "ELK Car-to-Motorcyclist Oncoming scenario lateral distance inner centre dashed lane markin"
  ├─ MoE Retrieved Chunks (10): ['c000305', 'c000297', 'c000310', 'c000302', 'c000327', 'c000344']
  ├─ ReAct Steps: 0 | Latency: 13.12s (Retrieval: 5.02s | Gen: 8.09s)
  └─ Answer Preview: 1m...

[2026-09-04T12:06:04.996222] [SUCCESS] Query #88: "In the ELK Car-to-Car Oncoming scenario, what is the lateral distance of the tar"
  ├─ Rephrased: "ELK Car-to-Car Oncoming scenario lateral distance target path inner centre dashed lane mar"
  ├─ MoE Retrieved Chunks (10): ['c000297', 'c000302', 'c000305', 'c000310', 'c000327', 'c000139']
  ├─ ReAct Steps: 0 | Latency: 17.97s (Retrieval: 4.84s | Gen: 13.13s)
  └─ Answer Preview: 1.5m...

[2026-09-04T12:06:04.996635] [SUCCESS] Query #86: "What lateral velocity range is used for unintentional lane changes in the ELK Ca"
  ├─ Rephrased: "What lateral velocity range is used for unintentional lane changes in the ELK Car-to-Car O"
  ├─ MoE Retrieved Chunks (10): ['c000298', 'c000252', 'c000327', 'c000343', 'c000344', 'c000345']
  ├─ ReAct Steps: 0 | Latency: 29.61s (Retrieval: 5.90s | Gen: 23.71s)
  └─ Answer Preview: 0.3 to 0.6 m/s...

[2026-09-04T12:06:04.997027] [SUCCESS] Query #87: "What lateral velocity range is used for intentional lane changes in the ELK Car-"
  ├─ Rephrased: "What lateral velocity range is used for intentional lane changes in the ELK Car-to-Car Ove"
  ├─ MoE Retrieved Chunks (10): ['c000298', 'c000252', 'c000344', 'c000327', 'c000343', 'c000291']
  ├─ ReAct Steps: 0 | Latency: 23.70s (Retrieval: 5.73s | Gen: 17.98s)
  └─ Answer Preview: 0.5 to 0.7 m/s...

[2026-09-04T12:06:04.997398] [SUCCESS] Query #90: "What is the synchronized impact location for the ELK Car-to-Car Oncoming scenari"
  ├─ Rephrased: "synchronized impact location elk car-to-car oncoming"
  ├─ MoE Retrieved Chunks (10): ['c000297', 'c000305', 'c000344', 'c000310', 'c000302', 'c000314']
  ├─ ReAct Steps: 0 | Latency: 8.08s (Retrieval: 3.41s | Gen: 4.68s)
  └─ Answer Preview: The synchronized impact location for the ELK Car-to-Car Oncoming scenario is 90% of the impact location....

[2026-09-04T12:06:25.242940] [SUCCESS] Query #91: "What is the synchronized impact location for the ELK Car-to-Motorcyclist Oncomin"
  ├─ Rephrased: "synchronized impact location elk car-to-motorcyclist oncoming"
  ├─ MoE Retrieved Chunks (10): ['c000305', 'c000297', 'c000344', 'c000310', 'c000257', 'c000302']
  ├─ ReAct Steps: 0 | Latency: 24.91s (Retrieval: 4.65s | Gen: 20.26s)
  └─ Answer Preview: The synchronized impact location for the ELK Car-to-Motorcyclist Oncoming scenario is 110% of the impact location (assuming no system reacti...

[2026-09-04T12:06:30.305664] [SUCCESS] Query #95: "What percentage of the total available score in the Standard Range must be achie"
  ├─ Rephrased: "Extended Range scoring eligibility requires achieving a percentage of the total available "
  ├─ MoE Retrieved Chunks (10): ['c000354', 'c000213', 'c000351', 'c000208', 'c000357', 'c000207']
  ├─ ReAct Steps: 0 | Latency: 12.43s (Retrieval: 4.65s | Gen: 7.77s)
  └─ Answer Preview: 50%...

[2026-09-04T12:06:30.306175] [SUCCESS] Query #96: "How many maximum points are available specifically for the Driveability assessme"
  ├─ Rephrased: "Driveability maximum points Single Vehicle tests"
  ├─ MoE Retrieved Chunks (10): ['c000335', 'c000279', 'c000280', 'c000281', 'c000334', 'c000163']
  ├─ ReAct Steps: 0 | Latency: 7.76s (Retrieval: 2.69s | Gen: 5.07s)
  └─ Answer Preview: 2 points are available for Driveability within the Single Vehicle tests....

[2026-09-04T12:06:30.306579] [SUCCESS] Query #93: "At what specific TTC is an ELK test assumed to have failed if no system interven"
  ├─ Rephrased: "ELK test failed at 1.5s TTC"
  ├─ MoE Retrieved Chunks (10): ['c000327', 'c000305', 'c000344', 'c000328', 'c000290', 'c000139']
  ├─ ReAct Steps: 0 | Latency: 21.06s (Retrieval: 3.59s | Gen: 17.46s)
  └─ Answer Preview: An ELK test is assumed to have failed if no system intervention is observed at a TTC = 0.8s....

[2026-09-04T12:06:30.306961] [SUCCESS] Query #92: "What is the minimum required lateral separation between the VUT and the EMT to a"
  ├─ Rephrased: "minimum required lateral separation VUT EMT to avoid failing ELK test"
  ├─ MoE Retrieved Chunks (10): ['c000327', 'c000344', 'c000310', 'c000183', 'c000305', 'c000383']
  ├─ ReAct Steps: 0 | Latency: 25.31s (Retrieval: 4.24s | Gen: 21.07s)
  └─ Answer Preview: The minimum required lateral separation between the VUT and the EMT to avoid failing the ELK test is 0.3m....

[2026-09-04T12:06:30.307338] [SUCCESS] Query #94: "How many points are awarded for a PASS (Avoidance) in the ELK Car & PTW Standard"
  ├─ Rephrased: "How many points are awarded for a PASS in the ELK Car & PTW Standard Range tests"
  ├─ MoE Retrieved Chunks (10): ['c000185', 'c000319', 'c000305', 'c000290', 'c000168', 'c000310']
  ├─ ReAct Steps: 0 | Latency: 17.45s (Retrieval: 5.01s | Gen: 12.44s)
  └─ Answer Preview: The exact number of points awarded for a PASS in the ELK Car & PTW Standard Range tests is not specified in the provided document context. H...

[2026-09-04T12:06:40.266941] [SUCCESS] Query #97: "How many maximum points are available specifically for the Driver State Link ass"
  ├─ Rephrased: "Driver State Link, Single Vehicle, maximum points"
  ├─ MoE Retrieved Chunks (10): ['c000335', 'c000279', 'c000280', 'c000339', 'c000341', 'c000334']
  ├─ ReAct Steps: 0 | Latency: 15.02s (Retrieval: 5.05s | Gen: 9.97s)
  └─ Answer Preview: 3 points are available for Driver State Link....

[2026-09-04T12:06:40.780090] [SUCCESS] Query #99: "What does BSM stand for in the Lane Departure protocol?"
  ├─ Rephrased: "Lane Departure (BSM)"
  ├─ MoE Retrieved Chunks (10): ['c000355', 'c000295', 'c000352', 'c000273', 'c000244', 'c000247']
  ├─ ReAct Steps: 0 | Latency: 6.23s (Retrieval: 2.48s | Gen: 3.75s)
  └─ Answer Preview: BSM stands for "Brake System Monitoring."...

[2026-09-04T12:06:41.042394] [SUCCESS] Query #98: "How quickly must the Lane Support sensitivity revert to its nominal setting afte"
  ├─ Rephrased: "Lane Support sensitivity revert speed to nominal setting after Driver Status Monitoring de"
  ├─ MoE Retrieved Chunks (10): ['c000339', 'c000340', 'c000288', 'c000219', 'c000279', 'c000341']
  ├─ ReAct Steps: 0 | Latency: 10.73s (Retrieval: 4.23s | Gen: 6.50s)
  └─ Answer Preview: The Lane Support sensitivity must revert to its nominal setting within <1 second after the DSM system detects its performance is degraded, o...

[2026-09-04T12:06:41.301767] [SUCCESS] Query #100: "How is a Driver Intention Monitoring system defined in the Lane Departure protoc"
  ├─ Rephrased: "Driver Intention Monitoring in Lane Departure protocol"
  ├─ MoE Retrieved Chunks (10): ['c000279', 'c000288', 'c000340', 'c000333', 'c000251', 'c000341']
  ├─ ReAct Steps: 0 | Latency: 4.27s (Retrieval: 3.22s | Gen: 1.05s)
  └─ Answer Preview: A Driver Intention Monitoring (DIM) system is defined as a functionality that allows the vehicle to operate as intended by the manufacturer,...

[2026-09-04T12:38:27.543876] [SUCCESS] Query #1: "What does VUT stand for in the Assisted Driving protocol?"
  ├─ Rephrased: "VUT in Assisted Driving protocol definition"
  ├─ MoE Retrieved Chunks (10): ['c000394', 'c000401', 'c000420', 'c000251', 'c000006', 'c000418']
  ├─ ReAct Steps: 0 | Latency: 24.27s (Retrieval: 3.00s | Gen: 21.27s)
  └─ Answer Preview: VUT stands for Vehicle under test....

[2026-09-04T12:38:31.715555] [SUCCESS] Query #2: "What does GVT stand for in the Assisted Driving protocol?"
  ├─ Rephrased: "GVT Assisted Driving protocol definition"
  ├─ MoE Retrieved Chunks (10): ['c000394', 'c000388', 'c000401', 'c000420', 'c000006', 'c000251']
  ├─ ReAct Steps: 0 | Latency: 25.43s (Retrieval: 2.73s | Gen: 22.70s)
  └─ Answer Preview: GVT stands for Global Vehicle Target....

[2026-09-04T12:38:31.716035] [SUCCESS] Query #3: "In the Assisted Driving Cut-out test, what does SOV stand for?"
  ├─ Rephrased: "Assisted Driving Cut-out test SOV definition"
  ├─ MoE Retrieved Chunks (10): ['c000466', 'c000467', 'c000462', 'c000438', 'c000463', 'c000394']
  ├─ ReAct Steps: 0 | Latency: 22.69s (Retrieval: 3.27s | Gen: 19.42s)
  └─ Answer Preview: SOV stands for Secondary Other Vehicle....

[2026-09-04T12:38:31.716411] [SUCCESS] Query #4: "What is the definition of the Speed Limit Information Function (SLIF)?"
  ├─ Rephrased: "Speed Limit Information Function (SLIF) definition Euro NCAP"
  ├─ MoE Retrieved Chunks (10): ['c000395', 'c000475', 'c000434', 'c000408', 'c000435', 'c000432']
  ├─ ReAct Steps: 0 | Latency: 19.41s (Retrieval: 3.64s | Gen: 15.77s)
  └─ Answer Preview: The Speed Limit Information Function (SLIF) – a function with which the vehicle knows and communicates the speed limit....

[2026-09-04T12:38:31.716787] [SUCCESS] Query #6: "What is the minimum design maximum speed for a Real Motorcycle target used in Bl"
  ├─ Rephrased: "Real Motorcycle VUT Blind-Spot Monitoring Tests design maximum speed minimum"
  ├─ MoE Retrieved Chunks (10): ['c000251', 'c000395', 'c000345', 'c000007', 'c000327', 'c000081']
  ├─ ReAct Steps: 0 | Latency: 13.20s (Retrieval: 4.16s | Gen: 9.04s)
  └─ Answer Preview: The minimum design maximum speed for a Real Motorcycle target used in Blind-Spot Monitoring Tests is 80km/h....

[2026-09-04T12:38:31.717152] [SUCCESS] Query #5: "How is Intelligent Adaptive Cruise Control (iACC) defined?"
  ├─ Rephrased: "iACC definition Euro NCAP"
  ├─ MoE Retrieved Chunks (10): ['c000331', 'c000246', 'c000001', 'c000435', 'c000390', 'c000473']
  ├─ ReAct Steps: 0 | Latency: 15.76s (Retrieval: 2.54s | Gen: 13.21s)
  └─ Answer Preview: Intelligent Adaptive Cruise Control (iACC) is not explicitly defined in the provided document chunks. However, it is mentioned in the contex...

[2026-09-04T12:38:49.050654] [SUCCESS] Query #7: "What is the grading requirement to achieve a "VERY GOOD" score in the Highway an"
  ├─ Rephrased: "Highway Interurban Assist Systems grading requirements VERY GOOD score"
  ├─ MoE Retrieved Chunks (10): ['c000403', 'c000401', 'c000392', 'c000441', 'c000420', 'c000402']
  ├─ ReAct Steps: 0 | Latency: 21.50s (Retrieval: 4.16s | Gen: 17.35s)
  └─ Answer Preview: The grading requirement to achieve a "VERY GOOD" score in the Highway and Interurban Assist Systems grading is ≥ 160 points (≥ 80%)....

[2026-09-04T12:38:56.661315] [SUCCESS] Query #12: "What specific color must be used on the Continuous System Status Indicator to de"
  ├─ Rephrased: "CPFA Assisted Mode Continuous System Status Indicator Color"
  ├─ MoE Retrieved Chunks (10): ['c000412', 'c000410', 'c000404', 'c000411', 'c000413', 'c000201']
  ├─ ReAct Steps: 0 | Latency: 11.06s (Retrieval: 3.44s | Gen: 7.62s)
  └─ Answer Preview: Green must be used for Assisted Mode....

[2026-09-04T12:38:56.662284] [SUCCESS] Query #10: "How many points are awarded if the marketing material correctly describes the sy"
  ├─ Rephrased: "Euro NCAP marketing material system functionality points VUT GVT"
  ├─ MoE Retrieved Chunks (10): ['c000407', 'c000405', 'c000432', 'c000450', 'c000408', 'c000402']
  ├─ ReAct Steps: 0 | Latency: 17.88s (Retrieval: 3.36s | Gen: 14.53s)
  └─ Answer Preview: 5 points are awarded if the marketing material correctly describes the system functionality....

[2026-09-04T12:38:56.662697] [SUCCESS] Query #11: "What is the total point value available for the Continuous System Status Indicat"
  ├─ Rephrased: "Continuous System Status Indicator total point value Euro NCAP"
  ├─ MoE Retrieved Chunks (10): ['c000412', 'c000410', 'c000404', 'c000413', 'c000411', 'c000415']
  ├─ ReAct Steps: 0 | Latency: 14.52s (Retrieval: 3.44s | Gen: 11.07s)
  └─ Answer Preview: The total point value available for the Continuous System Status Indicator is 20 points....

[2026-09-04T12:38:56.663084] [SUCCESS] Query #8: "How many points are awarded if a system name contains the word "assistant", "ass"
  ├─ Rephrased: "Euro NCAP VUT CPFA points system assistant assistance assist"
  ├─ MoE Retrieved Chunks (10): ['c000410', 'c000406', 'c000442', 'c000424', 'c000448', 'c000449']
  ├─ ReAct Steps: 0 | Latency: 24.94s (Retrieval: 4.51s | Gen: 20.43s)
  └─ Answer Preview: 10 points are awarded if a system's name contains the word "assistant", "assistance", or "assist"....

[2026-09-04T12:38:56.663465] [SUCCESS] Query #9: "What words are strictly forbidden from being used in a system name under the Ass"
  ├─ Rephrased: "Assisted Driving protocol system name forbidden words"
  ├─ MoE Retrieved Chunks (10): ['c000406', 'c000420', 'c000418', 'c000401', 'c000409', 'c000408']
  ├─ ReAct Steps: 0 | Latency: 20.42s (Retrieval: 2.52s | Gen: 17.89s)
  └─ Answer Preview: The system name shall not contain the word "auto", "automatic", "automated", any other variation of the term or another term which is deemed...

[2026-09-04T12:39:15.358295] [SUCCESS] Query #13: "What is the recommended decibel range for an additional acoustic indication duri"
  ├─ Rephrased: "SOV acoustic indication decibel range system status change"
  ├─ MoE Retrieved Chunks (10): ['c000413', 'c000410', 'c000414', 'c000411', 'c000412', 'c000444']
  ├─ ReAct Steps: 0 | Latency: 26.31s (Retrieval: 7.60s | Gen: 18.71s)
  └─ Answer Preview: The recommended decibel range for an additional acoustic indication during a system status change is 50~90 dB....

[2026-09-04T12:39:23.599378] [SUCCESS] Query #16: "How many repetitive visual distraction instances lead to a controllable Assisted"
  ├─ Rephrased: "VUT Assisted Mode repetitive visual distraction lock-out threshold"
  ├─ MoE Retrieved Chunks (10): ['c000423', 'c000417', 'c000418', 'c000415', 'c000419', 'c000416']
  ├─ ReAct Steps: 0 | Latency: 18.63s (Retrieval: 3.17s | Gen: 15.47s)
  └─ Answer Preview: 3 repetitive visual distraction instances lead to a controllable Assisted Mode lock-out....

[2026-09-04T12:39:23.599865] [SUCCESS] Query #14: "How many points are awarded for a system that robustly detects if the driver's h"
  ├─ Rephrased: "Euro NCAP VUT Assisted Mode Hand Detection Points"
  ├─ MoE Retrieved Chunks (10): ['c000451', 'c000416', 'c000418', 'c000420', 'c000423', 'c000401']
  ├─ ReAct Steps: 0 | Latency: 26.93s (Retrieval: 4.44s | Gen: 22.50s)
  └─ Answer Preview: 5 points are awarded for systems that can robustly detect whether the driver hands are on the steering wheel during Assisted Mode....

[2026-09-04T12:39:23.600246] [SUCCESS] Query #17: "What is the maximum time window within which repetitive distractions will trigge"
  ├─ Rephrased: "maximum time window Assisted Mode lock-out repetitive distractions Euro NCAP VUT"
  ├─ MoE Retrieved Chunks (10): ['c000423', 'c000418', 'c000415', 'c000416', 'c000417', 'c000081']
  ├─ ReAct Steps: 0 | Latency: 15.46s (Retrieval: 4.35s | Gen: 11.11s)
  └─ Answer Preview: The maximum time window within which repetitive distractions will trigger an Assisted Mode lock-out is 30 minutes....

[2026-09-04T12:39:23.600615] [SUCCESS] Query #18: "What frequency is applied when steering the full sine wave during the Pothole Te"
  ├─ Rephrased: "Pothole Test PBC full sine wave frequency"
  ├─ MoE Retrieved Chunks (10): ['c000427', 'c000426', 'c000425', 'c000430', 'c000470', 'c000042']
  ├─ ReAct Steps: 0 | Latency: 11.10s (Retrieval: 2.85s | Gen: 8.25s)
  └─ Answer Preview: The frequency applied when steering the full sine wave during the Pothole Test is 0.25Hz....

[2026-09-04T12:39:23.600982] [SUCCESS] Query #15: "How soon must Assisted Mode be deactivated if the Driver State Monitoring system"
  ├─ Rephrased: "Assisted Mode Deactivation Time Driver State Monitoring System Blockage Euro NCAP Protocol"
  ├─ MoE Retrieved Chunks (10): ['c000418', 'c000288', 'c000219', 'c000401', 'c000423', 'c000397']
  ├─ ReAct Steps: 0 | Latency: 22.49s (Retrieval: 3.84s | Gen: 18.65s)
  └─ Answer Preview: The Assisted Mode must be deactivated no later than 10 seconds from the point the Driver State Monitoring (DSM) becomes unavailable due to a...

[2026-09-04T12:39:41.009379] [SUCCESS] Query #19: "What is the target Distance To Lane Edge (DTLE) for the steering amplitude in th"
  ├─ Rephrased: "Pothole Test Steering Amplitude Target Distance To Lane Edge (DTLE)"
  ├─ MoE Retrieved Chunks (10): ['c000427', 'c000426', 'c000428', 'c000470', 'c000254', 'c000255']
  ├─ ReAct Steps: 0 | Latency: 25.65s (Retrieval: 8.23s | Gen: 17.42s)
  └─ Answer Preview: The target Distance To Lane Edge (DTLE) for the steering amplitude in the Pothole Test is -50 ± 5 cm....

[2026-09-04T12:39:48.401270] [SUCCESS] Query #20: "What is the target Distance To Lane Edge (DTLE) for the steering amplitude in th"
  ├─ Rephrased: "Partial Lane Change Test DTLE steering amplitude target"
  ├─ MoE Retrieved Chunks (10): ['c000428', 'c000426', 'c000427', 'c000470', 'c000254', 'c000255']
  ├─ ReAct Steps: 0 | Latency: 24.80s (Retrieval: 3.65s | Gen: 21.15s)
  └─ Answer Preview: The target Distance To Lane Edge (DTLE) for the steering amplitude in the Partial Lane Change Test is -50±5 cm....

[2026-09-04T12:39:48.401770] [SUCCESS] Query #22: "How much time does a driver have to confirm an offered lower speed limit for it "
  ├─ Rephrased: "time driver confirm lower speed limit adopted ISO"
  ├─ MoE Retrieved Chunks (10): ['c000434', 'c000475', 'c000435', 'c000432', 'c000455', 'c000456']
  ├─ ReAct Steps: 0 | Latency: 17.47s (Retrieval: 2.53s | Gen: 14.94s)
  └─ Answer Preview: The driver has 1.5 seconds to confirm the offered lower speed limit for it to be considered adopted "in time"....

[2026-09-04T12:39:48.402151] [SUCCESS] Query #21: "How many points are awarded for override response if a vehicle has an absolute o"
  ├─ Rephrased: "Euro NCAP VUT override response points absolute override torque <5Nm"
  ├─ MoE Retrieved Chunks (10): ['c000430', 'c000424', 'c000429', 'c000471', 'c000427', 'c000450']
  ├─ ReAct Steps: 0 | Latency: 21.14s (Retrieval: 3.66s | Gen: 17.48s)
  └─ Answer Preview: 20 points are awarded for the override response if a vehicle has an absolute override torque of <5Nm and meets all specified conditions....

[2026-09-04T12:39:48.402528] [SUCCESS] Query #23: "What Time To Collision (TTC) is used for the Cut-out tests to verify Safety Back"
  ├─ Rephrased: "Time To Collision (TTC) VUT Cut-out tests Safety Backup"
  ├─ MoE Retrieved Chunks (10): ['c000467', 'c000466', 'c000463', 'c000461', 'c000438', 'c000327']
  ├─ ReAct Steps: 0 | Latency: 14.93s (Retrieval: 4.51s | Gen: 10.42s)
  └─ Answer Preview: The Time To Collision (TTC) used for the Cut-out tests to verify Safety Backup is 2.00 seconds....

[2026-09-04T12:39:48.402897] [SUCCESS] Query #24: "What is the total maximum sub-points available for the Car-to-Car Rear Stationar"
  ├─ Rephrased: "CCRs ACC AEB total sub-points evaluation"
  ├─ MoE Retrieved Chunks (10): ['c000460', 'c000464', 'c000468', 'c000465', 'c000351', 'c000274']
  ├─ ReAct Steps: 0 | Latency: 10.41s (Retrieval: 3.00s | Gen: 7.40s)
  └─ Answer Preview: The total maximum sub-points available for the Car-to-Car Rear Stationary (CCRs) test in the ACC/AEB evaluation is 16. This includes 8 point...

[2026-09-04T12:40:08.110855] [SUCCESS] Query #25: "How long must a vehicle be driven with a blocked sensor before attempting an ass"
  ├─ Rephrased: "blocked sensor duration assistance system activation Euro NCAP protocol"
  ├─ MoE Retrieved Chunks (10): ['c000448', 'c000447', 'c000449', 'c000446', 'c000450', 'c000444']
  ├─ ReAct Steps: 0 | Latency: 27.10s (Retrieval: 7.38s | Gen: 19.72s)
  └─ Answer Preview: Drive the VUT up to the minimum speed to activate the assistance system as detailed in the vehicle handbook. If the assistance system can't ...

[2026-09-04T12:40:17.384152] [SUCCESS] Query #26: "How many points are awarded to systems able to successfully provide a warning an"
  ├─ Rephrased: "Euro NCAP VUT microsleep detection warning intervention points"
  ├─ MoE Retrieved Chunks (10): ['c000452', 'c000451', 'c000419', 'c000453', 'c000454', 'c000418']
  ├─ ReAct Steps: 0 | Latency: 28.98s (Retrieval: 5.36s | Gen: 23.62s)
  └─ Answer Preview: 5 points are awarded to systems able to successfully provide a warning and intervention immediately after detecting a microsleep....

[2026-09-04T12:40:17.384663] [SUCCESS] Query #28: "How many points are awarded if an unresponsive driver is detected by indirect se"
  ├─ Rephrased: "Euro NCAP VUT indirect sensing unresponsive driver prolonged steering inactivity points"
  ├─ MoE Retrieved Chunks (10): ['c000454', 'c000451', 'c000398', 'c000455', 'c000452', 'c000415']
  ├─ ReAct Steps: 0 | Latency: 20.32s (Retrieval: 3.52s | Gen: 16.80s)
  └─ Answer Preview: 10 points are awarded if an unresponsive driver is detected by indirect sensing such as prolonged steering inactivity....

[2026-09-04T12:40:17.385052] [SUCCESS] Query #29: "How many bonus points are awarded for an advanced response that changes lanes to"
  ├─ Rephrased: "Euro NCAP VUT bonus points advanced response emergency lane change unresponsive driver"
  ├─ MoE Retrieved Chunks (10): ['c000454', 'c000451', 'c000471', 'c000396', 'c000281', 'c000415']
  ├─ ReAct Steps: 0 | Latency: 16.79s (Retrieval: 3.68s | Gen: 13.11s)
  └─ Answer Preview: An additional 5 points are reserved for a more advanced response in case of an unresponsive driver, which includes changing lanes to an emer...

[2026-09-04T12:40:17.385420] [SUCCESS] Query #30: "To score 5 points in the S-Bend test, an LKA intervention must prevent the vehic"
  ├─ Rephrased: "S-Bend LKA intervention distance threshold 5 points"
  ├─ MoE Retrieved Chunks (10): ['c000470', 'c000327', 'c000336', 'c000383', 'c000330', 'c000252']
  ├─ ReAct Steps: 0 | Latency: 13.10s (Retrieval: 3.82s | Gen: 9.29s)
  └─ Answer Preview: To score 5 points in the S-Bend test, an LKA intervention must prevent the vehicle from crossing the lane marking by more than 0.4m....

[2026-09-04T12:40:17.385781] [SUCCESS] Query #27: "How many points are awarded to systems able to successfully provide a warning an"
  ├─ Rephrased: "Euro NCAP VUT sleep detection warning intervention points"
  ├─ MoE Retrieved Chunks (10): ['c000453', 'c000451', 'c000452', 'c000419', 'c000339', 'c000454']
  ├─ ReAct Steps: 0 | Latency: 23.61s (Retrieval: 3.28s | Gen: 20.33s)
  └─ Answer Preview: 5 points are awarded to systems able to successfully provide a visual + acoustic/haptic warning and increase the ACC time headway (and/or ot...

[2026-09-04T12:40:36.766821] [SUCCESS] Query #31: "How many points are awarded for a successful Car-to-Car intentional lane change "
  ├─ Rephrased: "Euro NCAP Car-to-Car intentional lane change Safety Backup LSS evaluation points VUT"
  ├─ MoE Retrieved Chunks (10): ['c000471', 'c000443', 'c000470', 'c000336', 'c000288', 'c000458']
  ├─ ReAct Steps: 0 | Latency: 28.65s (Retrieval: 9.26s | Gen: 19.39s)
  └─ Answer Preview: 2.5 Points...

[2026-09-04T12:40:44.028471] [SUCCESS] Query #34: "What does PBC stand for in the Frontal Collisions protocol?"
  ├─ Rephrased: "PBC Frontal Collisions protocol definition"
  ├─ MoE Retrieved Chunks (10): ['c000006', 'c000394', 'c000331', 'c000000', 'c000251', 'c000095']
  ├─ ReAct Steps: 0 | Latency: 18.03s (Retrieval: 2.91s | Gen: 15.12s)
  └─ Answer Preview: PBC stands for Peak Braking Coefficient....

[2026-09-04T12:40:44.029034] [SUCCESS] Query #32: "By what maximum percentage can a long distraction warning timing threshold be re"
  ├─ Rephrased: "long distraction warning timing threshold relaxation context-based vehicle response strate"
  ├─ MoE Retrieved Chunks (10): ['c000419', 'c000452', 'c000250', 'c000397', 'c000453', 'c000418']
  ├─ ReAct Steps: 0 | Latency: 26.64s (Retrieval: 4.95s | Gen: 21.68s)
  └─ Answer Preview: A long distraction warning timing threshold can be relaxed by a maximum of 150% under context-based vehicle response strategies....

[2026-09-04T12:40:44.029446] [SUCCESS] Query #35: "Which ISO standard specifies the Euro NCAP Bicyclist Target (EBTa)?"
  ├─ Rephrased: "ISO standard Euro NCAP Bicyclist Target (EBTa) specifications"
  ├─ MoE Retrieved Chunks (10): ['c000394', 'c000006', 'c000251', 'c000008', 'c000109', 'c000103']
  ├─ ReAct Steps: 0 | Latency: 15.11s (Retrieval: 4.35s | Gen: 10.76s)
  └─ Answer Preview: The Euro NCAP Bicyclist Target (EBTa) is specified in ISO 19206-4:2020....

[2026-09-04T12:40:44.029823] [SUCCESS] Query #36: "Which ISO standard specifies the Euro NCAP Pedestrian Target (EPTa)?"
  ├─ Rephrased: "ISO standard EPTa Euro NCAP Pedestrian Target"
  ├─ MoE Retrieved Chunks (10): ['c000394', 'c000006', 'c000251', 'c000038', 'c000008', 'c000109']
  ├─ ReAct Steps: 0 | Latency: 10.75s (Retrieval: 3.48s | Gen: 7.27s)
  └─ Answer Preview: The Euro NCAP Pedestrian Target (EPTa) is specified in ISO 19206-2:2018....

[2026-09-04T12:40:44.030187] [SUCCESS] Query #33: "What defines a Transient driver state?"
  ├─ Rephrased: "Transient driver state definition Euro NCAP VUT GVT"
  ├─ MoE Retrieved Chunks (10): ['c000341', 'c000339', 'c000006', 'c000288', 'c000394', 'c000451']
  ├─ ReAct Steps: 0 | Latency: 21.67s (Retrieval: 3.63s | Gen: 18.05s)
  └─ Answer Preview: Transient driver states are defined as states that build up over time, typically due to fatigue, and may result in a temporary episode of mi...

[2026-09-04T12:41:02.185911] [SUCCESS] Query #37: "How is Vehicle width defined in the Frontal Collisions protocol?"
  ├─ Rephrased: "Vehicle width Frontal Collisions protocol definition"
  ├─ MoE Retrieved Chunks (10): ['c000095', 'c000006', 'c000394', 'c000331', 'c000097', 'c000251']
  ├─ ReAct Steps: 0 | Latency: 25.42s (Retrieval: 7.25s | Gen: 18.17s)
  └─ Answer Preview: **Vehicle width** – the widest point of the vehicle ignoring the rear-view mirrors, side marker lamps, tyre pressure indicators, direction i...

[2026-09-04T12:41:10.081434] [SUCCESS] Query #38: "What does CPFA stand for?"
  ├─ Rephrased: "CPFA Car-to-Pedestrian Farside Adult"
  ├─ MoE Retrieved Chunks (10): ['c000151', 'c000012', 'c000132', 'c000147', 'c000113', 'c000131']
  ├─ ReAct Steps: 0 | Latency: 26.05s (Retrieval: 5.16s | Gen: 20.89s)
  └─ Answer Preview: CPFA stands for **Car-to-Bicyclist Farside Adult**....

[2026-09-04T12:41:10.082458] [SUCCESS] Query #42: "What is the maximum permitted longitudinal slope for the test track surface?"
  ├─ Rephrased: "maximum permitted longitudinal slope test track surface Euro NCAP protocol SLIF"
  ├─ MoE Retrieved Chunks (10): ['c000049', 'c000394', 'c000270', 'c000006', 'c000251', 'c000052']
  ├─ ReAct Steps: 0 | Latency: 11.73s (Retrieval: 3.83s | Gen: 7.91s)
  └─ Answer Preview: The maximum permitted longitudinal slope for the test track surface is ±1%....

[2026-09-04T12:41:10.082852] [SUCCESS] Query #39: "At what frequency must all dynamic data be sampled and recorded?"
  ├─ Rephrased: "DTLE sampling frequency"
  ├─ MoE Retrieved Chunks (10): ['c000426', 'c000427', 'c000048', 'c000042', 'c000342', 'c000264']
  ├─ ReAct Steps: 0 | Latency: 20.88s (Retrieval: 2.37s | Gen: 18.51s)
  └─ Answer Preview: All dynamic data must be sampled and recorded at a frequency of at least 100Hz....

[2026-09-04T12:41:10.083227] [SUCCESS] Query #41: "What type of filter must be applied to acceleration, yaw rate, and steering whee"
  ├─ Rephrased: "acceleration yaw rate steering wheel velocity data filter Euro NCAP"
  ├─ MoE Retrieved Chunks (10): ['c000048', 'c000269', 'c000167', 'c000349', 'c000047', 'c000286']
  ├─ ReAct Steps: 0 | Latency: 15.38s (Retrieval: 3.64s | Gen: 11.74s)
  └─ Answer Preview: A 12-pole phase less Butterworth filter with a cut off frequency of 10Hz must be applied to acceleration, yaw rate, and steering wheel veloc...

[2026-09-04T12:41:10.083598] [SUCCESS] Query #40: "What is the required measurement accuracy for VUT and target speed?"
  ├─ Rephrased: "VUT target speed measurement accuracy Euro NCAP"
  ├─ MoE Retrieved Chunks (10): ['c000251', 'c000081', 'c000010', 'c000103', 'c000314', 'c000285']
  ├─ ReAct Steps: 0 | Latency: 18.50s (Retrieval: 3.11s | Gen: 15.39s)
  └─ Answer Preview: The required measurement accuracy for VUT and target speed is not explicitly stated in the provided document chunks. However, the document d...

[2026-09-04T12:41:26.650742] [SUCCESS] Query #43: "What is the maximum permitted lateral slope for the test track surface?"
  ├─ Rephrased: "maximum permitted lateral slope test track surface Euro NCAP VUT"
  ├─ MoE Retrieved Chunks (10): ['c000049', 'c000270', 'c000288', 'c000081', 'c000338', 'c000321']
  ├─ ReAct Steps: 0 | Latency: 24.46s (Retrieval: 7.88s | Gen: 16.58s)
  └─ Answer Preview: The maximum permitted lateral slope for the test track surface is ±3%....

[2026-09-04T12:41:33.027244] [SUCCESS] Query #46: "What is the minimum horizontal visibility at ground level required for testing?"
  ├─ Rephrased: "minimum horizontal visibility GVT testing ground level"
  ├─ MoE Retrieved Chunks (10): ['c000051', 'c000272', 'c000251', 'c000178', 'c000053', 'c000049']
  ├─ ReAct Steps: 0 | Latency: 16.04s (Retrieval: 2.91s | Gen: 13.12s)
  └─ Answer Preview: The minimum horizontal visibility at ground level required for testing is greater than 1km....

[2026-09-04T12:41:33.027737] [SUCCESS] Query #47: "What is the maximum allowable wind speed during Frontal Collision testing?"
  ├─ Rephrased: "Frontal Collision testing Euro NCAP wind speed limit"
  ├─ MoE Retrieved Chunks (10): ['c000458', 'c000035', 'c000001', 'c000164', 'c000051', 'c000472']
  ├─ ReAct Steps: 0 | Latency: 13.11s (Retrieval: 3.45s | Gen: 9.67s)
  └─ Answer Preview: The maximum allowable wind speed during Frontal Collision testing is below 10 m/s....

[2026-09-04T12:41:33.028113] [SUCCESS] Query #45: "Within what ambient temperature range must Frontal Collision tests be conducted?"
  ├─ Rephrased: "Frontal Collision tests Euro NCAP ambient temperature range"
  ├─ MoE Retrieved Chunks (10): ['c000051', 'c000168', 'c000319', 'c000458', 'c000001', 'c000174']
  ├─ ReAct Steps: 0 | Latency: 19.50s (Retrieval: 3.45s | Gen: 16.05s)
  └─ Answer Preview: The ambient temperature for Frontal Collision tests must be above 5°C and below 40°C....

[2026-09-04T12:41:33.028488] [SUCCESS] Query #48: "What is the minimum ambient illumination required for daylight testing?"
  ├─ Rephrased: "minimum ambient illumination daylight testing Euro NCAP SLIF"
  ├─ MoE Retrieved Chunks (10): ['c000051', 'c000272', 'c000281', 'c000001', 'c000473', 'c000246']
  ├─ ReAct Steps: 0 | Latency: 9.66s (Retrieval: 3.27s | Gen: 6.39s)
  └─ Answer Preview: The minimum ambient illumination required for daylight testing is greater than 2000 lux....

[2026-09-04T12:41:33.028863] [SUCCESS] Query #44: "What is the minimal Peak Braking Coefficient (PBC) required for the test track s"
  ├─ Rephrased: "minimal PBC requirement test track surface"
  ├─ MoE Retrieved Chunks (10): ['c000049', 'c000270', 'c000052', 'c000179', 'c000276', 'c000036']
  ├─ ReAct Steps: 0 | Latency: 22.94s (Retrieval: 3.43s | Gen: 19.51s)
  └─ Answer Preview: The minimal Peak Braking Coefficient (PBC) required for the test track surface is 0.9....

[2026-09-04T12:41:51.606883] [SUCCESS] Query #49: "To what capacity must the fuel tank be filled before measuring the unladen kerb "
  ├─ Rephrased: "fuel tank capacity unladen kerb mass measurement"
  ├─ MoE Retrieved Chunks (10): ['c000055', 'c000274', 'c000276', 'c000056', 'c000178', 'c000029']
  ├─ ReAct Steps: 0 | Latency: 24.95s (Retrieval: 6.36s | Gen: 18.59s)
  └─ Answer Preview: To at least 90% of the tank's capacity of fuel....

[2026-09-04T12:42:00.774206] [SUCCESS] Query #54: "In the CCCscp obstructed scenario, what is the gap distance between parked obscu"
  ├─ Rephrased: "CCCscp obstructed scenario gap distance parked obscuration vehicles"
  ├─ MoE Retrieved Chunks (10): ['c000103', 'c000104', 'c000052', 'c000109', 'c000201', 'c000180']
  ├─ ReAct Steps: 0 | Latency: 12.79s (Retrieval: 3.61s | Gen: 9.18s)
  └─ Answer Preview: The gap distance between parked obscuration vehicles is 1m....

[2026-09-04T12:42:00.774707] [SUCCESS] Query #50: "What is the required interior load mass that is added to the unladen kerb mass f"
  ├─ Rephrased: "interior load mass unladen kerb mass testing protocol Euro NCAP"
  ├─ MoE Retrieved Chunks (10): ['c000055', 'c000274', 'c000276', 'c000056', 'c000251', 'c000313']
  ├─ ReAct Steps: 0 | Latency: 27.74s (Retrieval: 4.81s | Gen: 22.93s)
  └─ Answer Preview: The required interior load mass that is added to the unladen kerb mass for testing is 200 kg....

[2026-09-04T12:42:00.775109] [SUCCESS] Query #51: "What is the Time Headway used for Car-to-Car Rear Braking (CCRb) scenarios?"
  ├─ Rephrased: "Time Headway CCRb scenarios Euro NCAP"
  ├─ MoE Retrieved Chunks (10): ['c000074', 'c000394', 'c000201', 'c000262', 'c000092', 'c000200']
  ├─ ReAct Steps: 0 | Latency: 22.92s (Retrieval: 3.29s | Gen: 19.63s)
  └─ Answer Preview: The Time Headway used for Car-to-Car Rear Braking (CCRb) scenarios is ±0.5 seconds....

[2026-09-04T12:42:00.775505] [SUCCESS] Query #53: "What is the minimum speed from which an AEB Pedestrian system must operate in th"
  ├─ Rephrased: "CPNA-75 AEB Pedestrian minimum speed operation"
  ├─ MoE Retrieved Chunks (10): ['c000186', 'c000147', 'c000144', 'c000183', 'c000117', 'c000134']
  ├─ ReAct Steps: 0 | Latency: 16.47s (Retrieval: 3.67s | Gen: 12.80s)
  └─ Answer Preview: The minimum speed from which an AEB Pedestrian system must operate in the CPNA-75 scenario is 10 km/h....

[2026-09-04T12:42:00.775886] [SUCCESS] Query #52: "What is the target deceleration used for Car-to-Car Rear Braking (CCRb) scenario"
  ├─ Rephrased: "CCRb target deceleration Euro NCAP"
  ├─ MoE Retrieved Chunks (10): ['c000006', 'c000394', 'c000074', 'c000092', 'c000251', 'c000262']
  ├─ ReAct Steps: 0 | Latency: 19.62s (Retrieval: 3.14s | Gen: 16.48s)
  └─ Answer Preview: The target deceleration used for Car-to-Car Rear Braking (CCRb) scenarios is not explicitly stated in the provided chunks. However, the chun...

[2026-09-04T12:42:19.621341] [SUCCESS] Query #55: "What is the starting point (T0) relative to Time To Collision for most Frontal C"
  ├─ Rephrased: "T0 Time To Collision Frontal Collision Test Scenarios Euro NCAP Protocol"
  ├─ MoE Retrieved Chunks (10): ['c000394', 'c000251', 'c000006', 'c000458', 'c000008', 'c000010']
  ├─ ReAct Steps: 0 | Latency: 28.01s (Retrieval: 9.15s | Gen: 18.86s)
  └─ Answer Preview: The starting point (T0) relative to Time To Collision (TTC) for most Frontal Collision test scenarios is not explicitly defined in the provi...

[2026-09-04T12:42:27.311032] [SUCCESS] Query #58: "What is the maximum allowed VUT lateral deviation tolerance for CPTA and CBTA sc"
  ├─ Rephrased: "VUT lateral deviation tolerance CPTA CBTA scenarios Euro NCAP"
  ├─ MoE Retrieved Chunks (10): ['c000197', 'c000200', 'c000199', 'c000180', 'c000324', 'c000196']
  ├─ ReAct Steps: 0 | Latency: 17.88s (Retrieval: 4.00s | Gen: 13.88s)
  └─ Answer Preview: 0 ± 0.1 m for CPTA and CBTA scenarios....

[2026-09-04T12:42:27.311524] [SUCCESS] Query #56: "What is the required VUT Time Error boundary condition for synchronization in th"
  ├─ Rephrased: "VUT Time Error boundary condition synchronization CCCscp scenario"
  ├─ MoE Retrieved Chunks (10): ['c000103', 'c000052', 'c000109', 'c000178', 'c000251', 'c000346']
  ├─ ReAct Steps: 0 | Latency: 26.53s (Retrieval: 5.21s | Gen: 21.32s)
  └─ Answer Preview: The required VUT Time Error boundary condition for synchronization in the CCCscp scenario is ±[0.1]s....

[2026-09-04T12:42:27.311918] [SUCCESS] Query #59: "What is the default delay time for the braking robot reacting to an FCW to accou"
  ├─ Rephrased: "DTLE FCW driver reaction default braking robot"
  ├─ MoE Retrieved Chunks (10): ['c000184', 'c000053', 'c000186', 'c000279', 'c000008', 'c000394']
  ├─ ReAct Steps: 0 | Latency: 13.87s (Retrieval: 3.26s | Gen: 10.61s)
  └─ Answer Preview: The default delay time for the braking robot reacting to an FCW to account for driver reaction is 1.2 seconds....

[2026-09-04T12:42:27.312287] [SUCCESS] Query #57: "When must the direction indicator be applied before T_steer in the CCFtap scenar"
  ├─ Rephrased: "CCFtap T_steer direction indicator timing"
  ├─ MoE Retrieved Chunks (10): ['c000095', 'c000094', 'c000096', 'c000201', 'c000129', 'c000139']
  ├─ ReAct Steps: 0 | Latency: 21.31s (Retrieval: 3.42s | Gen: 17.89s)
  └─ Answer Preview: The direction indicator must be applied at \(1.0s \pm 0.5s\) before \(T_{\text{steer}}\) in the CCFtap scenario....

[2026-09-04T12:42:27.312660] [SUCCESS] Query #60: "What maximum brake level is applied by the braking robot during an FCW test?"
  ├─ Rephrased: "FCW test braking robot maximum brake level"
  ├─ MoE Retrieved Chunks (10): ['c000184', 'c000183', 'c000186', 'c000049', 'c000182', 'c000008']
  ├─ ReAct Steps: 0 | Latency: 10.60s (Retrieval: 2.90s | Gen: 7.70s)
  └─ Answer Preview: The maximum brake level applied by the braking robot during an FCW test is $-4\text{ m/s}^2$ to $-0.50\text{ m/s}^2$....

[2026-09-04T12:42:45.106075] [SUCCESS] Query #61: "How long is the stabilization phase following the target acceleration phase in c"
  ├─ Rephrased: "crossing scenarios target acceleration phase stabilization phase duration"
  ├─ MoE Retrieved Chunks (10): ['c000103', 'c000044', 'c000048', 'c000109', 'c000114', 'c000010']
  ├─ ReAct Steps: 0 | Latency: 25.48s (Retrieval: 7.68s | Gen: 17.81s)
  └─ Answer Preview: The stabilization phase following the target acceleration phase in crossing scenarios is 0.5s....

[2026-09-04T12:42:52.616840] [SUCCESS] Query #63: "What impact speed tolerance is applied to the verification tests?"
  ├─ Rephrased: "VUT impact speed tolerance verification tests"
  ├─ MoE Retrieved Chunks (10): ['c000176', 'c000178', 'c000323', 'c000197', 'c000196', 'c000201']
  ├─ ReAct Steps: 0 | Latency: 20.99s (Retrieval: 2.72s | Gen: 18.27s)
  └─ Answer Preview: A 2 km/h tolerance is applied to the impact speeds of the verification tests....

[2026-09-04T12:42:52.617320] [SUCCESS] Query #66: "What vehicle category should the smaller obstruction vehicle be according to the"
  ├─ Rephrased: "Frontal Collisions protocol VUT smaller obstruction vehicle category"
  ├─ MoE Retrieved Chunks (10): ['c000243', 'c000242', 'c000394', 'c000045', 'c000063', 'c000144']
  ├─ ReAct Steps: 0 | Latency: 10.98s (Retrieval: 3.46s | Gen: 7.52s)
  └─ Answer Preview: The smaller obstruction vehicle should be of the category Small Family Car according to the Frontal Collisions protocol....

[2026-09-04T12:42:52.617700] [SUCCESS] Query #62: "At what TTC must steady-state conditions be met for the GVT in the CCCscp scenar"
  ├─ Rephrased: "GVT TTC steady-state conditions CCCscp"
  ├─ MoE Retrieved Chunks (10): ['c000052', 'c000103', 'c000324', 'c000204', 'c000104', 'c000109']
  ├─ ReAct Steps: 0 | Latency: 25.30s (Retrieval: 4.30s | Gen: 21.00s)
  └─ Answer Preview: Steady-state conditions must be met as soon as the GVT has arrived in the field of vision of the VUT, corresponding to 3.5s TTC....

[2026-09-04T12:42:52.618072] [SUCCESS] Query #65: "For the AEB CCRs scenario, up to what maximum test speed must full avoidance be "
  ├─ Rephrased: "AEB CCRs maximum test speed full avoidance scoringeligible"
  ├─ MoE Retrieved Chunks (10): ['c000186', 'c000212', 'c000183', 'c000210', 'c000184', 'c000067']
  ├─ ReAct Steps: 0 | Latency: 14.80s (Retrieval: 3.81s | Gen: 10.99s)
  └─ Answer Preview: For the AEB CCRs scenario, full avoidance shall be achieved for test speeds up to and including 20 km/h for all impact locations within the ...

[2026-09-04T12:42:52.618433] [SUCCESS] Query #64: "If the relative impact speed reduction is evaluated to be within the red colour "
  ├─ Rephrased: "relative impact speed reduction red color band Euro NCAP indication"
  ├─ MoE Retrieved Chunks (10): ['c000212', 'c000001', 'c000458', 'c000246', 'c000245', 'c000472']
  ├─ ReAct Steps: 0 | Latency: 18.26s (Retrieval: 3.45s | Gen: 14.81s)
  └─ Answer Preview: If the relative impact speed reduction is evaluated to be within the red colour band, it indicates that the system has successfully avoided ...

[2026-09-04T12:43:09.534275] [SUCCESS] Query #67: "What vehicle category should the larger obstruction vehicle be according to the "
  ├─ Rephrased: "Frontal Collisions VUT vehicle category larger obstruction"
  ├─ MoE Retrieved Chunks (10): ['c000243', 'c000114', 'c000115', 'c000134', 'c000094', 'c000209']
  ├─ ReAct Steps: 0 | Latency: 24.43s (Retrieval: 7.50s | Gen: 16.93s)
  └─ Answer Preview: The larger obstruction vehicle should be of the category Small SUV according to the Frontal Collisions protocol....

[2026-09-04T12:43:17.088238] [SUCCESS] Query #71: "What does LKA stand for in the Lane Departure protocol?"
  ├─ Rephrased: "Lane Keeping Assist (LKA) definition in Lane Departure protocol"
  ├─ MoE Retrieved Chunks (10): ['c000251', 'c000250', 'c000273', 'c000331', 'c000394', 'c000339']
  ├─ ReAct Steps: 0 | Latency: 14.47s (Retrieval: 4.00s | Gen: 10.47s)
  └─ Answer Preview: Lane Keeping Assist...

[2026-09-04T12:43:17.088739] [SUCCESS] Query #70: "What does ELK stand for in the Lane Departure protocol?"
  ├─ Rephrased: "Lane Departure protocol ELK definition"
  ├─ MoE Retrieved Chunks (10): ['c000331', 'c000290', 'c000291', 'c000305', 'c000313', 'c000251']
  ├─ ReAct Steps: 0 | Latency: 17.55s (Retrieval: 3.07s | Gen: 14.48s)
  └─ Answer Preview: ELK stands for **Emergency Lane Keeping**....

[2026-09-04T12:43:17.089124] [SUCCESS] Query #72: "What does DTLE stand for in the Lane Departure protocol?"
  ├─ Rephrased: "DTLE Lane Departure Protocol Definition"
  ├─ MoE Retrieved Chunks (10): ['c000331', 'c000343', 'c000342', 'c000251', 'c000427', 'c000313']
  ├─ ReAct Steps: 0 | Latency: 10.46s (Retrieval: 2.90s | Gen: 7.57s)
  └─ Answer Preview: DTLE stands for **Distance To Limit Edge**....

[2026-09-04T12:43:17.089491] [SUCCESS] Query #69: "At what specific speed is the Peak Braking Coefficient (PBC) measured using the "
  ├─ Rephrased: "PBC ASTM reference tyre measurement speed"
  ├─ MoE Retrieved Chunks (10): ['c000250', 'c000036', 'c000383', 'c000251', 'c000277', 'c000029']
  ├─ ReAct Steps: 0 | Latency: 20.46s (Retrieval: 2.90s | Gen: 17.57s)
  └─ Answer Preview: The Peak Braking Coefficient (PBC) is measured using the ASTM reference tyre at a speed of 64.4 km/h....

[2026-09-04T12:43:17.089859] [SUCCESS] Query #68: "According to the Lane Departure protocol, what ASTM method is used to measure th"
  ├─ Rephrased: "Lane Departure protocol ASTM PBC measurement"
  ├─ MoE Retrieved Chunks (10): ['c000250', 'c000313', 'c000246', 'c000271', 'c000330', 'c000286']
  ├─ ReAct Steps: 0 | Latency: 24.47s (Retrieval: 3.99s | Gen: 20.47s)
  └─ Answer Preview: The Peak Braking Coefficient (PBC) is measured using the American Society for Testing and Materials (ASTM) E1136-10 (2010) standard referenc...

[2026-09-04T12:43:32.429557] [SUCCESS] Query #73: "What is the required measurement accuracy for the VUT heading angle in Lane Depa"
  ├─ Rephrased: "VUT heading angle measurement accuracy Lane Departure tests"
  ├─ MoE Retrieved Chunks (10): ['c000330', 'c000268', 'c000286', 'c000283', 'c000291', 'c000290']
  ├─ ReAct Steps: 0 | Latency: 22.89s (Retrieval: 7.54s | Gen: 15.35s)
  └─ Answer Preview: The required measurement accuracy for the VUT heading angle in Lane Departure tests is to 0.1°....

[2026-09-04T12:43:39.961029] [SUCCESS] Query #77: "During tyre conditioning, what is the exact diameter of the circle the vehicle m"
  ├─ Rephrased: "Tyre Conditioning VUT Circle Diameter"
  ├─ MoE Retrieved Chunks (10): ['c000178', 'c000052', 'c000321', 'c000006', 'c000008', 'c000023']
  ├─ ReAct Steps: 0 | Latency: 12.82s (Retrieval: 2.90s | Gen: 9.92s)
  └─ Answer Preview: During tyre conditioning, the vehicle must drive around a circle of exactly 30m in diameter....

[2026-09-04T12:43:39.961524] [SUCCESS] Query #75: "What distance must exist between the inner edge of the lane marking and the road"
  ├─ Rephrased: "lane marking inner edge distance to road edge Euro NCAP"
  ├─ MoE Retrieved Chunks (10): ['c000271', 'c000290', 'c000252', 'c000302', 'c000342', 'c000383']
  ├─ ReAct Steps: 0 | Latency: 19.37s (Retrieval: 3.45s | Gen: 15.92s)
  └─ Answer Preview: The inner edge of the lane marking shall be at 0.20 to 0.30m from the road edge....

[2026-09-04T12:43:39.961913] [SUCCESS] Query #74: "What is the specified test lane width when measured from the inside edge of the "
  ├─ Rephrased: "DTLE lane width inside edge measurement"
  ├─ MoE Retrieved Chunks (10): ['c000271', 'c000342', 'c000290', 'c000350', 'c000252', 'c000343']
  ├─ ReAct Steps: 0 | Latency: 22.87s (Retrieval: 3.48s | Gen: 19.38s)
  └─ Answer Preview: The specified test lane width is 3.5 to 3.7 meters when measured from the inside edge of the lane marking....

[2026-09-04T12:43:39.962291] [SUCCESS] Query #78: "At what speed must the vehicle drive during the sinusoidal tyre conditioning pas"
  ├─ Rephrased: "SLIF speed VUT"
  ├─ MoE Retrieved Chunks (10): ['c000395', 'c000133', 'c000470', 'c000044', 'c000010', 'c000450']
  ├─ ReAct Steps: 0 | Latency: 9.91s (Retrieval: 2.37s | Gen: 7.54s)
  └─ Answer Preview: The document does not provide specific information about sinusoidal tyre conditioning passes or the speeds associated with them. Therefore, ...

[2026-09-04T12:43:39.962663] [SUCCESS] Query #76: "What is the minimum length of lane marking that must remain ahead of the vehicle"
  ├─ Rephrased: "Lane Departure Test SLIF minimum length"
  ├─ MoE Retrieved Chunks (10): ['c000456', 'c000310', 'c000290', 'c000302', 'c000291', 'c000273']
  ├─ ReAct Steps: 0 | Latency: 15.91s (Retrieval: 3.08s | Gen: 12.84s)
  └─ Answer Preview: The document does not explicitly state a minimum length of lane marking that must remain ahead of the vehicle after a Lane Departure test is...

[2026-09-04T12:44:00.359012] [SUCCESS] Query #79: "What frequency is used for the sinusoidal steering input during tyre conditionin"
  ├─ Rephrased: "DTLE sinusoidal steering input frequency Tyre Conditioning"
  ├─ MoE Retrieved Chunks (10): ['c000321', 'c000426', 'c000427', 'c000178', 'c000054', 'c000269']
  ├─ ReAct Steps: 0 | Latency: 27.93s (Retrieval: 7.52s | Gen: 20.41s)
  └─ Answer Preview: The frequency used for the sinusoidal steering input during tyre conditioning is 1Hz....

[2026-09-04T12:44:09.990811] [SUCCESS] Query #80: "How many runs must be performed for a system check before actual Lane Departure "
  ├─ Rephrased: "Lane Departure Testing System Check Runs Protocol"
  ├─ MoE Retrieved Chunks (10): ['c000322', 'c000330', 'c000273', 'c000329', 'c000383', 'c000250']
  ├─ ReAct Steps: 0 | Latency: 30.02s (Retrieval: 4.07s | Gen: 25.96s)
  └─ Answer Preview: Before any testing begins, perform a maximum of ten runs to ensure proper functioning of the system....

[2026-09-04T12:44:09.991392] [SUCCESS] Query #82: "At what lateral speed must the Continuous Intervention Driveability testing be c"
  ├─ Rephrased: "Continuous Intervention Driveability testing lateral speed requirement"
  ├─ MoE Retrieved Chunks (10): ['c000284', 'c000282', 'c000336', 'c000285', 'c000338', 'c000330']
  ├─ ReAct Steps: 0 | Latency: 22.11s (Retrieval: 3.10s | Gen: 19.00s)
  └─ Answer Preview: The Continuous Intervention Driveability testing must be conducted at 0.5 m/s lateral speed....

[2026-09-04T12:44:09.991858] [SUCCESS] Query #81: "What is the specific limit value for DTLE in Lane Departure - ELK Road Edge test"
  ├─ Rephrased: "DTLE limit value Lane Departure ELK Road Edge tests"
  ├─ MoE Retrieved Chunks (10): ['c000342', 'c000343', 'c000291', 'c000290', 'c000250', 'c000286']
  ├─ ReAct Steps: 0 | Latency: 25.95s (Retrieval: 3.83s | Gen: 22.12s)
  └─ Answer Preview: The specific limit value for DTLE in Lane Departure - ELK Road Edge tests is set to -0.1 m....

[2026-09-04T12:44:09.992294] [SUCCESS] Query #83: "What is the maximum allowed overriding torque during an active lane support syst"
  ├─ Rephrased: "Driveability requirement overriding torque active lane support system VUT DTLE"
  ├─ MoE Retrieved Chunks (10): ['c000336', 'c000338', 'c000426', 'c000279', 'c000282', 'c000281']
  ├─ ReAct Steps: 0 | Latency: 18.99s (Retrieval: 3.51s | Gen: 15.48s)
  └─ Answer Preview: The maximum allowed overriding torque during an active lane support system intervention to satisfy the Driveability requirement is 3.0Nm + 0...

[2026-09-04T12:44:09.992736] [SUCCESS] Query #84: "For steering response tests >=70km/h at a lateral speed of 0.2m/s, what is the m"
  ├─ Rephrased: "steering response tests VUT 70km/h lateral speed 0.2m/s maximum steering wheel velocity"
  ├─ MoE Retrieved Chunks (10): ['c000336', 'c000283', 'c000330', 'c000286', 'c000284', 'c000268']
  ├─ ReAct Steps: 0 | Latency: 15.47s (Retrieval: 5.83s | Gen: 9.64s)
  └─ Answer Preview: For steering response tests ≥70km/h at a lateral speed of 0.2m/s, the maximum allowed steering wheel velocity is ±20 °/sec....

[2026-09-04T12:44:32.930764] [SUCCESS] Query #85: "For steering response tests >=70km/h at a lateral speed of 0.6m/s, what is the m"
  ├─ Rephrased: "steering response tests VUT >=70km/h lateral speed 0.6m/s maximum steering wheel velocity"
  ├─ MoE Retrieved Chunks (10): ['c000283', 'c000336', 'c000330', 'c000284', 'c000282', 'c000286']
  ├─ ReAct Steps: 0 | Latency: 32.57s (Retrieval: 9.62s | Gen: 22.95s)
  └─ Answer Preview: For steering response tests ≥70km/h at a lateral speed of 0.6m/s, the maximum allowed steering wheel velocity is ±40 °/sec....

[2026-09-04T12:44:40.424307] [SUCCESS] Query #89: "In the ELK Car-to-Motorcyclist Oncoming scenario, what is the lateral distance o"
  ├─ Rephrased: "ELK Car-to-Motorcyclist Oncoming lateral distance center dashed lane marking"
  ├─ MoE Retrieved Chunks (10): ['c000305', 'c000297', 'c000310', 'c000327', 'c000302', 'c000344']
  ├─ ReAct Steps: 0 | Latency: 15.89s (Retrieval: 4.74s | Gen: 11.15s)
  └─ Answer Preview: The lateral distance of the target's path from the inner side of the centre dashed lane marking is 1m....

[2026-09-04T12:44:40.424796] [SUCCESS] Query #88: "In the ELK Car-to-Car Oncoming scenario, what is the lateral distance of the tar"
  ├─ Rephrased: "ELK Car-to-Car Oncoming lateral distance target path inner side centre dashed lane marking"
  ├─ MoE Retrieved Chunks (10): ['c000302', 'c000297', 'c000305', 'c000310', 'c000327', 'c000344']
  ├─ ReAct Steps: 0 | Latency: 20.83s (Retrieval: 4.93s | Gen: 15.90s)
  └─ Answer Preview: The lateral distance of the target's path from the inner side of the centre dashed lane marking is 1.5m....

[2026-09-04T12:44:40.425183] [SUCCESS] Query #90: "What is the synchronized impact location for the ELK Car-to-Car Oncoming scenari"
  ├─ Rephrased: "ELK Car-to-Car Oncoming synchronized impact location"
  ├─ MoE Retrieved Chunks (10): ['c000297', 'c000305', 'c000344', 'c000310', 'c000302', 'c000029']
  ├─ ReAct Steps: 0 | Latency: 11.14s (Retrieval: 3.63s | Gen: 7.51s)
  └─ Answer Preview: The synchronized impact location for the ELK Car-to-Car Oncoming scenario is at a 90% impact location (assuming no system reaction)....

[2026-09-04T12:44:40.425571] [SUCCESS] Query #87: "What lateral velocity range is used for intentional lane changes in the ELK Car-"
  ├─ Rephrased: "ELK Car-to-Car Overtaking tests lateral velocity range"
  ├─ MoE Retrieved Chunks (10): ['c000298', 'c000344', 'c000310', 'c000287', 'c000302', 'c000318']
  ├─ ReAct Steps: 0 | Latency: 24.84s (Retrieval: 4.00s | Gen: 20.85s)
  └─ Answer Preview: The lateral velocity range used for intentional lane changes in the ELK Car-to-Car Overtaking tests is 0.5 to 0.7 m/s....

[2026-09-04T12:44:40.425953] [SUCCESS] Query #86: "What lateral velocity range is used for unintentional lane changes in the ELK Ca"
  ├─ Rephrased: "ELK Car-to-Car Overtaking tests lateral velocity range unintentional lane changes"
  ├─ MoE Retrieved Chunks (10): ['c000298', 'c000252', 'c000306', 'c000302', 'c000297', 'c000310']
  ├─ ReAct Steps: 0 | Latency: 30.43s (Retrieval: 5.57s | Gen: 24.85s)
  └─ Answer Preview: The lateral velocity range used for unintentional lane changes in the ELK Car-to-Car Overtaking tests is 0.3 to 0.6 m/s....

[2026-09-04T12:44:58.014672] [SUCCESS] Query #91: "What is the synchronized impact location for the ELK Car-to-Motorcyclist Oncomin"
  ├─ Rephrased: "ELK Car-to-Motorcyclist Oncoming synchronized impact location"
  ├─ MoE Retrieved Chunks (10): ['c000305', 'c000297', 'c000344', 'c000310', 'c000302', 'c000111']
  ├─ ReAct Steps: 0 | Latency: 25.08s (Retrieval: 7.48s | Gen: 17.60s)
  └─ Answer Preview: The synchronized impact location for the ELK Car-to-Motorcyclist Oncoming scenario is at a 110% impact location (assuming no system reaction...

[2026-09-04T12:45:04.863177] [SUCCESS] Query #94: "How many points are awarded for a PASS (Avoidance) in the ELK Car & PTW Standard"
  ├─ Rephrased: "ELK Car & PTW Standard Range PASS Avoidance points"
  ├─ MoE Retrieved Chunks (10): ['c000352', 'c000353', 'c000355', 'c000319', 'c000295', 'c000293']
  ├─ ReAct Steps: 0 | Latency: 17.07s (Retrieval: 3.81s | Gen: 13.26s)
  └─ Answer Preview: 1 point...

[2026-09-04T12:45:04.863662] [SUCCESS] Query #95: "What percentage of the total available score in the Standard Range must be achie"
  ├─ Rephrased: "Standard Range Extended Range scoring percentage eligibility Euro NCAP"
  ├─ MoE Retrieved Chunks (10): ['c000354', 'c000168', 'c000209', 'c000351', 'c000316', 'c000332']
  ├─ ReAct Steps: 0 | Latency: 13.25s (Retrieval: 3.29s | Gen: 9.96s)
  └─ Answer Preview: 50% of the total available score in the Standard Range must be achieved to be eligible for Extended Range scoring....

[2026-09-04T12:45:04.864035] [SUCCESS] Query #96: "How many maximum points are available specifically for the Driveability assessme"
  ├─ Rephrased: "Single Vehicle Driveability assessment maximum points VUT"
  ├─ MoE Retrieved Chunks (10): ['c000335', 'c000279', 'c000336', 'c000338', 'c000334', 'c000281']
  ├─ ReAct Steps: 0 | Latency: 9.95s (Retrieval: 3.09s | Gen: 6.86s)
  └─ Answer Preview: The maximum number of points available specifically for the Driveability assessment within the Single Vehicle tests is 3 points....

[2026-09-04T12:45:04.864399] [SUCCESS] Query #93: "At what specific TTC is an ELK test assumed to have failed if no system interven"
  ├─ Rephrased: "ELK test TTC no system intervention assumed failure"
  ├─ MoE Retrieved Chunks (10): ['c000327', 'c000297', 'c000305', 'c000310', 'c000470', 'c000302']
  ├─ ReAct Steps: 0 | Latency: 20.36s (Retrieval: 3.28s | Gen: 17.09s)
  └─ Answer Preview: At a TTC of 0.8s, the ELK system is assumed to have failed to intervene sufficiently to prevent a collision between the VUT and target vehic...

[2026-09-04T12:45:04.864769] [SUCCESS] Query #92: "What is the minimum required lateral separation between the VUT and the EMT to a"
  ├─ Rephrased: "minimum lateral separation VUT EMT ELK test"
  ├─ MoE Retrieved Chunks (10): ['c000344', 'c000310', 'c000327', 'c000305', 'c000183', 'c000302']
  ├─ ReAct Steps: 0 | Latency: 24.43s (Retrieval: 4.06s | Gen: 20.38s)
  └─ Answer Preview: The minimum required lateral separation between the VUT and the EMT to avoid failing the ELK test is greater than 0.3 meters. This applies s...

[2026-09-04T12:45:16.016805] [SUCCESS] Query #97: "How many maximum points are available specifically for the Driver State Link ass"
  ├─ Rephrased: "Single Vehicle Test Driver State Link assessment maximum points"
  ├─ MoE Retrieved Chunks (10): ['c000335', 'c000279', 'c000163', 'c000252', 'c000339', 'c000341']
  ├─ ReAct Steps: 0 | Latency: 18.00s (Retrieval: 6.83s | Gen: 11.17s)
  └─ Answer Preview: 3...

[2026-09-04T12:45:17.928005] [SUCCESS] Query #99: "What does BSM stand for in the Lane Departure protocol?"
  ├─ Rephrased: "Lane Departure BSM definition"
  ├─ MoE Retrieved Chunks (10): ['c000295', 'c000331', 'c000327', 'c000355', 'c000247', 'c000271']
  ├─ ReAct Steps: 0 | Latency: 7.93s (Retrieval: 2.72s | Gen: 5.21s)
  └─ Answer Preview: BSM stands for Blind Spot Monitoring....

[2026-09-04T12:45:18.234856] [SUCCESS] Query #100: "How is a Driver Intention Monitoring system defined in the Lane Departure protoc"
  ├─ Rephrased: "Lane Departure protocol Driver Intention Monitoring definition"
  ├─ MoE Retrieved Chunks (10): ['c000279', 'c000340', 'c000288', 'c000251', 'c000252', 'c000331']
  ├─ ReAct Steps: 0 | Latency: 5.50s (Retrieval: 3.28s | Gen: 2.23s)
  └─ Answer Preview: A Driver Intention Monitoring system is defined as a system that is effective at distinguishing intentional from unintentional lane crossing...

[2026-09-04T12:45:18.320470] [SUCCESS] Query #98: "How quickly must the Lane Support sensitivity revert to its nominal setting afte"
  ├─ Rephrased: "Lane Support sensitivity reversion nominal setting Driver Status Monitoring degraded perfo"
  ├─ MoE Retrieved Chunks (10): ['c000339', 'c000288', 'c000340', 'c000341', 'c000279', 'c000349']
  ├─ ReAct Steps: 0 | Latency: 13.45s (Retrieval: 5.12s | Gen: 8.33s)
  └─ Answer Preview: The Lane Support sensitivity shall be set back to the nominal setting within less than 1 second after the Driver Status Monitoring system de...

